filename,speed,transitions,s1_vibr_rms_mean,s1_vibr_rms_max,s1_vibr_rms_std,s1_vibr_rms_norm_mean,s1_vibr_rms_norm_max,s1_vibr_rms_norm_std,s1_vibr_peak_mean,s1_vibr_peak_max,s1_vibr_peak_std,s1_vibr_crest_mean,s1_vibr_crest_max,s1_vibr_crest_std,s1_vibr_kurt_mean,s1_vibr_kurt_max,s1_vibr_kurt_std,s1_vibr_kurt_norm_mean,s1_vibr_kurt_norm_max,s1_vibr_kurt_norm_std,s1_vibr_band_energy_ratio_mean,s1_vibr_band_energy_ratio_max,s1_vibr_band_energy_ratio_std,s1_vibr_dom_amp_mean,s1_vibr_dom_amp_max,s1_vibr_dom_amp_std,s1_vibr_cwt_energy_cv_mean,s1_vibr_cwt_energy_cv_max,s1_vibr_cwt_energy_cv_std,s1_shoc_rms_mean,s1_shoc_rms_max,s1_shoc_rms_std,s1_shoc_rms_norm_mean,s1_shoc_rms_norm_max,s1_shoc_rms_norm_std,s1_shoc_peak_mean,s1_shoc_peak_max,s1_shoc_peak_std,s1_shoc_crest_mean,s1_shoc_crest_max,s1_shoc_crest_std,s1_shoc_kurt_mean,s1_shoc_kurt_max,s1_shoc_kurt_std,s1_shoc_kurt_norm_mean,s1_shoc_kurt_norm_max,s1_shoc_kurt_norm_std,s1_shoc_band_energy_ratio_mean,s1_shoc_band_energy_ratio_max,s1_shoc_band_energy_ratio_std,s1_shoc_dom_amp_mean,s1_shoc_dom_amp_max,s1_shoc_dom_amp_std,s1_shoc_cwt_energy_cv_mean,s1_shoc_cwt_energy_cv_max,s1_shoc_cwt_energy_cv_std,s2_vibr_rms_mean,s2_vibr_rms_max,s2_vibr_rms_std,s2_vibr_rms_norm_mean,s2_vibr_rms_norm_max,s2_vibr_rms_norm_std,s2_vibr_peak_mean,s2_vibr_peak_max,s2_vibr_peak_std,s2_vibr_crest_mean,s2_vibr_crest_max,s2_vibr_crest_std,s2_vibr_kurt_mean,s2_vibr_kurt_max,s2_vibr_kurt_std,s2_vibr_kurt_norm_mean,s2_vibr_kurt_norm_max,s2_vibr_kurt_norm_std,s2_vibr_band_energy_ratio_mean,s2_vibr_band_energy_ratio_max,s2_vibr_band_energy_ratio_std,s2_vibr_dom_amp_mean,s2_vibr_dom_amp_max,s2_vibr_dom_amp_std,s2_vibr_cwt_energy_cv_mean,s2_vibr_cwt_energy_cv_max,s2_vibr_cwt_energy_cv_std,s2_shoc_rms_mean,s2_shoc_rms_max,s2_shoc_rms_std,s2_shoc_rms_norm_mean,s2_shoc_rms_norm_max,s2_shoc_rms_norm_std,s2_shoc_peak_mean,s2_shoc_peak_max,s2_shoc_peak_std,s2_shoc_crest_mean,s2_shoc_crest_max,s2_shoc_crest_std,s2_shoc_kurt_mean,s2_shoc_kurt_max,s2_shoc_kurt_std,s2_shoc_kurt_norm_mean,s2_shoc_kurt_norm_max,s2_shoc_kurt_norm_std,s2_shoc_band_energy_ratio_mean,s2_shoc_band_energy_ratio_max,s2_shoc_band_energy_ratio_std,s2_shoc_dom_amp_mean,s2_shoc_dom_amp_max,s2_shoc_dom_amp_std,s2_shoc_cwt_energy_cv_mean,s2_shoc_cwt_energy_cv_max,s2_shoc_cwt_energy_cv_std,diff_vibr_rms,ratio_vibr_rms,diff_vibr_rms_norm,ratio_vibr_rms_norm,diff_vibr_peak,ratio_vibr_peak,diff_vibr_crest,ratio_vibr_crest,diff_vibr_kurt,ratio_vibr_kurt,diff_vibr_kurt_norm,ratio_vibr_kurt_norm,diff_vibr_band_energy_ratio,ratio_vibr_band_energy_ratio,diff_vibr_dom_amp,ratio_vibr_dom_amp,diff_vibr_cwt_energy_cv,ratio_vibr_cwt_energy_cv,diff_shoc_rms,ratio_shoc_rms,diff_shoc_rms_norm,ratio_shoc_rms_norm,diff_shoc_peak,ratio_shoc_peak,diff_shoc_crest,ratio_shoc_crest,diff_shoc_kurt,ratio_shoc_kurt,diff_shoc_kurt_norm,ratio_shoc_kurt_norm,diff_shoc_band_energy_ratio,ratio_shoc_band_energy_ratio,diff_shoc_dom_amp,ratio_shoc_dom_amp,diff_shoc_cwt_energy_cv,ratio_shoc_cwt_energy_cv
Train1.csv,1.7505652397503124,118,0.18095298709872332,0.3840411962027764,0.07769635080889484,0.10336831955176554,0.2193812532559787,0.04438357911183982,0.6923675537109375,1.4892578125,0.32429481635213364,3.8429453867914445,7.438583509892086,1.021096069583833,4.03317233757756,22.235118830297328,3.321710773958504,2.303925752663078,12.701679620617154,1.8975075584342622,0.4828546623697606,0.9518595063153191,0.24899419111438806,290.49935386354366,684.1353036002457,154.98585096492212,0.5699934098076568,1.123198693259095,0.18958450005990848,1.159310416607182,3.0295698484385523,0.6815640303634248,0.6622491925936662,1.7306237891886094,0.38933940585992555,6.36138916015625,17.529296875,3.602527066710001,6.358954228428546,21.532343826308367,4.123194692877867,40.72274790913342,227.96296057229057,55.18580301554252,23.262627969776094,130.2224877976016,31.524562331315238,0.17458866739102713,0.5232994672505433,0.1606626518694161,768.9224632330718,1850.5725243634797,511.8425506093903,1.9188862680591516,2.973067913258616,0.6847135661404552,0.16298674798024687,0.31079319715670684,0.0739916855669265,0.0931052121219396,0.1775387686785304,0.042267311087177836,0.634765625,1.33056640625,0.2937306986209952,3.95721168139281,6.554589448476281,0.7377026022920478,3.901383908699764,10.17293171132009,1.3841790591477148,2.228642395102183,5.811226842805973,0.7907040695867716,0.47700632787713826,0.8102124130278191,0.21629023354180615,273.1621207925706,648.6897762099314,167.18295685474445,0.6313050127833046,1.8190195962517408,0.3227923997197824,1.2695629835008169,2.566770905087704,0.5939185266087196,0.7252303168557703,1.4662526404636076,0.3392724321964897,7.273101806640625,12.3779296875,3.549414010437033,6.308552681046226,22.685834357045703,4.59392967888748,47.112739745256235,274.9436248334426,67.78213263579404,26.91287286840909,157.05991332985596,38.72014084174434,0.19489402617308493,0.5390217724615156,0.15466518881023503,985.1786504886554,2755.169657801943,722.2620367280296,1.9128142396912184,2.9957597503258113,0.7899342074788004,0.017966239118476446,1.1102312877649039,0.010263107429825932,1.1102312877649039,0.0576019287109375,1.0907451923076923,-0.11426629460136573,0.9711245432892416,0.13178842887779618,1.0337799180910956,0.07528335756089488,1.0337799180910956,0.005848334492622342,1.0122604966660498,17.33723307097307,1.0634686574429488,-0.06131160297564786,0.902881171962604,-0.11025256689363494,0.9131570719007467,-0.06298112426210412,0.913157071900747,-0.911712646484375,0.8746459666421903,0.05040154738231983,1.0079893994598395,-6.389991836122817,0.864368069641583,-3.6502448986329945,0.8643680696415829,-0.020305358782057803,0.8958133341448615,-216.25618725558365,0.7804903840046482,0.006072028367933191,1.0031743952140975
Train2.csv,13.351768777756622,900,0.7341673182253038,2.433666822092629,0.5491836938168576,0.05498652129509536,0.18227299038813466,0.041131905664197096,5.103302001953125,19.20166015625,4.479348387550493,6.444321519066478,10.701197682532033,1.7929557568002699,8.696118074616729,18.632094607466044,4.405763474485898,0.6513083187228367,1.3954776267925026,0.3299760164979549,0.9171527368925173,0.9796327505304661,0.058549579437746566,1199.9581698707802,3552.252619519717,823.4792893949005,0.9357754918680357,2.148823017933751,0.40539000875271664,1.4089340161981192,3.1800844755438495,0.7706447050707945,0.1055241473732928,0.23817701822710644,0.05771854784922953,9.136199951171875,25.1220703125,5.888903391495475,6.684975788414597,13.253946049530569,2.5960519150512935,27.51532639600177,277.9407522903784,46.52716239735208,2.0608000972755702,20.81677393585588,3.4847190040366787,0.5949589579150711,0.7955452768482574,0.11433155636634786,1980.236099362671,4918.347483830863,1451.6170216741375,1.5662874781925216,2.6630581577360153,0.47188999698142986,0.7580836250687051,2.4437336135763656,0.6055113930128907,0.05677776762668587,0.1830269572708227,0.04535065002186394,5.733489990234375,26.4404296875,5.767544078677973,6.837215178781585,11.022884823875549,2.232265124875837,9.748978705883081,22.385866576498284,5.686648796937807,0.7301638358300805,1.6766217981389864,0.4259097720754032,0.9174823242863064,0.9843554119989238,0.05076882469393142,1309.671481922923,4486.392994542752,1172.1962067079987,0.9402872960124369,2.6652093424782493,0.5168677452480182,1.6469108904674274,2.9183216647557173,0.6574514576156317,0.12334776896459582,0.21857191457790184,0.04924077615176447,10.498046875,27.25830078125,6.173509188279009,6.149614483773782,13.1845117964597,2.6119138655004677,20.115256520766614,65.13677997383003,13.021849139302915,1.5065611796901117,4.8785131811408124,0.9752901923374125,0.5871710879751298,0.7208721058989254,0.11691427470364261,2150.8004987616987,5045.51038808329,1446.6020823946963,1.607239486251304,2.653451574936186,0.5481121926101747,-0.02391630684340129,0.9684516245272627,-0.0017912463315905083,0.9684516245272629,-0.63018798828125,0.890086493679308,-0.3928936597151065,0.9425360107234301,-1.052860631266352,0.8920029817450522,-0.07885551710724381,0.8920029817450523,-0.000329587393789077,0.9996407697619184,-109.71331205214278,0.9162283721020966,-0.004511804144401221,0.9952016748885848,-0.23797687426930825,0.8555010622330844,-0.017823621591303018,0.8555010622330844,-1.361846923828125,0.8702761627906976,0.5353613046408157,1.087056075800102,7.4000698752351575,1.3678834454631719,0.5542389175854585,1.3678834454631714,0.007787869939941294,1.0132633743374488,-170.5643993990277,0.9206972476074706,-0.04095200805878241,0.974520282503575
Train3.csv,17.802358370342162,1200,0.4507153741808731,0.9045373172658663,0.190840166687259,0.02531773402178794,0.050809971266098104,0.010719937365444188,2.7858734130859375,10.1318359375,2.0268445070370524,5.897819949643251,12.21779644789692,1.9699213300911311,7.325851050678093,34.827701991999604,7.588707080232021,0.41151014367189664,1.9563532689028893,0.4262753800571967,0.9042596278408364,0.9691589469579741,0.04822187357759137,686.0583176334201,2694.014750087099,485.84061500967704,0.625202056688928,1.865749150000597,0.38386552157250436,1.44318853393322,2.982812025310944,0.5855106702781843,0.08106726670200616,0.16755150993253565,0.0328895002615842,7.8731536865234375,17.138671875,3.236314677380023,5.7970286816920265,13.192430582054333,2.537827989885904,20.105520193869875,92.48693653114542,18.666603395045982,1.1293739725723455,5.1952069836558294,1.048546659196773,0.6257130268644819,0.7373168252682543,0.1452967687993674,2311.412119660015,4828.273586015387,1302.7812452097353,1.6373586990878581,2.8731105920142834,0.5263165545205201,0.46724919529302283,1.0701833424290534,0.1925559099565028,0.026246477324680564,0.060114694927831884,0.010816314667459526,2.9499053955078125,8.63037109375,1.8558215994750042,6.091989860933197,11.278388714281874,1.82091612937791,6.79665284400094,27.350627325111578,5.659005850965223,0.38178384585964875,1.536348541925566,0.317879560294261,0.9194435011046994,0.9805487012591616,0.04528185119667996,771.5479262771823,3029.5758817191268,563.9765402530898,0.6423322861084599,1.9246834412535587,0.38268563311407405,1.6177419476613566,2.8324956210658945,0.5503173479726683,0.09087233915908768,0.15910788683957122,0.030912609246731566,8.534622192382812,12.39013671875,2.9082453127334786,5.481420375836551,11.626732522298594,1.7983732724914938,16.765300757674815,64.63185618198584,10.62406158182725,0.9417460545904393,3.6305221385532422,0.5967783234566497,0.6077512582116231,0.7188664509412531,0.13620389031537178,2535.6921129629936,4620.187242646859,1338.4560078324535,1.6319729095536706,2.8014284438917247,0.43782858512750406,-0.016533821112149738,0.9646145541207813,-0.0009287433028926234,0.9646145541207813,-0.164031982421875,0.9443941549204707,-0.19416991128994532,0.9681270133860332,0.5291982066771528,1.0778615914073424,0.029726297812247893,1.0778615914073428,-0.015183873263863057,0.983485800654831,-85.48960864376227,0.8891972802567683,-0.017130229419531906,0.9733312028836125,-0.1745534137281366,0.8921005825555337,-0.009805072457081523,0.8921005825555337,-0.661468505859375,0.9224958655522282,0.3156083058554753,1.0575778327907042,3.34021943619506,1.1992340897711586,0.18762791798190626,1.1992340897711589,0.01796176865285881,1.029554473824889,-224.2799933029787,0.9115507785206208,0.005385789534187557,1.0033001709174576
Train4.csv,12.773192130720501,861,0.3838545943981956,0.8093109267512116,0.16328733184431288,0.030051579156552106,0.06336011534695052,0.012783596314314758,2.478790283203125,6.5185546875,1.458928363432161,6.161904929386392,11.621891449173399,2.110648407918395,9.439806711178456,43.21152919708411,8.318482806419576,0.7390327033815611,3.3829859251202437,0.6512454147161062,0.9291056590969995,0.9867018875602198,0.044260380166705374,726.2450354320058,1631.681518921603,382.26072034358543,0.8451069639815776,2.4872332625637865,0.47104113121036983,1.3430514604675532,3.0488185870200404,0.6439409499982077,0.10514610965863513,0.2386888536411661,0.05041347091691205,7.3486328125,16.95556640625,3.0946163472044113,6.082606302208741,14.648576052055127,2.892968773475719,24.852277995350555,133.58938534107102,25.688006697758258,1.9456591383745754,10.458574800560493,2.0110874740525233,0.6162267889917232,0.7425066129490434,0.10367773826946808,2053.3425693566187,4794.612383190152,1336.2769182846405,1.7355989423404212,2.8920876283576162,0.5326678188902465,0.4728718442769444,1.191041815630241,0.2498480909922114,0.037020647574825996,0.09324543179505572,0.01956034861413442,3.2848358154296875,13.818359375,2.991409782377134,6.289436558638097,13.015614653409303,2.3317302426093276,9.654765898498674,50.26581549931706,10.04552386313419,0.7558616358144514,3.9352587031415536,0.7864536726864022,0.9350282972407897,0.9923848605502503,0.0373693673159119,827.6347010122715,2014.6475500115348,464.17235421845754,0.8488745577433732,2.0614398916211663,0.4356522275135865,1.4537966569258653,2.549632954594369,0.5674899384323058,0.11381623654038471,0.19960812680976645,0.0444282002982989,7.976531982421875,16.9677734375,3.7557678983928087,5.412150510342293,8.401416699290074,1.4987019330643718,17.18457472356378,36.71952797144142,8.10621340247492,1.3453625802929534,2.8747338641472524,0.6346270626415191,0.6007499973664233,0.78604552165988,0.14479481950153028,2140.217647522918,4984.711695969172,1317.2839669515206,1.7660220859445634,2.8560717829226663,0.5285283385488534,-0.08901724987874882,0.8117518499861993,-0.00696906841827389,0.8117518499861993,-0.8060455322265625,0.7546161885959819,-0.12753162925170525,0.9797228848621504,-0.21495918732021835,0.9777354324713721,-0.016828932432890298,0.9777354324713717,-0.0059226381437902376,0.9936658193540585,-101.38966558026573,0.8774946658758301,-0.0037675937617955846,0.9955616601682453,-0.11074519645831216,0.9238234618777504,-0.008670126881749576,0.9238234618777506,-0.627899169921875,0.9212816834050693,0.6704557918664475,1.1238797388552382,7.667703271786774,1.446196859400465,0.600296558081622,1.4461968594004653,0.015476791625299913,1.0257624497597124,-86.87507816629932,0.9594082974379506,-0.030423143604142222,0.9827730673097045
Train5.csv,0.0,0,0.07115181601479528,0.12616963340256127,0.028787405117175466,,,,0.229644775390625,0.37841796875,0.0802465795336904,3.7038644295579606,8.797147896037158,1.8736012041947143,17.58001715001889,55.543253807196585,11.430258805451851,,,,0.0,0.0,0.0,0.0,0.0,0.0,1.9009138966760997,2.93139222843138,0.8502064307623779,1.3331840227179033,2.2894807114539444,0.39177243993657584,,,,7.4737548828125,16.88232421875,2.9958828375634203,5.665084644663552,12.773484706228198,2.1491921417425512,23.98174070890328,89.21859572861331,20.838551961713794,,,,0.0,0.0,0.0,0.0,0.0,0.0,1.8951650425948632,2.993392432869388,0.6915673620177736,0.05509809552619185,0.13511650735949152,0.02381040880811903,,,,0.2193450927734375,0.3662109375,0.08071217931813629,4.451545577742192,8.742005578224965,1.989877483056977,14.374846206573924,31.256003614776986,6.435610889786659,,,,0.0,0.0,0.0,0.0,0.0,0.0,1.8642943943647214,2.9293627568038643,0.8044457558275276,1.449386149423659,2.8152391049665697,0.5274249255869048,,,,7.88726806640625,11.87744140625,2.830619706880443,5.591254967360953,10.58616989817521,2.0003733086819264,23.36057349338943,81.00656362557153,20.248053423126805,,,,0.0,0.0,0.0,0.0,0.0,0.0,1.8888287672395654,2.998638685415438,0.6758355456368964,0.016053720488603436,1.2913661594886163,,,0.0102996826171875,1.0469565217391303,-0.7476811481842316,0.8320401004265461,3.2051709434449656,1.222970798948734,,,0.0,,0.0,,0.03661950231137823,1.0196425534626234,-0.1162021267057558,0.9198266612717646,,,-0.41351318359375,0.9475720642290578,0.07382967730259882,1.0132044912517102,0.6211672155138501,1.0265904095072678,,,0.0,,0.0,,0.0063362753552977935,1.0033546054916127
Train6.csv,5.474225198880214,369,0.29870172905306847,0.515921088661813,0.11591505293210715,0.05456511528136798,0.09424549957633233,0.02117469572786634,1.6231536865234375,4.0771484375,0.800267754897106,5.4815407493895645,12.324902816438826,2.00170356854236,8.012201367288487,39.018667221671976,7.222725194470833,1.4636229011783128,7.12770589519289,1.319405930897451,0.8589549733028408,0.9606762129109387,0.08353854555232713,558.4574236507979,1299.0130971500819,287.11313422204324,0.8030673777329402,1.9098911191977184,0.41689615800567126,1.2720498169812338,3.4058629984135806,0.6619581306822333,0.2323707503376805,0.6221634797030766,0.12092270716550733,6.4723968505859375,18.1884765625,3.67570608020498,5.142690272773333,8.749898379778049,1.8305174274778293,21.391736031677034,53.07029023792465,12.055712883143565,3.9077194040268637,9.694575635796003,2.202268347602805,0.47195714415023904,0.537967234094893,0.036350156194368315,1932.3682162194787,4571.614368381023,1336.3373450411707,1.6558837590244342,2.5117101486453466,0.4454679383730898,0.33417407130196725,0.811859694682419,0.14720948280175183,0.061044998910590044,0.1483058634212728,0.026891382333314385,1.8207550048828125,5.31005859375,1.1450198133870897,5.28702426065515,12.18190213360627,1.9399487986020392,7.524077607859726,37.900007573803705,7.846254523478901,1.3744552579603087,6.923355579444627,1.433308685416139,0.8524505828449034,0.9876409630823303,0.10206874267486178,610.8919842703494,1293.587895019133,291.3734481787312,0.6912174206335812,2.1252819359109147,0.4297580964165476,1.4387560091802043,2.6160276575881225,0.532294657089711,0.26282367949979674,0.47788089867461914,0.09723652896095598,7.892608642578125,12.85400390625,3.083903477563823,5.741177789925012,11.038151597738342,2.0108183536881623,29.39365341636615,98.89091301633887,24.86709921964339,5.369463686364018,18.064823682549196,4.542578778953066,0.4850927722380292,0.6229464034259398,0.05246783093777598,2179.7703459630497,5069.572467105715,1426.6591760357276,1.8090217984326384,2.9915608062089762,0.5507595324277972,-0.03547234224889878,0.8938507044825594,-0.006479883629222062,0.8938507044825594,-0.197601318359375,0.8914728682170543,0.19451648873441485,1.036791298686099,0.48812375942876063,1.064874896946685,0.08916764321800419,1.0648748969466848,0.006504390457937381,1.0076302258322472,-52.434560619551576,0.9141672145490999,0.11184995709935908,1.161815882760645,-0.16670619219897054,0.8841317143870983,-0.030452929162116227,0.8841317143870981,-1.4202117919921875,0.8200579990333494,-0.5984875171516792,0.8957552719928055,-8.001917384689115,0.7277671723436151,-1.461744282337154,0.7277671723436149,-0.013135628087790174,0.9729214104197276,-247.4021297435711,0.8865008278501625,-0.15313803940820425,0.9153475986077751
Train7.csv,18.143570239107053,1223,0.4521344143392017,1.2973584916927667,0.25103117949086645,0.02491981502982589,0.07150513788606012,0.01383582041365752,3.4748077392578125,13.85498046875,3.0509972339801283,6.904069314327732,16.17667323206259,3.224717560644237,12.197528113681456,52.006813823565835,11.699624006007022,0.672278275605902,2.866404634710163,0.6448358207244897,0.8333965652728522,0.9441285073344976,0.0947805026321048,741.0224692600086,1854.0720320611333,464.3337304783383,0.8255692903139764,1.982684146288975,0.5876482997382267,1.2984913227381043,2.8438955049703187,0.5936951350471952,0.07156757493843782,0.15674398519650357,0.032722067775146677,7.5199127197265625,22.57080078125,4.242064642373034,5.913187737043726,10.892349621161104,2.1925257780061487,20.774069345311453,45.40944054802868,10.72444544203634,1.1449824412471235,2.502784179166246,0.5910879336703331,0.6503744601186755,0.7614612354827902,0.09126222287674446,1919.9463096515497,4780.449701861656,1214.6226868704337,1.8545828786978038,2.832689299945402,0.5135497908829979,0.46283550366804954,1.2483790676397881,0.2574058528095073,0.02550961566927129,0.0688055906962018,0.014187166550863788,3.5617828369140625,12.79296875,3.3652306886772894,6.805914764335571,13.4781074953177,2.977934836682532,11.20733645345776,68.3013736012949,12.99095579062245,0.6177029275804394,3.7644946777937127,0.7160087909611891,0.8209724199999541,0.9472793983572733,0.11551621986778358,790.6157311424231,1879.9260945977205,471.2307158150994,0.7680264752393602,2.047773476883389,0.5228685243931136,1.4390367181063786,2.456320179113849,0.4929957481822656,0.07931386706926331,0.13538240526770426,0.027171926014850797,8.599472045898438,27.490234375,4.539481267199893,5.897388065071443,11.191633162789664,2.1562742582694483,21.584516915892834,72.31050571967242,13.977079297659513,1.189651024105999,3.9854617788406803,0.7703599188837161,0.6233991480964447,0.6998621281659354,0.0928259465502011,2044.5980579274021,5066.775929369004,1299.7610273120865,1.9229854691137012,2.944051313339225,0.5451017876661243,-0.010701089328847835,0.976879281636694,-0.0005898006394454008,0.9768792816366939,-0.08697509765625,0.9755810217414587,0.09815454999216033,1.014421948171686,0.9901916602236955,1.0883520954631638,0.0545753480254626,1.0883520954631636,0.012424145272898146,1.0151334502478158,-49.59326188241448,0.9372726092728344,0.05754281507461623,1.0749229576450248,-0.14054539536827426,0.9023336975353782,-0.007746292130825491,0.9023336975353781,-1.079559326171875,0.8744621390232001,0.01579967197228349,1.002679096542054,-0.8104475705813812,0.9624523646399219,-0.04466858285887554,0.9624523646399219,0.026975312022230802,1.0432713328284138,-124.65174827585247,0.9390336170023504,-0.06840259041589736,0.9644289613652547
Train8.csv,12.936380415781969,872,0.35372314250038644,0.6322991207841863,0.13749473891797948,0.027343285457874723,0.048877591757645104,0.010628532440978646,2.252197265625,6.1767578125,1.3507467575479126,6.171357481812442,12.448494202169258,2.471829482520315,9.485335458193365,38.459652611077225,8.959681568413412,0.7332294779010644,2.9729840476983567,0.69259570918948,0.9139906109195601,0.9887878561660569,0.06632333035815102,676.7107085705984,1512.3763605965796,346.9200540358097,0.8272663759964649,2.151561928343207,0.5080408114809223,1.2373228412246837,2.183325626514995,0.4771448158241724,0.09564675755168653,0.16877407407186387,0.03688395057106322,6.903076171875,12.890625,2.7433469581676064,5.81877844900276,9.657078768156914,1.5560934629737835,26.399212655990304,94.07634500452276,21.902848845385456,2.040695450157303,7.272230869907988,1.6931203428947315,0.6624851897829606,0.7568570263044663,0.043951152008032665,2036.5887141013852,4242.6758116405035,1262.0132080834521,1.9057853581098372,2.9603480741267942,0.5283885540046565,0.36591821052168017,0.7161849629664907,0.11250819697527288,0.0282859809901131,0.05536208274246234,0.008697038380072412,2.385711669921875,7.33642578125,1.27373124425084,6.3902969654325155,10.449420311208568,2.165494152259661,9.267299137236812,30.943588281800825,7.43416301883296,0.7163749703843747,2.391981936775038,0.5746710269716186,0.9259401969732265,0.9853247952115489,0.04830453896644277,688.2461905820542,1385.7116953794641,298.6131305125111,0.8869750799077134,2.104310666854409,0.4804274714595002,1.3801221588546988,2.271549699521337,0.5445970458704001,0.10668534122349974,0.1755939162665717,0.04209810073349492,7.8533172607421875,15.3076171875,3.3150794491377997,5.964552619166657,13.589665545545728,2.3260850584355457,25.42008540448635,120.15711753647534,22.342234293910526,1.9650075668364435,9.288310460466013,1.7270854424359472,0.6456851156631528,0.7257945656359452,0.047466316181243175,2130.0710608110817,4320.7834124099745,1263.7397872434994,1.911744530197891,2.9552321519984766,0.5522344938626687,-0.01219506802129372,0.9666726944146684,-0.0009426955322383787,0.9666726944146684,-0.133514404296875,0.9440358170770706,-0.21893948362007354,0.9657387622508941,0.21803632095655345,1.0235274935801375,0.01685450751668971,1.0235274935801377,-0.011949586053666361,0.9870946459687916,-11.53548201145577,0.9832393085943562,-0.059708703911248495,0.9326827717443189,-0.14279931763001508,0.8965313927366272,-0.011038583671813207,0.8965313927366272,-0.9502410888671875,0.8790013115072619,-0.1457741701638966,0.9755599154753934,0.9791272515039537,1.0385178584542107,0.0756878833208594,1.038517858454211,0.016800074119807773,1.026018989306503,-93.48234670969646,0.9561130384663784,-0.0059591720880538546,0.9968828617035786
Train9.csv,5.444554601596311,367,0.2649049121010775,0.4380907259988502,0.09631047708931831,0.048655019829061674,0.08046401552670711,0.017689321558292507,1.36260986328125,3.0517578125,0.6859177865734427,5.0668973432034035,9.350881944263314,1.7226323571011781,7.2597484853181475,20.59097604155142,5.601164366103486,1.333396212646969,3.781939487853473,1.0287644767969188,0.8697971148006203,0.9691118755753965,0.09650893500432016,522.3120153659305,1081.8453031632382,239.2637266441386,0.7009177457791089,1.5899312555820382,0.3520080907719179,1.2106595382654795,3.047155763454766,0.6353529943504045,0.22236153861153699,0.5596703470585745,0.11669512767199045,7.054901123046875,17.66357421875,3.3631367158072045,6.2020146061619545,10.788536360265226,1.9673508194432885,26.991551978156053,68.25560946221277,16.686568869099506,4.957531690515564,12.536490944952712,3.0648179860676033,0.4349520050677998,0.5891483809634894,0.05146796657724691,1783.720436855355,4934.197148391896,1231.0255070511312,2.0305625902392044,2.9952296442458723,0.6161005385836855,0.3102120341454949,0.6093494581102588,0.11773178771357753,0.05697656775350231,0.11191906458824036,0.021623768394031587,1.7299652099609375,6.40869140625,1.1045939922845056,5.360909126086591,10.517267753260853,1.764091566737032,7.878737352867484,32.30712325592748,7.537577187611704,1.4470857451879509,5.933841355260764,1.384424941831189,0.874581476010236,0.9764814072621963,0.09933233686309591,611.4400203950618,1296.9601238697087,245.05064107680542,0.7063479628643974,1.604462206090023,0.4159540573375205,1.3358340714120458,2.56942891815724,0.5249099235845719,0.24535231422243192,0.4719263752821762,0.09641007612095055,7.7678680419921875,12.97607421875,2.9255736544988724,6.3971904141016385,19.011462833221454,2.967592117083068,31.325073670813907,112.00123539822026,25.01987482847887,5.753468550325417,20.571239264527197,4.595394235029472,0.4303908560733786,0.5527981637972084,0.05784989922280102,1876.4027603221941,5212.415806429307,1304.9180129863303,2.1358257367006024,2.9933118844648727,0.6257144338503986,-0.04530712204441739,0.8539478902898797,-0.008321547924440634,0.8539478902898795,-0.3673553466796875,0.787651598676957,-0.29401178288318786,0.9451563576311144,-0.6189888675493362,0.9214355245229676,-0.11368953254098191,0.9214355245229676,-0.004784361209615673,0.9945295420256995,-89.12800502913126,0.8542326278028969,-0.005430217085288458,0.9923122634016417,-0.12517453314656635,0.9062948491692158,-0.022990775610894937,0.9062948491692159,-0.7129669189453125,0.9082158817463045,-0.19517580793968392,0.9694903863562591,-4.333521692657854,0.8616596488104841,-0.7959368598098528,0.8616596488104842,0.004561148994421171,1.0105976902856029,-92.68232346683908,0.9506063807692733,-0.105263146461398,0.950715479894906
Train10.csv,8.589637913690092,579,0.23154708355903172,0.4856724129487204,0.08451492495581012,0.026956559273586367,0.05654166308624719,0.009839172012258042,1.1318206787109375,4.65087890625,0.9266406909537608,4.511689628846933,10.436137961939025,1.739001404119551,6.036467965408672,37.708088423903284,8.552614992523862,0.7027616328026819,4.389950869035405,0.995689815852747,0.60759339779078,0.9766916880700723,0.22883129596090315,364.98712766263276,1144.839362959343,210.92552931713416,0.614697350102942,2.276224948431689,0.47260161532951434,1.281947751498946,2.9998475423459365,0.6372305394456452,0.14924351461378696,0.3492402791001009,0.07418596055487188,6.7890167236328125,16.29638671875,3.4209757375722702,5.904743029870234,18.989697003082647,3.1292066131674545,33.09694659520021,194.6739672377464,49.324200305832285,3.8531247682106096,22.663815307916146,5.742290979136594,0.5861198900768457,0.7259805258262381,0.12991084081603374,2199.493124900373,5450.4950690219275,1481.357793685131,1.8511223421898657,2.971003557339598,0.6364694698871514,0.22357225289967897,0.3810057138855571,0.06085875905516066,0.026028134730027606,0.044356434778038016,0.007085136727144748,1.0143280029296875,2.30712890625,0.4855015729633983,4.412466325463899,8.357758822514128,1.4143219457406957,4.560288114360802,19.49130031514788,3.548052798534492,0.5309057448268748,2.2691643711876153,0.4130619746939083,0.6375069030506424,0.9715030968953492,0.19648833107412977,405.3109736447059,1206.3218485179887,236.86943789957712,0.673933454131569,2.6441189897786255,0.48300001896209505,1.393873911681862,2.533675882759111,0.5743439740841422,0.1622738846139623,0.2949688809025302,0.06686474795040634,7.21588134765625,12.7197265625,3.3696488674331544,5.218747283536709,11.078020986451172,2.0243743802440557,47.10773186403611,528.312311992063,100.28613457687976,5.484251180012629,61.505772105951436,11.675245870031908,0.5822395662720804,0.7358552905809258,0.13275625355912288,2290.5197002733476,5598.72122116891,1591.9234196879981,1.786301587187944,2.9785086192584864,0.6515281041654082,0.007974830659352755,1.0356700375646848,0.0009284245435587611,1.0356700375646848,0.11749267578125,1.1158330199323054,0.09922330338303453,1.0224870392348213,1.4761798510478705,1.3237031990148238,0.1718558879758071,1.3237031990148238,-0.02991350525986236,0.9530773625874196,-40.323845982073124,0.9005113391836737,-0.059236104028627,0.9121039270784403,-0.11192616018291601,0.919701373815179,-0.013030370000175345,0.9197013738151789,-0.4268646240234375,0.9408437301755128,0.6859957463335249,1.131448355144078,-14.010785268835903,0.7025799223517215,-1.6311264118020197,0.7025799223517214,0.003880323804765329,1.0066644797597835,-91.02657537297455,0.960259422627052,0.06482075500192175,1.0362876881859377
Train11.csv,0.0,0,0.07136734885179821,0.12818766201386614,0.028803160488314702,,,,0.2201080322265625,0.341796875,0.07783384757752507,3.5275121402944536,8.33541744824233,1.814799438524133,16.993891492847162,49.95987216042163,11.236676217875488,,,,0.0,0.0,0.0,0.0,0.0,0.0,1.8419792994222763,2.8886197996050407,0.8071908405345704,1.4085757216607042,2.898793152429962,0.5142285865793111,,,,7.2254180908203125,16.88232421875,3.40056670478397,5.092773383301083,10.027992758383467,1.755097118232249,15.537976056032191,41.40559365686216,8.405828909880324,,,,0.0,0.0,0.0,0.0,0.0,0.0,1.6715858174290519,2.892490091808201,0.506636651030588,0.05590059566354382,0.13494965524067606,0.024020626022442315,,,,0.2277374267578125,0.3662109375,0.08135149369685206,4.529583769677801,8.842973680915371,2.0374618598267142,15.483212351465498,71.02166371636986,11.35477806197132,,,,0.0,0.0,0.0,0.0,0.0,0.0,1.8600828704607193,2.9198826114577834,0.7981030386274774,1.559692572335654,2.8134192527434334,0.5551044219534743,,,,8.135223388671875,12.4755859375,3.055726998718213,5.175423890739195,11.021073624949883,1.4782065767952624,18.982650099899278,113.15120125953662,18.23664074108085,,,,0.0,0.0,0.0,0.0,0.0,0.0,1.7688711671821777,2.9312407934209563,0.5083197616554966,0.015466753188254391,1.2766831552448232,,,-0.00762939453125,0.966499162479062,-1.0020716293833476,0.7787718076677436,1.5106791413816634,1.0975688447002845,,,0.0,,0.0,,-0.018103571038442956,0.9902673309206063,-0.15111685067494984,0.9031111301321061,,,-0.9098052978515625,0.8881646816093032,-0.08265050743811209,0.9840301955582798,-3.444674043867087,0.818535661473033,,,0.0,,0.0,,-0.09728534975312586,0.9450014497618263
Train12.csv,14.449580877261054,974,0.38049864868875094,0.8673975234833895,0.2018708427693586,0.026332850199657497,0.060029251426135924,0.013970705758465127,2.3082733154296875,8.30078125,1.827983466030428,5.4952602314532415,10.53936115943919,2.14609200869257,6.837129436192853,25.988744054531544,5.71352290703881,0.4731714708038538,1.7985811682212447,0.3954109780464317,0.8522842676788697,0.9822293824541063,0.1744957808370414,630.5862372497415,1393.5923156233832,364.34086389423015,0.5942917756347526,1.7093944904838663,0.34609914464666763,1.2533379141929029,2.976566157000841,0.6758877795911681,0.08673870369245447,0.20599671245032367,0.04677559752994606,6.859588623046875,16.22314453125,3.5837993229741967,6.199285413915842,18.279220928863747,3.1090712133126472,33.214430750667006,163.65332488414407,35.02131843837652,2.2986431947611528,11.325818117097171,2.423690952412931,0.6466411575670871,0.7821230774593544,0.08627695613909989,1794.648703900945,5087.013282794547,1404.2214828130127,1.943413682099175,2.9689667507698587,0.6385750382258035,0.46368367298571345,1.8432592450055834,0.4438731275500906,0.03208976626549777,0.12756489345004288,0.03071875449678978,2.4211883544921875,7.2998046875,1.9158225078236706,5.3454133842051945,9.645467025056021,1.9994934767091403,7.187815646703573,43.95141090500685,7.771119174753192,0.49744111664960877,3.0417083566881926,0.5378093136931335,0.8659599415933568,0.9970548401235204,0.12228578707797844,1026.7215135963665,5890.617985746167,1496.5258131282098,0.6048918820163783,2.3840415526621324,0.4034026786499868,1.4698684665143131,4.0720608172611765,0.7450322565717272,0.10172395164951867,0.28181169072310447,0.05156082123767105,8.276748657226562,16.39404296875,3.734091607785694,6.1816781072732265,14.395927904365784,2.3204249066052887,28.68983378798145,240.15124690593632,39.8779654332415,1.9855132153438388,16.61994551578007,2.759800839344514,0.6419109678823587,0.875378548236357,0.08593486039026874,2043.3116024690155,4051.86909921745,1401.3042395939742,1.8914007905899528,2.9934531607913737,0.6195244225219235,-0.0831850242969625,0.8205996261172528,-0.0057569160658402715,0.8205996261172527,-0.1129150390625,0.9533637939183867,0.14984684724804698,1.0280327893238004,-0.3506862105107196,0.9512110176794046,-0.024269645845754972,0.9512110176794046,-0.013675673914487096,0.9842074982252366,-396.135276346625,0.6141745633058225,-0.010600106381625785,0.9824760313425089,-0.21653055232141027,0.8526871231989235,-0.014985247957064199,0.8526871231989236,-1.4171600341796875,0.828778172097525,0.017607306642615228,1.0028483053205082,4.524596962685557,1.1577073257420185,0.3131299794173139,1.1577073257420187,0.004730189684728381,1.0073689186217414,-248.66289856807043,0.8783039756307354,0.05201289150922217,1.0274996667908756
Train13.csv,0.0,0,0.07099926062282821,0.12653057496354092,0.02896797733076983,,,,0.2162933349609375,0.35400390625,0.07581848767063187,3.566612069044563,9.172484759851379,2.0366833089367713,25.264751700300636,160.69426504564558,35.93239666199719,,,,0.0,0.0,0.0,0.0,0.0,0.0,1.7789077349913622,2.89808169351484,0.8206593815698805,1.2292124977296734,2.289451728772211,0.4713690871655545,,,,6.915283203125,16.30859375,3.3611894852697586,6.188727531891843,23.718472541689447,4.439852567770434,59.50976160957562,450.14095003905044,123.97437898592,,,,0.0,0.0,0.0,0.0,0.0,0.0,1.7058336365150861,2.9523916316014582,0.6078941871453073,0.05459590626055201,0.1352153957366146,0.023968499012794513,,,,0.2201080322265625,0.45166015625,0.09014235377650046,4.673078649806535,13.210652080096226,2.703406594321308,16.220414502946774,95.4819463611905,16.157232221085547,,,,0.0,0.0,0.0,0.0,0.0,0.0,1.707063982916762,2.9132188400814765,0.912913482092032,1.373585338206814,2.814461413549307,0.6027162547717531,,,,7.5138092041015625,11.81640625,3.3413988591705643,6.091951280039154,23.282046284929518,4.504973457874337,59.68045455038015,418.72398660119273,122.28685587529047,,,,0.0,0.0,0.0,0.0,0.0,0.0,1.748543771803506,2.9840835056692723,0.665028597056139,0.016403354362276204,1.3004502624059995,,,-0.003814697265625,0.9826689774696707,-1.106466580761972,0.7632253459274049,9.044337197353862,1.5575897703298995,,,0.0,,0.0,,0.07184375207460025,1.0420861507205166,-0.1443728404771405,0.894893432201587,,,-0.5985260009765625,0.9203431994720008,0.09677625185268823,1.015885920192728,-0.17069294080452835,0.9971398853763683,,,0.0,,0.0,,-0.042710135288419826,0.9755738826919002
Train14.csv,16.31882850614698,1100,0.39373462014951044,0.9147806281018374,0.19381902048907723,0.024127627789041255,0.056056758471189135,0.01187701803570455,2.197265625,6.3720703125,1.3049503392877309,5.534732042048621,9.95201018635219,1.877495916576706,6.163513937174069,22.79915037235313,4.509975419782371,0.3776934070268828,1.3971070511443355,0.27636637140242964,0.9162188534327103,0.9722737962282848,0.04766601869433375,749.8520150092916,2611.291230497617,497.09343480440947,0.7025751308527426,2.2709067586710536,0.44333283061453244,1.2635856513794803,2.760511830626869,0.6164172554293047,0.07743114960142591,0.16916115207577792,0.03777337663650994,6.7935943603515625,16.650390625,3.6657175527905954,5.731435502324615,17.76717178360458,3.1100472106854777,28.47985404345002,125.88886510122408,33.03117905515578,1.7452143720195494,7.714332254536791,2.024114601284865,0.5938305361348416,0.7608088639938693,0.14148105892138277,1801.866798809438,5038.99450983885,1444.4078966670297,1.6337924770868226,2.9550202124519265,0.6035889920867699,0.39917852467135745,1.1792014617582671,0.26349967085674364,0.0244612243165001,0.0722601785608621,0.016146972238692783,2.492523193359375,13.427734375,2.8341128451964397,5.769006064313665,11.387141901078008,2.209851989149771,7.466621056244412,36.41285489906233,8.398949473335662,0.45754638903349487,2.231340006137471,0.5146784568617744,0.9009325673471814,0.97664923506536,0.0607977045387627,693.4793747655979,1889.2992469746669,497.66503041355077,0.739707955523253,2.631685058583161,0.5254743011581742,1.3478019386415785,2.8022452323022886,0.6403817004240583,0.0825918317686768,0.17171852938136695,0.03924189167027763,7.0003509521484375,12.01171875,3.791760860727504,5.379923773606422,16.410122641697228,2.7302649471334175,25.334931677048367,122.66958911250065,28.254465735955392,1.5524969618686293,7.517058535561756,1.7314028225318072,0.5769731939424247,0.7074531389105662,0.14073178578304543,1869.4350756472463,4064.5807166029404,1467.4807003029632,1.657666681058375,2.9949443956625625,0.6351343908917259,-0.0054439045218470095,0.9863622309683895,-0.00033359652745884594,0.9863622309683894,-0.295257568359375,0.8815426997245179,-0.23427402226504412,0.9593909211303775,-1.3031071190703427,0.8254756590358177,-0.07985298200661206,0.8254756590358177,0.015286286085528844,1.0169671811626697,56.372640243693695,1.081289570093917,-0.03713282467051038,0.949800695810763,-0.08421628726209818,0.9375158286632397,-0.00516068216725088,0.9375158286632398,-0.206756591796875,0.9704648248051877,0.3515117287181928,1.0653376782850879,3.1449223664016515,1.1241338404417616,0.19271741015092014,1.1241338404417616,0.016857342192416858,1.0292168550799243,-67.5682768378083,0.963856312680763,-0.023874203971552266,0.9855977053503245
Train15.csv,15.933110741456234,1074,0.4364506209278285,1.28254508647527,0.2789423199703183,0.027392681065865634,0.08049558603381989,0.01750708474300254,2.9422760009765625,15.6005859375,3.1062134928984766,6.291072216621824,12.16377194221999,2.5723185225037266,9.02378302430691,43.71649501408056,9.921610453354782,0.5663541269959294,2.7437514069575224,0.6227039160369244,0.9103636884252481,0.9787117625160612,0.104715296832433,681.4464882372035,2123.1574141814967,465.67727788889414,0.771349577442885,2.3813160244187204,0.5467627080539482,1.256162792263135,2.0569441952595406,0.4849331083875499,0.07883977037796738,0.12909871955559776,0.030435557516449458,7.4604034423828125,16.1376953125,3.100327772934417,6.571360544954525,18.274465365700365,2.915862767491913,39.83317419598619,191.53615316297046,49.89628099129913,2.5000249381525084,12.021265418347596,3.1316095018077283,0.6471175048154179,0.7910344059872761,0.06766640813695551,1834.4609041533042,4148.743039252478,1228.6289185258559,2.03649605455815,2.993194096135244,0.6152764698949086,0.4067073739972358,0.8931087193963931,0.16489188934589405,0.025525924007985902,0.05605363157820906,0.010349007925794624,2.33917236328125,5.96923828125,1.1887869809567773,5.761050651118216,9.68084645330775,1.7179374091778001,6.245887723092604,22.4796701629858,4.185429309492196,0.392006797946962,1.410877670265363,0.26268751767363047,0.9459448264338074,0.9866316151071497,0.030500401878297643,700.7648400102063,1810.6412995576447,339.9071697009689,0.7853414868612454,1.6566099575604611,0.4245004833855735,1.345322134881497,2.703346764282344,0.5278440108294798,0.08443562319447855,0.16966848521604305,0.03312874801378783,7.927703857421875,14.75830078125,3.1395868818914154,6.353089334207139,20.895290036092636,3.257418721703079,40.30969932905907,279.36176675463446,58.36204742668469,2.529932791101338,17.533410222761166,3.6629411778851786,0.6403727892018289,0.7254156640396423,0.07041872306260473,1822.663986174467,3966.9916969276564,1201.5257389787696,2.0096218172192537,2.9982959211389737,0.6241376969358341,0.029743246930592715,1.073131811302725,0.0018667570578797324,1.0731318113027253,0.6031036376953125,1.2578277886497065,0.530021565503608,1.092000851511474,2.777895301214306,1.4447558816889605,0.17434732904896733,1.4447558816889605,-0.03558113800855933,0.9623856095891983,-19.318351773002746,0.9724324756751189,-0.013991909418360371,0.982183661945224,-0.08915934261836189,0.933726398825501,-0.005595852816511163,0.9337263988255008,-0.4673004150390625,0.9410547589259937,0.2182712107473863,1.034356704158423,-0.476525133072883,0.9881784002112525,-0.029907852948829472,0.9881784002112523,0.006744715613588914,1.010532483152502,11.7969179788372,1.006472349302077,0.02687423733889638,1.0133727834305077
Train16.csv,2.314306588144481,156,0.23269256430933763,0.45404739877224326,0.09128265107652778,0.10054526288839773,0.19619155089398957,0.039442765078811184,0.9731292724609375,2.03857421875,0.4482785458975993,4.1851422044001785,8.245321222034475,1.262022098915122,4.6606912232886355,16.8386611453685,3.158537382759623,2.0138607594879607,7.275899066972397,1.3647877938644304,0.6388598235216516,0.8900902879383148,0.19384774041678177,443.80379195949416,1158.3685906738554,245.23448470987174,0.61718415685113,1.4739063885707904,0.29670823907411914,1.229036022516036,2.509596172505022,0.6125614226770755,0.5310601580672283,1.0843836272000231,0.2646846471487613,7.39288330078125,17.431640625,3.211655408303769,7.663542305439977,36.02706847060928,6.678143692228437,75.86966201471768,921.7016780366398,194.588206303875,32.78289160277029,398.2625650197987,84.08056534112369,0.36271525649330766,0.5230799677331431,0.04948460769235897,1940.5038198226596,4226.92514012616,1221.7536209437626,1.978307346209457,2.9666398591747143,0.5364396677332945,0.2257313617120429,0.4932556369476795,0.09996500147809727,0.0975373629701436,0.21313322939773172,0.043194364130573225,1.0684967041015625,2.5146484375,0.5771856310118527,4.744900990870375,8.472095452704023,1.4121033796787006,5.781238668434068,20.620672261481896,4.64128832631787,2.498043560023409,8.910086661428352,2.0054768672801777,0.6759895813551773,0.8927789592468547,0.1355284176891705,426.27549611881955,1139.7911733790977,236.9291981642607,0.657171761967258,1.8633083234577636,0.30505862996934446,1.3464784045446327,2.314300889428721,0.5268360535549759,0.5818064086419016,0.9999975376141653,0.2276431550831699,7.342529296875,11.63330078125,2.960525967224279,5.768772097899264,11.974727001967645,2.037630355310047,64.27576233831238,844.4261406369567,166.45025276343867,27.773227051065053,364.8722018779647,71.92230001682356,0.3601875941831808,0.5463062541055413,0.04959966173837004,2031.8292740234351,4829.790011338173,1284.6348209349458,2.0070672200691946,2.976006763931643,0.4939169504735584,0.006961202597294741,1.0308384379755564,0.00300789991825412,1.0308384379755566,-0.095367431640625,0.9107461620849696,-0.559758786470197,0.8820294063991589,-1.1205474451454327,0.8061751971487195,-0.48418280053544827,0.8061751971487194,-0.03712975783352568,0.9450734761930938,17.528295840674616,1.0411196421100142,-0.03998760511612798,0.9391519729995333,-0.1174423820285968,0.9127781168771772,-0.0507462505746733,0.912778116877177,0.05035400390625,1.006857855361596,1.894770207540713,1.3284529489786407,11.5938996764053,1.1803774744106708,5.009664551705239,1.180377474410671,0.0025276623101268547,1.0070176273446036,-91.32545420077554,0.9550525945420933,-0.02875987385973766,0.9856706972381591
Train17.csv,14.108369008496162,951,0.48627428320918065,1.0049980253228672,0.2125108984475741,0.034467079994600566,0.07123417488709362,0.015062754477119113,3.1734466552734375,7.80029296875,1.7121924789628156,6.403973858648943,11.235199784953098,1.8331037433511097,7.8325177190951925,27.99618585939366,5.122920674999034,0.5551681923245979,1.984367281755542,0.36311218340787477,0.9118432786569615,0.9728303428530082,0.050877962477256226,753.2507679923201,1874.0789678269884,403.17658684764086,0.8076168954992955,1.5031881049374847,0.2482051478098497,1.5520354396778044,2.532423774521995,0.4897505150552307,0.11000814046918941,0.17949798258019414,0.03471347501332715,8.36334228515625,13.78173828125,2.231815294941603,5.695364032775856,9.661514944980677,1.4903777607227564,14.173407323729263,50.19425380175691,8.62956087597075,1.0046099102733939,3.557764456793664,0.6116625437549845,0.6383314053367086,0.7112287716645855,0.06427568274784548,2359.990860146433,3564.9627414902966,873.5107343369227,1.633087580539574,2.9786188859393894,0.4451634801515307,0.537821870998409,0.8432639276048173,0.1733244166156547,0.03812076864976587,0.059770475743652414,0.012285219964921351,3.3832550048828125,8.8134765625,1.6364085117799747,6.148035134621846,12.926425761464515,1.8130150481343155,8.244197778667854,39.62001862157229,6.858196895567994,0.5843480400677881,2.8082635631172415,0.4861084149016756,0.9350074408650392,0.9754950208274913,0.03408068246800778,931.1346095775514,1538.2640696316018,356.55904756082884,0.8179222704451574,1.4645499971489961,0.31061827738305736,1.7529653620779069,3.678181028060896,0.5575368598612759,0.12425003634525425,0.260709159637508,0.039518165390026526,9.408187866210938,17.68798828125,2.6112335618340077,5.5116690183885515,8.177311500010486,0.9220411420269409,14.61293302728618,48.714839865737346,9.065728615352034,1.0357634549029846,3.4529037223509618,0.6425780761683075,0.6173788166370963,0.713835811759,0.06775082754583141,2462.2798464702073,3753.3377341262767,949.0500928193626,1.5797650513994208,2.7696322866553413,0.49942675529394115,-0.0515475877892283,0.9041549059848836,-0.003653688655165306,0.9041549059848838,-0.209808349609375,0.9379862442214455,0.2559387240270965,1.0416293528619918,-0.4116800595726611,0.9500642669396048,-0.029179847743190157,0.9500642669396049,-0.02316416220807771,0.9752256921221429,-177.88384158523127,0.8089601226766387,-0.010305374945861923,0.9874005448705374,-0.20092992240010243,0.8853771290940246,-0.014241895876064836,0.8853771290940246,-1.0448455810546875,0.8889429509791996,0.18369501438730484,1.0333283827048476,-0.43952570355691734,0.9699221434371725,-0.031153544629590746,0.9699221434371724,0.020952588699612362,1.0339379780047242,-102.28898632377422,0.9584576113594845,0.05332252914015312,1.0337534553590217
Train18.csv,15.250687003926451,1028,0.33600968764123595,0.8339500956224178,0.15863382255947595,0.022032429591842435,0.05468278874307161,0.01040174927979533,1.873779296875,5.18798828125,1.0659288099142163,5.516034328553243,10.815798526655346,1.8105775651657958,5.201520307688891,14.14589775214781,2.5666068390093733,0.3410679339461694,0.9275580666304278,0.16829450623100278,0.9272080888039421,0.9802801549376904,0.05303748026751348,593.0033511300579,1524.731811422401,360.077940539262,0.579719715582744,2.034619928947031,0.36030447506251034,1.403566243992707,2.8791466538818975,0.6183272929563993,0.09203298471939945,0.18878799710076213,0.040544225502576005,7.35321044921875,16.357421875,3.3743358721348398,5.279280837755029,8.344761568650329,1.452524367344491,18.09985254717916,66.2723406536278,11.32038843961026,1.1868221111953294,4.345531492224926,0.7422871137999033,0.67530647334114,0.739644337593733,0.04142426491180121,2316.368828357198,4926.208056115849,1228.4043621622284,1.7913276995698797,2.9700186179908767,0.5062434919847156,0.340620126803761,0.8551175777139393,0.17311819194716396,0.022334739852444992,0.056070757828403414,0.011351501207951671,1.8260955810546875,4.345703125,0.9957238958726338,5.4269638773218505,8.333592286706493,1.3093022308973934,4.663703512540968,8.201573837624093,1.6562755366685564,0.3058028475268195,0.5377838936378742,0.10860333939330934,0.9297717420622922,0.9785632836926355,0.03999905331794298,621.0579473295204,1876.9697246929572,408.4545176773794,0.51207361723829,1.120698080108174,0.2368227006860231,1.5100597040350794,2.7109831275727982,0.48107271204947144,0.0990158478530376,0.17776137736449688,0.0315443305554441,7.9601287841796875,13.8916015625,3.0458306689595305,5.208393402128859,8.638862386902861,1.5199231078815882,15.914706228121501,40.55935209268875,7.012974004211128,1.0435402827442521,2.6595098359992773,0.4598464319938874,0.662901696893972,0.7410736323238726,0.03819507015049783,2441.4454377264583,5121.48549499049,1164.148165659191,1.7257966513844543,2.9984412767240274,0.5509834367243096,-0.004610439162525071,0.9864645721150199,-0.000302310260602557,0.98646457211502,0.0476837158203125,1.0261123877167329,0.08907045123139223,1.0164125749212372,0.5378167951479229,1.1153196796712532,0.03526508641934989,1.1153196796712532,-0.0025636532583500626,0.997242706846883,-28.05459619946248,0.9548277317437219,0.06764609834445401,1.1321022916768926,-0.10649346004237237,0.9294773181763557,-0.006982863133638148,0.9294773181763557,-0.6069183349609375,0.9237552115780898,0.07088743562616973,1.0136102306705932,2.18514631905766,1.1373035912655727,0.1432818284510773,1.137303591265573,0.012404776447167976,1.0187128446122413,-125.0766093692605,0.9487694431190176,0.06553104818542543,1.0379714771916237
Train19.csv,0.4895648551844094,33,0.07011061133673938,0.12240134558202963,0.029934468263753396,,,,0.202178955078125,0.439453125,0.09793896283875123,3.156803494258816,8.797670772007615,1.7656602569151332,12.882578699165585,41.65263319242629,9.138319872417906,,,,0.021701511069470592,0.042374075664517535,0.011671700773364223,9.096961906466804,17.027205930157482,5.558785788934398,1.5120366380084,2.8391869723543697,0.9238638170410018,1.2002475253005613,2.316293784462135,0.5845778428068468,,,,6.146240234375,15.8935546875,3.5088964817964157,5.065239816057391,9.446177671292713,1.9102185439775987,21.200697562723686,100.36654938432066,21.01852872573907,,,,0.18351878713616726,0.39671922475579163,0.07081138578479343,1826.1437446243058,3584.678346159577,1099.0867957860305,1.7669011520283067,2.9912819548611553,0.7275000722201317,0.05277866728417594,0.13031204543731958,0.0263197429678975,,,,0.1995086669921875,0.32958984375,0.08645740162273674,4.293889304253634,10.579249964025072,2.1741144687325207,14.569137598563952,44.149811092968996,10.3240449820957,,,,0.026847353377289628,0.10469908172915514,0.01947227980846766,10.45674839127641,21.955749273206987,6.531045178918659,1.6519190498558858,2.8923533834323583,0.9570700890473486,1.343007943343792,2.0825396126497813,0.46670769908328075,,,,6.9377899169921875,12.3779296875,3.6828617951630225,4.917735181032524,11.852093456948637,2.461439511635603,18.79860453260504,66.99227906853099,16.271600222110692,,,,0.20646881672426165,0.577708755030095,0.10854614110341379,1891.474519766004,3492.5683958896425,1203.922514063686,1.6713861670242967,2.9984833435578024,0.6876730758651798,0.017331944052563435,1.3283891948093938,,,0.0026702880859375,1.0133843212237095,-1.1370858099948178,0.7351851132099767,-1.6865588993983671,0.8842375612153868,,,-0.005145842307819035,0.808329624320737,-1.3597864848096055,0.8699608679554713,-0.13988241184748573,0.9153212671894007,-0.1427604180432307,0.8937009875847876,,,-0.7915496826171875,0.885907516357838,0.147504635024867,1.0299944241800139,2.402093030118646,1.127780390611035,,,-0.02295002958809439,0.8888450568361417,-65.33077514169827,0.9654603990384283,0.09551498500401001,1.0571471673563406
Train20.csv,9.524261728133057,642,0.3404335272555842,1.0449172973532543,0.2455660716833583,0.03574382319314065,0.10971110697921556,0.025783213302296985,1.7742156982421875,6.55517578125,1.5207666109933893,4.9473680311052926,13.259114953070082,2.030615802392288,6.938804952223263,31.6085583049407,6.842947598351377,0.7285399278483926,3.3187410433686813,0.7184753835710403,0.7481260747190511,0.9826259677086017,0.18578803127217078,683.0827514705401,2687.6862172715037,689.1935539665878,0.5720573127989066,2.0942662575834277,0.41310731630152703,1.3622726925453679,2.369370423420456,0.4686353647663786,0.14303184135747182,0.2487720823989682,0.04920437700510782,7.3535919189453125,16.29638671875,3.137266194679998,5.451733170003726,9.837617335080306,1.84750079709162,17.718516665251812,38.28277914006731,9.105431395844068,1.8603559174475763,4.019500957957346,0.956024903111195,0.5870492718975673,0.6725915878321268,0.07290315592031313,2069.186542948518,3994.1930770816507,1137.186813299204,1.9390450143115792,2.9866772672481425,0.5967510743191237,0.2936339240985153,1.2675811520674052,0.23026394342903803,0.03083009817245681,0.13308970167453346,0.024176566121537513,1.5552520751953125,7.18994140625,1.542547685701874,4.898361543818348,10.47597623009959,1.5301910845130697,4.491189093644023,10.76583268722308,2.265687114701469,0.47155246483596835,1.1303587610809385,0.23788585187752792,0.7197215366892811,0.976066858096661,0.16096972583651548,545.7633122386723,3241.2727760965386,613.8795573664174,0.4686087100451859,1.2489314938227913,0.24408403094407252,1.473426653265661,2.562980568994658,0.4804321158459218,0.15470245309548855,0.26910018247651124,0.05044297705792846,8.402252197265625,22.66845703125,3.9451385184677865,5.5385533626005055,15.245258137301418,2.2616763667424564,18.11661351240006,46.167062083708004,9.333956367274148,1.9021541017595778,4.847311361398051,0.9800188858421667,0.5597015577225699,0.6730524618807304,0.11386647028534053,2160.952436564805,3860.788975771362,1098.7501271761644,1.9198657824805339,2.9898599827225683,0.5917328122907304,0.04679960315706888,1.1593807776153529,0.004913725020683841,1.159380777615353,0.218963623046875,1.1407897964189355,0.049006487286944456,1.010004669285547,2.4476158585792405,1.5449816980636892,0.25698746301242426,1.5449816980636895,0.028404538029770054,1.0394660109247682,137.31943923186782,1.2516098758426903,0.1034486027537207,1.2207568927682664,-0.11115396072029315,0.9245609135182028,-0.011670611738016728,0.9245609135182028,-1.0486602783203125,0.8751929537818941,-0.08682019259677975,0.9843243917837753,-0.3980968471482491,0.9780258685280354,-0.04179818431200144,0.9780258685280355,0.027347714174997373,1.0488612436354035,-91.76589361628703,0.9575345148446839,0.019179231831045307,1.0099898815875894
Train21.csv,16.125969623801605,1087,0.3258265920277484,0.6064167108102838,0.10070959850867299,0.02020508531448769,0.03760497662821,0.006245180963259887,1.728057861328125,3.45458984375,0.7551108203475643,5.297948971209405,10.100002937913573,1.90721888216512,5.061233173399113,15.511203565149854,3.282715326692542,0.313856052781399,0.9618772654920316,0.2035670042344195,0.930115252411339,0.9843415086664733,0.043710642340946564,590.4715350512391,1404.551332717034,267.43773167018185,0.5734196914334047,1.5721118302524297,0.33158371308254064,1.2494576030117674,2.2723048492188687,0.4775099228038118,0.07748108375248292,0.14090965704567573,0.029611237894124322,6.6181182861328125,13.3544921875,2.8643752485571454,5.608729503920516,11.851499692780395,1.9170831995723796,26.97341985609582,180.13091854556998,34.749832124846805,1.6726696431502384,11.17023799174844,2.1548987710826863,0.6597993515508997,0.7220522334579765,0.056020854680201286,2065.842597308665,4044.7980453375853,1301.342452334029,1.849599029540502,2.912193586500788,0.5756074370609898,0.3374475783273885,0.7870466619076543,0.12343070686569509,0.020925723302202097,0.048806160514279356,0.007654157222491221,1.8207550048828125,9.3994140625,1.495657473063841,5.111922268218404,11.942638876985482,1.9123730083178476,4.853815817457958,32.755348985859534,5.177213448129306,0.3009937343732698,2.0312173314225586,0.3210481954826359,0.9376042957207192,0.9838819693456622,0.03101420858758502,635.6654636517247,1339.934403850153,278.94134977476654,0.5366826533705146,1.8356604462620185,0.30656074242317016,1.3835252463544236,2.398217877698874,0.5651302552108358,0.08579485628649383,0.1487177474375961,0.03504473023294767,7.66143798828125,13.9892578125,3.3550822614945646,5.851836336981883,16.754022125689957,2.853380649902587,30.218905142747722,235.42003763193122,46.997197090372175,1.8739279465183432,14.598814404589724,2.914379611692016,0.6612524752343982,0.7806498007419544,0.06233821162107134,2172.7293701923154,4325.730988041523,1342.1295159494473,1.8275908589561811,2.943528238530703,0.6004104344221743,-0.01162098629964009,0.9655620989866298,-0.0007206379877144065,0.9655620989866299,-0.0926971435546875,0.9490886235072281,0.18602670299100144,1.0363907534642218,0.20741735594115518,1.0427328443726949,0.01286231840812918,1.0427328443726949,-0.007489043309380272,0.9920125757277769,-45.193928600485606,0.9289029667572959,0.03673703806289008,1.0684520690806223,-0.1340676433426562,0.9030970748846664,-0.008313772534010916,0.9030970748846664,-1.0433197021484375,0.8638219478191596,-0.2431068330613666,0.9584563171179271,-3.2454852866519026,0.8926008314556428,-0.2012583033681048,0.8926008314556427,-0.0014531236834984806,0.9978024676837944,-106.88677288365034,0.9508052984646729,0.02200817058432092,1.0120421758931815
Train22.csv,5.0143309409797086,338,0.23160123521954853,0.6217132693516751,0.11165496841926636,0.046187863933507725,0.12398728298340111,0.022267171778943457,1.619720458984375,6.38427734375,1.2821067552892504,6.603617482030728,14.668546286301424,3.324599323516476,16.21413627119061,84.13529503215449,19.91915695672934,3.2335592648423535,16.778967328334335,3.9724456146162344,0.8097608702318251,0.9846354275798969,0.1287185093477347,394.77499824737276,1280.1731673545437,258.68618025706235,1.0658491221673003,2.66415540245437,0.5649064776433738,1.3482647227068911,2.9892485256106887,0.543360519492016,0.2688822773319913,0.5961410526738476,0.10836151939063146,7.448577880859375,17.73681640625,3.102461836883085,5.828141896522286,10.28521694233151,1.5943814672211256,25.151879034086456,132.08266164556213,25.04431030606889,5.0159990096649345,26.34103396848306,4.994546750274063,0.35605559233509915,0.49216757561636626,0.04524422805651544,2342.4449889195466,4668.016798846874,1295.1387970639357,1.859296465229917,2.981281072031967,0.5765852426263417,0.19839806221023037,0.41000479672114887,0.09339886781927813,0.039566208243021754,0.08176660087797105,0.018626386833779603,1.28021240234375,3.23486328125,0.7473925599858359,6.428302379525168,13.245890485091026,2.415171152067927,10.400757009830492,62.60409538489166,12.376411661101974,2.074206336249194,12.485034618129923,2.4682079836325785,0.7936666257185445,0.9399465891680467,0.09983298650593231,337.7685725975137,899.2439520730319,210.53647416834818,0.8832205288281008,2.431268301799544,0.47330097528918463,1.5264331919871417,2.735139846098806,0.502705052686975,0.3044141302107405,0.5454645651219043,0.1002536646671262,8.14361572265625,12.90283203125,3.010007611522326,5.324628538064545,9.122309389656236,1.4888080639649792,25.337194614926695,112.11466063542346,24.34390743041703,5.052956199571517,22.358847462413063,4.854866524956703,0.35378641893859625,0.4655998630212765,0.032460655250089794,2573.7065231527004,4357.144963327614,1334.9472134338569,1.9360288365964307,2.998385218174104,0.62411638546948,0.03320317300931816,1.1673563372515945,0.006621655690485971,1.1673563372515947,0.339508056640625,1.265196662693683,0.17531510250555993,1.0272723795731757,5.813379261360119,1.5589380903587577,1.1593529285931594,1.5589380903587575,0.016094244513280564,1.0202783435661158,57.00642564985907,1.1687736227543826,0.18262859333919956,1.2067757568786586,-0.17816846928025054,0.8832779120530606,-0.03553185287874916,0.8832779120530605,-0.695037841796875,0.914652426456811,0.5035133584577416,1.094563095783723,-0.18531558084023914,0.9926860260712894,-0.036957189906582144,0.9926860260712895,0.0022691733965028993,1.006413964117986,-231.26153423315372,0.9101445591590348,-0.07673237136651356,0.9603661010021884
Train23.csv,0.0,0,0.0702160502447643,0.127791351769881,0.03043140355193967,,,,0.206756591796875,0.341796875,0.08663646965794268,3.2694093521807353,7.0375592347056015,1.7028322281625923,14.642776430181087,41.18982989981844,9.372236496497269,,,,0.0,0.0,0.0,0.0,0.0,0.0,1.678479574081008,2.904429201406426,0.9277112218590701,1.3215581598329655,2.9782443338884788,0.5686977384726538,,,,6.6959381103515625,16.89453125,3.307623999738985,5.198134359814404,9.647245716421775,2.0391445369450696,18.094959748553606,53.30281979786377,11.76491316983437,,,,0.0,0.0,0.0,0.0,0.0,0.0,1.8333004594150628,2.9372905668968285,0.484540865716029,0.05296207766125079,0.12729387769428133,0.026183821761908168,,,,0.20294189453125,0.3173828125,0.08989745069369773,4.321599917753656,9.792411509279892,2.179402242651147,15.299652507446973,54.74483582784049,11.028838858488383,,,,0.0,0.0,0.0,0.0,0.0,0.0,1.6929119300345405,2.8869073734397386,0.9462396960828868,1.4151181178022614,2.4968758493548537,0.49632364361620124,,,,7.3467254638671875,12.26806640625,3.5649601162629914,4.963643075798674,8.974600093095594,1.8464856666473557,18.598362772287615,70.07065893248347,14.034728064807053,,,,0.0,0.0,0.0,0.0,0.0,0.0,1.7872348700673426,2.902500181018009,0.5485069356243771,0.017253972583513508,1.3257797530880708,,,0.003814697265625,1.018796992481203,-1.052190565572921,0.7565275394303868,-0.6568760772658866,0.9570659479392648,,,0.0,,0.0,,-0.01443235595353265,0.9914748335707941,-0.09355995796929584,0.933885407308191,,,-0.650787353515625,0.9114180383197467,0.23449128401572938,1.04724176989257,-0.503403023734009,0.972932938780821,,,0.0,,0.0,,0.046065589347720204,1.0257747821057142
Train24.csv,5.444554601596311,367,0.16125728470928677,0.27243214116664316,0.05876993660000505,0.02961808568546766,0.05003754413387051,0.010794259751343857,0.61798095703125,1.35498046875,0.2958592240942849,3.7611119031796223,7.640304332564219,1.0978522886106903,3.8204931893658647,15.485914144206728,2.516269089498033,0.7017090412217959,2.8442940290591174,0.4621625226717862,0.6409057233662345,0.959996447234405,0.22694374813436563,250.00599786699047,432.92427798048425,99.0164945827369,0.6405430051815212,1.6196130229369852,0.3669901639859747,1.19478320396451,2.325723366214077,0.507595091015991,0.21944553620863805,0.42716503670147576,0.09322986509624996,6.64215087890625,13.68408203125,3.15402787127374,6.206783449955699,20.588028977616307,4.275410217110913,41.279719489639234,273.0296838936243,65.60667875678631,7.581835891137224,50.14729465906607,12.049962496023241,0.4302596926834157,0.6651538106987563,0.11433210117185218,1941.369818904702,4708.102134485732,1459.7652430562093,1.8611112200524778,2.9924207896394455,0.7060645647285176,0.15651636488204557,0.34504326383247685,0.0678331632388622,0.028747322110821684,0.06337401111402433,0.012458900351366469,0.7091522216796875,2.47802734375,0.5220054653176528,4.2441468951741985,9.730328358247602,1.497010893918779,4.177240679182731,17.009235383888665,2.8641334120591972,0.767232764633858,3.1240820652072547,0.5260546769462924,0.6665570994198329,0.9624197997770929,0.22033423066501384,267.0096827078874,550.1434761032762,126.58619507938624,0.6975782669750374,1.792261107499354,0.4083436103352898,1.3687629542110529,2.7608187583557235,0.5805461222160527,0.25140035399952454,0.5070788999978563,0.10662876299299856,7.3883056640625,12.646484375,3.4843697911381812,5.81856304051158,15.602469978839371,3.545843077100272,38.28056024582516,257.2254213071295,64.04602007367818,7.030981052995873,47.24452965017792,11.763316700855617,0.4108349998152828,0.6627311463031101,0.14239678419697763,2109.9038311111253,4738.132040466002,1539.833660236497,1.8480790987049893,2.999195817659745,0.7494258016922415,0.004740919827241202,1.0302902500375222,0.0008707635746459767,1.0302902500375222,-0.0911712646484375,0.8714362560516407,-0.4830349919945762,0.8861879657031168,-0.3567474898168661,0.9145973341697268,-0.06552372341206214,0.9145973341697267,-0.02565137605359835,0.9615166111411533,-17.003684840896938,0.9363180965257383,-0.057035261793516256,0.9182381899011237,-0.17397975024654277,0.8728927096461171,-0.03195481779088649,0.8728927096461172,-0.74615478515625,0.8990086741016109,0.38822040944411906,1.0667210111398888,2.999159243814077,1.078346795986121,0.5508548381413512,1.0783467959861213,0.019424692868132865,1.047281007890921,-168.5340122064233,0.9201224199314955,0.013032121347488435,1.0070517118864775
Train25.csv,0.0,0,0.07064840454221508,0.129273325455236,0.030160770574190296,,,,0.2140045166015625,0.42724609375,0.0911441267796109,3.3805795482395506,8.598159152204246,1.752617656556319,16.72677732766053,93.27592005038663,15.428369001307324,,,,0.0,0.0,0.0,0.0,0.0,0.0,1.782904559544003,2.923092969260403,0.8873062654048256,1.3511538242770402,3.0711816038124296,0.6107609954398621,,,,6.7836761474609375,17.0654296875,3.3659480827197563,5.191712838743914,14.552281794903543,2.358172026007733,26.130058699862175,163.35207096278165,34.660001526220576,,,,0.0,0.0,0.0,0.0,0.0,0.0,1.8417883528727976,2.9655562429182805,0.6620227639490879,0.05425546187933197,0.13577621362825426,0.025717336310435754,,,,0.2124786376953125,0.3662109375,0.0906253575757799,4.273765022729456,10.419108931558965,2.0745818859534184,14.600803902555667,44.774363389486346,8.475448550083446,,,,0.0,0.0,0.0,0.0,0.0,0.0,1.7553244909154824,2.9402393655438948,0.9185290380283242,1.4906160954284426,2.7986018774210515,0.5592370948766883,,,,7.45849609375,12.31689453125,3.4953939280875144,4.8141186832545575,7.963155757822821,1.6353426093360721,26.139425276675343,151.77891351739612,34.22160865856912,,,,0.0,0.0,0.0,0.0,0.0,0.0,1.8180747573548481,2.9979979545229223,0.6567990633389839,0.016392942662883103,1.3021436385398797,,,0.00152587890625,1.007181328545781,-0.893185474489905,0.7910073507224623,2.1259734251048616,1.1456066007935863,,,0.0,,0.0,,0.027580068628520582,1.0157122337045137,-0.13946227115140242,0.906439846195732,,,-0.6748199462890625,0.9095233224222586,0.3775941554893567,1.0784347417114541,-0.009366576813167882,0.9996416686015845,,,0.0,,0.0,,0.023713595517949493,1.0130432455662335
Train26.csv,12.95121571442392,873,0.8329576981097856,1.8911143607509062,0.38714963752835435,0.06431502003183462,0.14601828912823606,0.02989291863135144,3.9154052734375,7.16552734375,1.6283952062294142,4.7492297167275686,6.734100157564531,0.8990299518140458,4.905927577103998,8.103654169382319,1.4568700193330169,0.3788005454685006,0.6257060609651636,0.1124890551942922,0.9581077968511416,0.9899667497042953,0.031223956866832252,1424.4868840863091,4071.094059649644,812.2918406634246,0.6897387427451358,2.0219596100872876,0.3497014414647655,1.410912599545029,3.3424815263037932,0.6299595057102495,0.10894055281417939,0.25808245341641806,0.048640955382177456,8.283615112304688,17.32177734375,3.556789179551893,6.187613490747972,13.494261252231546,2.4338034713590977,16.814781585805253,63.47404764404093,12.694022966459418,1.2983168496744624,4.901010765603196,0.9801414204167671,0.597588064893867,0.7086236970604011,0.0882756514692068,1831.358939149225,5004.402498609363,1160.589642648787,1.3707961835941802,2.3696449463227616,0.41872561710823836,0.9463596083568483,1.9508586055464914,0.3926521933348761,0.07307110229836389,0.15063131126553606,0.030317786530076465,4.369354248046875,8.45947265625,1.529999129303964,4.836107733636003,7.603076215709727,1.0680601588038259,4.795592657020888,11.046991525197502,1.8874233191882475,0.37028127418802703,0.8529694639318175,0.14573329336845206,0.9548001087843538,0.9937164207106215,0.04091780801268323,1823.2674826466448,4012.8074175520596,963.5467472464912,0.6401630494324415,2.1496858919897552,0.35668943143187887,1.549878629508253,2.692554931894922,0.657648242333746,0.11967051307640061,0.20789978263555536,0.05077888105912061,8.884429931640625,18.78662109375,3.3424152790595474,6.182721560282589,12.797632044635067,1.9877001474543778,16.48178586097334,50.501426472321576,11.172718538632433,1.2726053078258424,3.8993579896964845,0.8626772022791069,0.6118207633316165,0.7195855024186716,0.067767236036301,1924.0789823082969,4927.1892335822,1209.362294949117,1.3749011792781785,2.5410565033706263,0.4966836342099405,-0.1134019102470627,0.8801703821193712,-0.00875608226652927,0.8801703821193714,-0.453948974609375,0.8961061637855771,-0.08687801690843422,0.9820355497243823,0.11033492008310919,1.0230075671505534,0.008519271280473584,1.0230075671505536,0.0033076880667877173,1.003464272821459,-398.78059856033565,0.7812824490340452,0.04957569331269429,1.0774422912360333,-0.13896602996322405,0.9103374759046033,-0.010729960262221228,0.9103374759046036,-0.6008148193359375,0.9323744096178618,0.004891930465382721,1.0007912260673049,0.332995724831914,1.0202038618655036,0.025711541848620012,1.0202038618655036,-0.014232698437749547,0.9767371437996863,-92.72004315907179,0.9518106876008611,-0.004104995683998247,0.9970143340147883
Train27.csv,0.0,0,0.07164475609953885,0.12731798999693061,0.02875539383282155,,,,0.2155303955078125,0.3173828125,0.07193410551369196,3.4070830279997315,8.001867320254178,1.71543083244417,14.686367207711232,28.45660726578299,6.237973106239229,,,,0.0,0.0,0.0,0.0,0.0,0.0,1.8982114980185867,2.933808088124632,0.8607198658611767,1.37990532933677,2.8915224331815548,0.5277756514938078,,,,7.23114013671875,15.8447265625,2.9866042293302826,5.236403001231684,8.600157207763331,1.5348573851636256,18.538202213148104,46.98638777397854,11.342413927653388,,,,0.0,0.0,0.0,0.0,0.0,0.0,1.876893680944717,2.9938617356260924,0.6089841361021541,0.05522323294760893,0.134940048345662,0.023733349494192924,,,,0.2227783203125,0.37841796875,0.07998866224414769,4.446865357939937,7.811550823744836,2.008032235367045,15.514543931056952,49.93898861791323,9.074288168715317,,,,0.0,0.0,0.0,0.0,0.0,0.0,1.9189292540744338,2.951287602077324,0.8746489591408385,1.4523494520707187,2.7395916713229935,0.6057199650753532,,,,7.7236175537109375,11.5966796875,2.8595446772973654,5.514817017842722,9.331325997023926,1.5471477935471092,18.49505668639003,49.54209854837563,11.76949414427412,,,,0.0,0.0,0.0,0.0,0.0,0.0,1.8182189674813007,2.999498135558365,0.6549654280285298,0.01642152315192992,1.297366203958201,,,-0.0072479248046875,0.9674657534246576,-1.0397823299402056,0.7661763408051785,-0.8281767233457202,0.9466193317041128,,,0.0,,0.0,,-0.020717756055847136,0.9892034810497273,-0.07244412273394873,0.9501193582366421,,,-0.4924774169921875,0.9362374672791031,-0.2784140166110376,0.9495152757180786,0.04314552675807448,1.0023328139777925,,,0.0,,0.0,,0.05867471346341624,1.032270433051689
Train28.csv,14.152874904422017,954,0.5249110450849871,1.0106127964809326,0.2383845343990796,0.037088651502245704,0.07140689105965108,0.016843541401231295,3.04718017578125,7.3974609375,1.4234078588969281,6.005119779102034,14.550551784260138,2.084275614198018,7.813039642385813,55.39676951512112,8.984160798713516,0.55204611749551,3.914170787859687,0.6347940513419253,0.9055712763305142,0.9708856564976128,0.06822022337839007,790.4586288259894,1615.1089289051786,395.3269574105376,0.7964918634137578,1.6500201328160455,0.31815850944002266,1.287144984458163,2.9145707564165524,0.580386415390447,0.09094583207656268,0.20593489139834797,0.041008375987913764,7.4382781982421875,17.2119140625,3.0580510815357305,6.661389655381494,17.950071637627463,3.7014421713955716,22.985274118489134,106.78742662015141,22.72209756920909,1.6240710296469492,7.545281601180976,1.6054757582934371,0.6037957647567358,0.7707648232479624,0.1065080576418038,1635.8835985185196,4554.750117417337,1188.9694166612342,1.540485688532409,2.4334524708639793,0.39870379699515046,0.6248761033739696,1.34335471039029,0.24363016122011052,0.04415188487101862,0.09491744394423804,0.017214181773343388,4.2095184326171875,10.94970703125,2.2680291815927425,6.598044529136488,12.1026317274413,2.142499259182219,10.250570239495378,41.88846306155169,9.919388766874128,0.7242747716432245,2.959714075368799,0.7008744748937792,0.9407285551732987,0.9834571329715063,0.03877745825445789,1058.506158532557,3111.319813988834,524.8860224250035,0.761655200426824,1.4958973691308541,0.28026739894686126,1.5422777385571975,2.9267118346631706,0.6091464526624867,0.10897275281330424,0.2067927438367119,0.04304047458740421,8.54949951171875,16.845703125,3.8664359388331175,5.523319070112347,10.055702919177469,1.7762881352800302,17.558532792226636,69.63938731981929,13.043427258073907,1.240633645870814,4.920511753980155,0.9216097327334204,0.5479104990800212,0.7321928349886755,0.11485882763730781,1742.4478586193995,3782.5355339829957,1164.5140565354777,1.586702878958231,2.533861554798197,0.5395394462729004,-0.0999650582889825,0.8400241939974517,-0.007063233368772917,0.8400241939974518,-1.1623382568359375,0.723878568192116,-0.5929247500344541,0.910136291530598,-2.437530597109565,0.762205366125118,-0.1722286541477145,0.7622053661251178,-0.03515727884278452,0.9626276053283958,-268.0475297065676,0.7467680962025096,0.034836662986933775,1.0457381016599265,-0.25513275409903446,0.8345740538680722,-0.01802692073674156,0.8345740538680722,-1.1112213134765625,0.8700249866143137,1.1380705852691468,1.2060483145772707,5.426741326262498,1.3090657625257265,0.3834373837761351,1.3090657625257263,0.05588526567671459,1.1019970702706916,-106.56426010087989,0.938842210070312,-0.04621719042582195,0.9708721834196417
Train29.csv,5.622578185299733,379,0.26861900273435857,0.4761189914092888,0.09824238772576063,0.047775058679782295,0.08467983471605696,0.017472836212863344,1.513671875,4.30908203125,0.8824488979759599,5.519983277937769,12.792134067470782,2.413300466267342,9.02980114278448,32.42809740295703,8.150023655018117,1.6059894313951832,5.767478251834808,1.4495171763598427,0.8746581874601351,0.9641369169534117,0.07305909782869978,547.1354151009419,1307.1764225796048,295.9813225563858,0.8694426017783894,2.021853863052793,0.5170901107986561,1.2101858135698125,2.3276097796453468,0.534621562136601,0.2152368137332178,0.41397552918532954,0.0950847715260541,6.9057464599609375,12.7685546875,2.901053745191946,6.1531443918822575,11.783143818177493,2.3820004865567386,32.41859339348646,173.0944734994238,34.76640211108942,5.765787922388537,30.78560542776985,6.183355920596427,0.49359451887850675,0.5883606822889704,0.07763003698834489,1855.5637883843297,4041.347991712204,1278.984389866623,2.010521702337956,2.991178642594133,0.573443714285535,0.28191967427911807,0.5264638978231059,0.09256726115067751,0.05014064099921258,0.0936338954253316,0.01646349025304712,1.5117645263671875,2.734375,0.6012900758581842,5.409297378320559,8.754986879744534,1.4786896209902889,7.336944338812725,28.343223925950646,5.615282391496811,1.3049074814104344,5.040965726373391,0.9987024113204869,0.8902700118557527,0.986122756700523,0.07195765931611732,559.5762230243679,1524.0802769645034,235.76897976074676,0.7253919401770859,1.9502122947824705,0.35645622394670196,1.3257235778357546,2.012734118017645,0.5264158887536486,0.2357857079341053,0.3579735224100487,0.09362535680339074,7.422637939453125,11.97509765625,3.0603135340423595,5.8616593598099875,13.377668356434892,2.499976332253086,34.14293646939226,290.72238045763015,50.529314166378775,6.072469842866603,51.706240602883156,8.986858430619606,0.49787747502807433,0.612406761017881,0.09544999966709998,1967.9353369812488,4355.024364020629,1271.1510494223942,1.9950916981223288,2.981647187454899,0.6032627943357994,-0.013300671544759501,0.9528210594781299,-0.002365582319430286,0.95282105947813,0.0019073486328125,1.0012616704516781,0.11068589961720932,1.020462158368445,1.6928568039717549,1.2307304956664964,0.3010819499847488,1.2307304956664962,-0.01561182439561759,0.9824639444351552,-12.44080792342595,0.9777674472010506,0.14405066160130353,1.1985832122233633,-0.11553776426594209,0.912849280047838,-0.020548894200887513,0.9128492800478378,-0.5168914794921875,0.9303628327680131,0.29148503207226995,1.0497273918833998,-1.7243430759058,0.9494963452410837,-0.3066819204780664,0.9494963452410836,-0.004282956149567585,0.9913975699556883,-112.37154859691918,0.9428987596872499,0.015430004215627235,1.0077339824681488
Train30.csv,13.767157139731273,928,0.34650772973740795,0.6960779113337632,0.1593059346491341,0.02516915629134539,0.050560758787659935,0.011571447397036368,2.12860107421875,5.5419921875,1.4283718129057617,5.663880841289592,12.372230142288887,2.150338218943617,7.829857251501305,22.573110086822492,6.124273495980849,0.5687345013956991,1.6396348104197718,0.44484663273774405,0.8883781089451334,0.9794630823080851,0.10283963338641934,594.4023251026863,1168.8996041032096,320.4762266848279,0.750971529036484,2.2656618268394686,0.5166640538775732,1.335418715561512,2.963638467777644,0.5723628542796679,0.09700032490422918,0.21526873251302867,0.04157451305817231,6.9911956787109375,16.3818359375,3.4691040453017465,5.302405930660279,8.883392515882107,1.6838094247004658,21.668621791174132,142.0246208991432,24.285366222723155,1.573935822134234,10.31619087787324,1.7640073383514234,0.5901834638309349,0.7291673298686346,0.13645598867444925,2014.4559906676454,5552.8499210121245,1494.8194958264544,1.6973510442241508,2.983286119217322,0.5629944154240711,0.4223600804871279,1.7391746925227611,0.4525806132354151,0.030678815982147795,0.12632780136602034,0.0328739338588133,2.2579193115234375,8.349609375,2.1017938923789776,5.50253422116473,10.036471754560925,2.1758003000399637,6.987451146485286,26.0042593406571,5.579450347349706,0.5075449546747657,1.8888619543398841,0.40527251129049097,0.8668709567692691,0.9973818146183853,0.1154439684514157,824.4253271131892,4643.71977485908,1172.175573887473,0.6595647063424108,2.8992422069997748,0.5000838427981042,1.41688120694509,2.5576995713990986,0.6290150531267312,0.10291748634553224,0.1857826961252382,0.04568953827885263,8.026504516601562,12.82958984375,3.547644481783014,5.779379185744999,12.77011071282652,2.21865257918065,20.529485847572772,55.16019213334017,12.559015759795379,1.491192817747811,4.006650870145938,0.9122446727618687,0.5786485375302581,0.7132077953561601,0.16337614395172784,2049.3861800880513,5675.3377058054175,1459.1333636008312,1.8182616448639188,2.9982400420322044,0.6424035522161768,-0.07585235074971997,0.820408333424324,-0.005509659690802405,0.8204083334243241,-0.1293182373046875,0.94272681196148,0.16134662012486167,1.0293222383795932,0.8424061050160185,1.120559856141499,0.06118954672093346,1.120559856141499,0.021507152175864297,1.0248100965984823,-230.02300201050286,0.7209898890225118,0.09140682269407319,1.1385865887229867,-0.08146249138357797,0.9425057718429214,-0.005917161441303068,0.9425057718429213,-1.035308837890625,0.8710137350886364,-0.47697325508472055,0.9174698112452652,1.1391359436013602,1.0554877970183574,0.08274300438642301,1.0554877970183574,0.011534926300676762,1.0199342529230424,-34.930189420405895,0.9829557797550361,-0.120910600639768,0.933502089217299
Train31.csv,9.954485388749658,671,0.41702128894701596,0.9247964941223764,0.21835133339260943,0.04189280235604387,0.09290249149067627,0.021934969500220003,2.392578125,6.25,1.5263854139805444,5.579539248397051,11.990970594698911,2.136137532648324,8.115429136935603,35.3786540900026,7.22353401312335,0.815253508343835,3.5540414906818567,0.7256561972844151,0.9087459003482394,0.9782135940110608,0.05390793770332997,920.5363197887573,2868.026831620382,631.5326510039841,0.8125959862475005,2.1402688784975297,0.43963505295328403,1.2858163159637446,2.231723616125406,0.4862225259832695,0.12916954174416148,0.22419276627274487,0.04884456674503612,7.236480712890625,15.61279296875,3.2971859112743327,5.911567253895211,10.585586244254829,2.295536349416561,24.14935320623345,97.60669226150046,22.452256417394718,2.4259770609062845,9.805297657256437,2.255491423270335,0.5891285448109181,0.6842965987614504,0.1028198608908867,1954.941406998962,3970.3921864409185,1247.9633036675866,1.6480822195476332,2.9507273574636343,0.5333976004021718,0.45276491480808234,0.955630643826691,0.194584495718517,0.045483507898839995,0.09600000467193652,0.01954741888901983,2.6134490966796875,8.5205078125,1.7395243308652402,5.577878384569657,11.012861045711329,2.1755904387772804,7.771238611073638,31.240944032272225,7.055300449507741,0.7806770824995657,3.1383786114729806,0.7087559199676448,0.9347423341824813,0.9796476114167777,0.028241249162856214,1044.2641014133494,2473.831072115864,459.8607565201639,0.8648786672500199,2.379149642994379,0.49085889325522386,1.4039534227304455,2.429112666902851,0.5686205737509828,0.14103726791514135,0.24402192298641387,0.05712204614752114,7.685089111328125,12.90283203125,3.3275146594929708,5.695078675701538,13.832651400329151,2.323868688246722,19.46371595676242,65.10502907023161,12.798598125677712,1.9552709353272935,6.540270694837916,1.2857116792940808,0.5688803625446646,0.6988278676596125,0.10981708863998446,1982.3210602321988,3889.775804794345,1239.82788998605,1.61891249729018,2.7712942715147046,0.4472581605771965,-0.035743625861066386,0.9210547798823648,-0.003590705542796127,0.9210547798823647,-0.2208709716796875,0.9154867902495986,0.0016608638273938325,1.0002977590605038,0.34419052586196486,1.0442903046847012,0.03457642584426934,1.0442903046847012,-0.025996433834241883,0.972188663245922,-123.72778162459213,0.8815167719955767,-0.05228268100251943,0.9395491148269871,-0.11813710676670097,0.9158539700434329,-0.011867726170979864,0.9158539700434329,-0.4486083984375,0.9416261292564281,0.2164885781936734,1.0380132726027715,4.6856372494710286,1.2407370339702817,0.47070612557899105,1.2407370339702817,0.020248182266253578,1.0355930413482393,-27.379653233236695,0.9861880833622231,0.02916972225745318,1.0180180969053478
Train32.csv,2.1214477057991075,143,0.23314669667641122,0.5624406836282151,0.10304550182507198,0.10989980853126399,0.2651211632937022,0.048573199114637984,1.015472412109375,2.45361328125,0.5409918609454102,4.2773568921622935,6.814422582843586,1.000835120263059,4.955383252949574,16.35543079852219,3.048630063754957,2.335849825288518,7.709561142522446,1.4370517149309594,0.6474124141201747,0.9109856321220714,0.1985774636367765,469.41658365906545,1513.3186720425858,305.3208014009692,0.5859903170378582,2.595934689511102,0.4372818029669378,1.233017545008618,3.0198753624737473,0.6232076244683575,0.5812151492766421,1.4234974325403982,0.29376525415393523,6.0771942138671875,17.4560546875,3.7129962497947337,5.057711120466903,9.985768172007726,2.0259242667804713,17.537457334678173,66.10057571427247,12.425680384717033,8.266740342803859,31.158239504835535,5.857170247822123,0.3300899602598445,0.43501644773963166,0.08589704797330512,2008.6510173952747,5260.656434660452,1456.0232893179705,1.7267574711601354,2.9721165615883027,0.5816582351238027,0.21127065642379875,0.4689494980033858,0.08862249524121835,0.09958796337344421,0.22105164163202495,0.04177453679341863,0.92010498046875,2.81982421875,0.5061940849590403,4.3064721247599085,7.966804728007518,1.168224796652537,4.781787957436577,17.442297937149387,3.3937425644099655,2.2540211311196905,8.221884465721118,1.5997295408851993,0.6396019490488138,0.9131661489525181,0.17982572953603698,405.46604069855243,1227.8438412842006,243.2815545324673,0.6913962758260586,1.6976195912157341,0.37477202880961885,1.4384289928366407,2.73435253951521,0.593430607111743,0.6780412210513636,1.2889087635960528,0.27972907627633903,7.344818115234375,13.04931640625,3.781936272769363,4.768435202522789,8.200812415664581,1.7377974069158755,30.280431330316812,278.37063430164477,50.02236703311608,14.27347525349948,131.21729729217532,23.579354276033705,0.32469090117366634,0.4761784395965296,0.09302050010336006,2287.6179495421893,5470.795611426414,1560.6243557692603,1.7619952551147073,2.998495825699398,0.6247081300548859,0.021876040252612472,1.103545095295819,0.010311845157819785,1.1035450952958188,0.095367431640625,1.1036484245439468,-0.02911523259761495,0.9932391916738024,0.1735952955129969,1.036303428144074,0.08182869416882754,1.0363034281440737,0.00781046507136085,1.0122114466395487,63.95054296051302,1.1577210827578472,-0.10540595878820036,0.8475462445002837,-0.20541144782802268,0.8571973668140942,-0.09682607177472147,0.8571973668140943,-1.2676239013671875,0.8274124857172536,0.28927591794411445,1.0606647475866025,-12.74297399563864,0.5791680159165912,-6.006734910695622,0.5791680159165913,0.0053990590861781595,1.0166283042323085,-278.9669321469146,0.878053530659373,-0.03523778395457189,0.9800012038328231
Train33.csv,16.852899257257246,1136,0.31606497496780517,0.7342431274673012,0.1274640697571248,0.018754338357045618,0.04356776340136961,0.007563331852365749,1.4797210693359375,3.30810546875,0.7475668956848754,4.714365215154263,11.05053903041879,1.72037331900428,4.66693690875758,17.430755177192623,3.8857680771861562,0.276921901538567,1.0342882201521817,0.23056970897828488,0.9049192349793536,0.9692141830833038,0.04861947658532174,586.7844960558728,1836.681487783157,336.27195121697304,0.5076187082906802,2.2368518448567625,0.48182032886257353,1.3934525229522976,2.951313664219428,0.5620905774321322,0.08268325239956828,0.17512201426994972,0.03335275247611078,7.0281982421875,17.24853515625,3.5026443105711027,5.032166315446115,10.030153190048306,1.794699675444869,17.32106674107049,61.13942813196148,11.745607339968172,1.0277796405631299,3.627828493998351,0.6969487659466215,0.6647340683673696,0.7385552891754736,0.07942936048457075,2253.4171499494314,4575.207773373441,1233.8103438808616,1.7594976166644045,2.986286479494594,0.5262999443393855,0.3535501761935682,0.8208905136375817,0.15419571319387043,0.020978596667355107,0.048709156870090906,0.009149506612488069,1.712799072265625,6.103515625,1.0595070143220093,4.903275662297306,8.648111436364768,1.4227304486748371,4.5641668807771145,15.315473256990801,2.9186541954890344,0.2708238393350437,0.9087737975052338,0.17318410031034837,0.9229201854921543,0.9880546537663222,0.043525378628697604,704.6616011990852,1739.7244042586353,422.4816742302654,0.44736095999444014,1.2320547631536485,0.30431646687710645,1.549246269167121,2.877147385719588,0.5757470391413689,0.0919275814515998,0.17072121192919507,0.03416308555297624,8.0718994140625,12.3046875,3.152622392575371,5.137883937609418,9.440527646538914,1.3420877503090665,19.916950877698895,79.12748534889907,16.96725343675727,1.1818115431457406,4.695185329303204,1.0067854306700836,0.6457783558302521,0.7758641283036456,0.12009948676636628,2458.0339885663884,3976.4457590901243,1256.8216180022673,1.8256456866466058,2.951039417741743,0.5375898953829467,-0.03748520122576304,0.8939748761283605,-0.0022242583103094897,0.8939748761283605,-0.2330780029296875,0.8639198218262806,-0.1889104471430425,0.9614726031832904,0.10277002798046553,1.022516711300216,0.006098062203523269,1.022516711300216,-0.018000950512800706,0.9804956584591314,-117.87710514321248,0.8327181374114507,0.06025774829624009,1.1346960367238772,-0.15579374621482334,0.8994390050727193,-0.009244329052031514,0.8994390050727192,-1.043701171875,0.8706994328922495,-0.10571762216330338,0.9794238983505548,-2.5958841366284062,0.8696645810611989,-0.15403190258261068,0.8696645810611993,0.018955712537117475,1.0293532794432958,-204.616838616957,0.9167558953339385,-0.06614806998220124,0.9637673013630023
Train34.csv,5.51873109480607,372,0.26097221081864347,0.5749950740437352,0.14081376051966843,0.047288444813746465,0.1041897248055607,0.02551560460196995,1.5735626220703125,3.9794921875,1.0872285400594055,5.854022346102676,17.95767539737032,3.1078869002129155,9.776853781366833,44.76483407322347,10.081339652335728,1.7715764028742542,8.111435999364726,1.8267495696291014,0.8489175307338174,0.9809138498528511,0.09627345737029569,468.8922625447111,1225.2848504741294,293.1023070983165,0.9321002073615322,2.0219699994897185,0.5036904872892829,1.4221108620470022,2.9728993580846064,0.5293604704511601,0.25768801516446704,0.5386925557729272,0.09592068563539276,7.627105712890625,17.71240234375,2.954170033157924,5.513922504539774,10.212814302244322,1.2037861645195673,18.186483819549686,49.77205216210137,10.775173076331965,3.295410395455907,9.018749293464237,1.9524729310462277,0.5066417840560179,0.5720525372758103,0.03905222702971168,2479.540115750377,4825.614557183831,1185.7932847825352,1.769536346034441,2.95220469334289,0.4856802844394975,0.2770412719393222,0.5088017291873738,0.10888615005762581,0.05020017594262899,0.09219541964387978,0.019730287304649347,1.46942138671875,4.16259765625,0.8507004123216746,5.3099958053937355,13.097613174522131,2.294136624368432,7.375597157039837,40.878238738468625,8.242754920097788,1.336466124247537,7.407180751557364,1.4935960420060006,0.8525561258506238,0.9489472938481598,0.10844877447327733,540.323495510798,1745.4500586238291,295.3381469909116,0.8639825463570777,2.175303995747602,0.49445177529461487,1.5798226395629023,2.769627638028646,0.45445217578031744,0.28626555859004355,0.5018595018400641,0.08234722220983426,8.587265014648438,12.6953125,2.6994449345002787,5.48020540632483,10.69980978783948,1.5440927634136206,21.114884230345318,64.18624174414656,15.952097501332945,3.826039694200267,11.630615922662939,2.8905371954698413,0.503644532802034,0.5577589231493646,0.03297950514618028,2685.4903013481508,4220.223083319189,1238.266136892528,1.866405887132469,2.992377714059606,0.5646147316010086,-0.01606906112067874,0.941997591159637,-0.0029117311288825234,0.941997591159637,0.1041412353515625,1.070872274143302,0.5440265407089404,1.1024532901054902,2.4012566243269964,1.3255677571862845,0.43511027862671714,1.3255677571862847,-0.00363859511680642,0.9957321342179366,-71.4312329660869,0.8677991359628754,0.06811766100445449,1.078841478096598,-0.15771177751590004,0.9001712131688814,-0.0285775434255765,0.9001712131688816,-0.9601593017578125,0.8881879969792545,0.03371709821494395,1.0061525245342138,-2.928400410795632,0.8613110837431411,-0.5306292987443597,0.8613110837431409,0.002997251253983868,1.0059511243720023,-205.95018559777373,0.923310024432267,-0.09686954109802781,0.9480983521505831
Train35.csv,5.503895796164118,371,0.2773777725088924,0.5139123766990007,0.09832600403986964,0.05039662500554751,0.0933724757393057,0.01786480116654769,1.39923095703125,3.08837890625,0.6514895408591159,5.084390190548752,9.209070711667412,1.807306079638368,6.992858779249325,28.61504143108518,6.6575404463060925,1.2705289195560217,5.199052178827247,1.2096051038876856,0.8709367445624148,0.9700908151304197,0.09291704514904194,587.2688590042325,1192.764794245152,287.44607037264745,0.693458329382598,2.1394199922260952,0.4152785921388673,1.1958817087015992,2.332825444000983,0.5890378975796431,0.2172791333613286,0.4238498566100799,0.10702199303812526,7.0102691650390625,16.9921875,3.619653951499586,6.360314539302969,22.92002081519983,4.022739194066864,36.74803855915427,453.18075630932367,77.0601633799809,6.6767322493215495,82.33817882692533,14.00102150074992,0.4907142981926103,0.7912066225084999,0.10559512825145606,1800.2303940162997,3564.361358776343,1241.063564935148,1.7800806818984638,2.9253662930070843,0.6070082928342365,0.30799871731032086,0.6515907121400626,0.13292050706466685,0.055960128737353156,0.11838718178388877,0.0241502586508459,1.62506103515625,4.74853515625,0.9454282165668471,5.318718186661508,11.245979074189284,1.8732093985099378,7.22185043709529,27.81805509971294,6.242402809940805,1.3121342962431233,5.05424814167093,1.1341789599816519,0.8601309933734236,0.9735714811465063,0.09167402280191496,632.0892410028582,2366.090136430502,467.9767752742984,0.700610281737555,1.9193062715615186,0.46610773564860597,1.3422897945951182,2.06707656170531,0.5235249961158065,0.24387994328137771,0.3755660786939203,0.09511898762339792,7.405853271484375,12.04833984375,3.079275711118224,5.787753649408638,11.219763616320288,2.0550277013875897,32.83005273078028,268.6046933572823,54.79406456449492,5.964875416729517,48.80264876098918,9.955505444467729,0.4777882554421915,0.7859349915044319,0.11776443492817852,1929.0144423590257,4042.472952298905,1239.2328224446392,1.8017765887014208,2.977389811503294,0.496820378049294,-0.030620944801428462,0.9005809340089665,-0.005563503731805648,0.9005809340089664,-0.225830078125,0.8610328638497653,-0.23432799611275623,0.9559427689362423,-0.22899165784596498,0.9682918304885212,-0.041605376687101625,0.9682918304885214,0.010805751188991186,1.0125629134076557,-44.82038199862575,0.9290916865986917,-0.007151952354957025,0.9897918250111606,-0.14640808589351906,0.8909266192121494,-0.026600809920049123,0.8909266192121493,-0.3955841064453125,0.946584938704028,0.5725608898943308,1.0989262716724013,3.917985828373986,1.119341441833891,0.7118568325920327,1.1193414418338912,0.012926042750418809,1.0270539147900482,-128.784048342726,0.9332384219035531,-0.021695906802956966,0.9879586032258341
Train36.csv,3.145083312093782,212,0.2280817143549983,0.43291366785691743,0.09302618010273318,0.0725200866628735,0.13764775838917698,0.029578288036129222,0.9822845458984375,2.4169921875,0.468034440245752,4.268950158492223,8.621696672749131,1.1012481860978818,5.021681602423005,27.390021061122116,4.930084185905956,1.5966768139696468,8.708837999870887,1.567552810746957,0.6543158659370509,0.9223625633278182,0.1683480490835593,446.97243643090366,1335.6001617667464,318.4286393937559,0.5853488491722019,2.152244084908529,0.34915664530648827,1.2424694170474049,3.0722387304177716,0.6114926468221574,0.39505135277966724,0.9768385844038213,0.19442812356378164,6.4990997314453125,17.7734375,3.629772928896431,5.4512320889480135,15.60243980068414,2.851074305138447,35.25924560577887,395.6858812609842,71.28122383556531,11.210909889158284,125.81093789771933,22.66433565097235,0.3443357365904771,0.5506641162785072,0.05821867225446192,1842.8154428018615,5197.904677468088,1297.3263130180144,1.8758492578179942,2.9539216779577164,0.5576871956894393,0.20881078474189763,0.44157681503363455,0.08511587686340814,0.0663927673836041,0.14040226322006802,0.027063154904708644,0.9246826171875,2.03857421875,0.4981942052403109,4.354403039343945,8.132528401841908,1.1597738482028692,5.20551406844884,25.387396837293547,4.7897534011438685,1.6551275600338116,8.072090408438926,1.5229337113983086,0.6923334798687992,0.9494408186292898,0.1447835828215025,391.2280039787334,1340.881246882436,245.85071895203197,0.5785470574292755,1.1250136039443295,0.1978839459538664,1.3820017976818852,2.5861303165384277,0.52892948860496,0.43941659426561985,0.8222772053744924,0.168176622403314,7.4840545654296875,12.82958984375,3.5627718570977103,5.372801745418501,8.219262553671753,1.8983678026634576,20.226786175365312,58.4185626927318,12.40760844805716,6.431240182918938,18.574567633262696,3.945081009570147,0.3255103428372027,0.4653496186597942,0.07095742770083323,2046.1680754075717,5377.0403309569765,1383.7829394470564,1.8905548578977025,2.996836749351211,0.5481273562312016,0.019270929613100674,1.092288957377947,0.006127319279269405,1.0922889573779473,0.0576019287109375,1.0622937293729373,-0.08545288085172142,0.9803755233313001,-0.18383246602583547,0.9646850505812552,-0.05845074606416478,0.9646850505812551,-0.038017613931748295,0.9450877141764792,55.74443245217026,1.142485793157078,0.0068017917429263886,1.011756678485497,-0.13953238063448037,0.8990360353593415,-0.04436524148595261,0.8990360353593415,-0.984954833984375,0.8683928844487486,0.07843034352951239,1.014597661936138,15.03245943041356,1.7431956466085528,4.779669706239346,1.7431956466085528,0.01882539375327441,1.0578334733980774,-203.35263260571014,0.9006178255590246,-0.014705600079708336,0.9922215427823866
Train37.csv,11.141309280105803,751,0.3381040793354505,0.8724976247738749,0.18851327908303014,0.030346889295962506,0.07831194726205368,0.016920208778302574,1.71356201171875,5.35888671875,1.3001124048582031,4.760778122195865,8.390235870230201,1.4014597951965984,5.059977741201404,17.97318274760302,3.630885904809404,0.45416365473639847,1.6132020300070458,0.32589400523085765,0.7805560796570636,0.9570576231023001,0.16010641640927611,598.893801503157,1801.9174635726674,378.1459690922483,0.5692515670472076,2.7916093080551168,0.4653003798886346,1.2697852493652566,2.954264183927822,0.6051302747212173,0.11397091826834183,0.26516310692523626,0.054314107930003595,6.9530487060546875,16.41845703125,3.201282103910265,6.058837792634478,19.123779699657504,3.005009019157841,38.64105629094347,245.22214494127064,59.669150131652785,3.4682688828988795,22.010173021508823,5.355667689631369,0.6422511100651913,0.7214324777117419,0.1005116914369273,2090.4959684760233,4791.42007952775,1416.4044512006071,1.9612249792921845,2.9939139974766227,0.6298881731533601,0.2634261522994495,0.5588010790005181,0.10897278907051719,0.02364409295861032,0.05015578195987496,0.009780967957249127,1.2542724609375,3.2470703125,0.6766374048786907,4.6488928713923166,8.677752170774987,1.4598460038077417,4.875266863983802,27.36770932922622,4.578496703440511,0.437584734559806,2.456417701112981,0.41094781486911836,0.7135866205009551,0.9595598201556955,0.16459451800578634,458.64174050254087,1418.9796428551638,301.8087716232621,0.5164185833114954,2.427011809197949,0.4240119456217577,1.4125658323366903,2.575811917692547,0.5595960467347904,0.12678634052992344,0.231194723432728,0.05022713512980192,7.3543548583984375,12.51220703125,3.5672725140068935,5.059397329183588,9.802222908801156,1.7680746660242617,37.17629226998515,240.16887551762068,55.69962266361003,3.3367974387326322,21.556611478910487,4.99937855266873,0.6398941951827953,0.7028444088045854,0.04784600938441577,2210.341921886562,4209.474352492568,1497.6129757348708,1.9379553090598862,2.9965039232807187,0.7035729811097062,0.07467792703600101,1.2834871419718075,0.006702796337352185,1.2834871419718077,0.45928955078125,1.3661800486618005,0.11188525080354861,1.0240670744408957,0.1847108772176025,1.0378873367081012,0.01657892017659246,1.0378873367081012,0.06696945915610852,1.0938490958660272,140.2520610006161,1.3057987283210197,0.05283298373571221,1.1023065115064696,-0.1427805829714337,0.8989211124162307,-0.01281542226158161,0.8989211124162308,-0.40130615234375,0.9454328544011619,0.99944046345089,1.1975414063026684,1.4647640209583201,1.0394004870179299,0.13147144416624723,1.03940048701793,0.0023569148823959774,1.0036832884250853,-119.84595341053864,0.9457794505800947,0.023269670232298312,1.012007330676571
Train38.csv,0.0,0,0.07086170534687927,0.12705613871955193,0.029154900826548702,,,,0.2109527587890625,0.390625,0.08627543195175512,3.4173993201918194,10.57200122295761,2.1575929556288416,15.629076413283528,51.51573821547095,10.45792062565879,,,,0.0,0.0,0.0,0.0,0.0,0.0,1.7248315074511962,2.9358487618496474,0.9339440523498633,1.161947890592324,2.0202387487251374,0.5415650121237175,,,,6.26678466796875,12.85400390625,3.19025739152606,5.325746677415406,11.283430204725876,1.942164292935256,24.799153976479204,78.84397187583254,19.047708410246138,,,,0.0,0.0,0.0,0.0,0.0,0.0,1.9003553633125096,2.986833578467361,0.7078561305451608,0.051946869327958924,0.13523412897273823,0.026517099855121642,,,,0.1964569091796875,0.439453125,0.10282926705169207,4.3877507143352545,23.237415969454542,3.79063761840629,18.217747093920075,141.3330109945595,24.7279056993726,,,,0.0,0.0,0.0,0.0,0.0,0.0,1.5402110733244347,2.7583300562072957,0.9291107212105427,1.2310956213701825,1.939936494088933,0.5933719112146795,,,,6.47430419921875,12.02392578125,3.667120683656224,5.091352102719036,9.12061247949202,1.895331055598186,31.451566058625083,194.3597588367098,37.173323602570704,,,,0.0,0.0,0.0,0.0,0.0,0.0,1.8430487450266775,2.9925588239067333,0.7075571333080346,0.01891483601892035,1.364118882689625,,,0.014495849609375,1.0737864077669903,-0.9703513941434352,0.7788499262336868,-2.5886706806365467,0.8579039072564313,,,0.0,,0.0,,0.18462043412676143,1.119866969744784,-0.06914773077785852,0.9438323639711279,,,-0.20751953125,0.9679472071647419,0.23439457469637048,1.0460377852419973,-6.652412082145879,0.788487095690373,,,0.0,,0.0,,0.05730661828583217,1.031093381789532
Train39.csv,6.334672520113419,427,0.13594185323241453,0.21030490113314151,0.03725049277127728,0.021459965420592975,0.03319901707079502,0.005880413336759251,0.5123138427734375,1.28173828125,0.21820568532479637,3.735499790464158,7.297061575154924,1.0234466388212415,4.159482588900121,19.432784799365912,3.5508321161750898,0.6566215657862686,3.06768577817784,0.5605391762400866,0.41845479910945116,0.9629700812392576,0.27913309494147726,122.13689086145607,332.94849804391936,76.00607894969346,0.581827378633144,2.606976944253361,0.5678040718320696,1.3261018793875525,2.7920902577882525,0.5459644400671758,0.2093402421635853,0.44076315688348505,0.08618668736760533,6.6802978515625,15.91796875,3.3772012785969965,4.946646040316777,11.38450704476137,1.984997024280993,18.597797862914778,46.61702000881565,12.41687090979124,2.9358736073355516,7.359026036594705,1.9601440911690446,0.49311503385134714,0.6455414867678517,0.13193835746835106,2135.461389012506,4577.237776877923,1325.6886970357887,1.7933359672504297,2.9911449276163813,0.6160752965791523,0.13064221293985476,0.2271303099125461,0.041458636904572306,0.02062335701254462,0.03585509893232483,0.006544716679976065,0.4764556884765625,0.84228515625,0.15113087250225324,3.6757692828234414,4.8139268926315495,0.4274866233014972,3.719519860230495,14.43087850091533,2.4417381371177127,0.5871684524212624,2.2780780624563293,0.3854560956963241,0.4744662429572653,0.975093501499147,0.26189409514446654,150.22466342738588,448.59755739103633,104.63313374501784,0.7402115044655766,2.805564826105219,0.7218163629787976,1.4520379237195815,2.214968420485996,0.5144848344043118,0.2292206770135583,0.3496579205086261,0.08121727410071392,7.886505126953125,12.40234375,3.2614967383419184,5.317916161933078,9.563640435496536,1.8912734490743819,20.099599804430284,90.53667691893048,17.24865134009858,3.1729500997267674,14.292242674181596,2.7228955064893787,0.4791324270722427,0.6610204363912997,0.14552843363892642,2235.4738562412786,4362.558035448998,1304.889184330351,1.8465199136434762,2.9989322453761567,0.6150327937972903,0.005299640292559776,1.0405660633978975,0.0008366084080483546,1.0405660633978973,0.035858154296875,1.0752602081665332,0.059730507640716635,1.0162497978096265,0.4399627286696264,1.1182848177190166,0.06945311336500626,1.1182848177190168,-0.056011443847814146,0.8819485165083514,-28.08777256592981,0.8130282210317176,-0.15838412583243255,0.7860285541673877,-0.12593604433202898,0.9132694523505092,-0.01988043484997301,0.9132694523505089,-1.206207275390625,0.8470542710651059,-0.371270121616301,0.930185036711571,-1.501801941515506,0.925281997844331,-0.23707649239121587,0.9252819978443306,0.013982606779104456,1.0291831777376157,-100.0124672287725,0.9552611778708371,-0.05318394639304658,0.9711977401380383
Train40.csv,10.725920918131152,723,0.3310387043233086,1.1767673286274818,0.23329454012434642,0.030863429522747933,0.10971247481773506,0.021750537031275715,1.6201019287109375,5.33447265625,1.1982929587975066,4.819321576696414,10.808531279234897,1.548994628133596,4.482757724685156,17.782339746774863,2.7347503057316658,0.41793686145004855,1.6578846592757834,0.2549664804174372,0.7313793962400461,0.9902701119383668,0.1511456407114216,711.0886618415318,4066.767858211089,971.6570501985449,0.47900506750336613,0.8791932462939207,0.22803354523023103,1.3587591466179063,2.835734015906955,0.5774076333723915,0.12667995195834914,0.26438140254357234,0.05383291912924126,6.91375732421875,16.30859375,3.649067544040165,5.205127889581604,14.790973179538184,2.465288105431355,26.37152424135157,291.4896966157962,50.32209664428697,2.4586722615838985,27.176192966616092,4.691634128983949,0.581736346024854,0.6858163613904465,0.13080148094447472,2227.630230585157,4506.013449507481,1403.0066748088866,1.606379400723457,2.9820766507721532,0.508432972402508,0.2768777579875422,0.4634341818960172,0.07475525144714898,0.02581389142255437,0.04320693630256267,0.00696958816102982,1.436614990234375,3.35693359375,0.6989154204351785,5.036002358521029,10.679956346127417,1.656286528183057,4.169531269892499,12.990663214231137,2.137647306819268,0.3887341051381705,1.2111466524307162,0.19929732124034014,0.7168182163393555,0.9410250880931007,0.14369009935077381,474.50850281199945,1523.79474843486,317.27653148501196,0.42757841135530494,1.0667589650007392,0.19348744906785056,1.4575123650082364,2.7647727094859866,0.6108883669804132,0.135886920678713,0.2577655317980576,0.056954397822173417,7.7297210693359375,12.9150390625,3.4989860419482386,5.435779230098693,16.395440915172127,2.85106770544352,20.310813951873836,86.15904985020033,20.59900484921158,1.8936195881828972,8.03278809417256,1.9204882272058257,0.541195062808492,0.6731101360869348,0.1803918212851698,2336.7300044361114,4242.902240413878,1455.007407629846,1.6430741970356126,2.9916257983758223,0.562667020342508,0.0541609463357664,1.1956132075376142,0.0050495381001935645,1.195613207537614,0.1834869384765625,1.1277217206585237,-0.21668078182461503,0.9569736536246878,0.3132264547926571,1.0751227019340073,0.02920275631187802,1.0751227019340077,0.014561179900690613,1.020313629828008,236.58015902953235,1.4985793882038518,0.05142665614806119,1.1202742111910022,-0.09875321839033013,0.9322453649374206,-0.009206968720363862,0.9322453649374207,-0.8159637451171875,0.8944381384790011,-0.23065134051708913,0.9575679344665178,6.060710289477733,1.2983981983114263,0.5650526734010013,1.298398198311426,0.04054128321636208,1.074910667155713,-109.09977385095453,0.9533109201132195,-0.03669479631215555,0.9776669876635156
Train41.csv,16.452346193924548,1109,0.47013434153503686,1.308024131578546,0.27328077484612906,0.02857551962458984,0.07950380548529713,0.01661044398318369,3.1505584716796875,17.41943359375,3.5948209091804566,5.727163093060984,13.317364086186949,2.51126333408391,8.873896228600662,54.6816885635293,12.110340401686807,0.5393696512341551,3.3236407694679997,0.7360859210559806,0.9163002946183996,0.9803126229107021,0.05787016434185337,786.3499540422242,1961.5442762071764,498.80880165788983,0.6993776248490609,2.4339596917946684,0.5366915847414849,1.3520773607522596,2.9897675651291404,0.5609617014807506,0.08218143143933776,0.18172286978942792,0.03409615229759146,7.6419830322265625,17.46826171875,2.8805093785009963,5.972222063235507,11.15582783966561,2.087952184608786,19.32575378774996,42.64648531074117,9.550112774500407,1.1746503240301673,2.5921218048821197,0.5804711779057405,0.6334296627682595,0.7565709034660051,0.12250658289642667,1986.9461676676901,4937.665220457126,1229.3191205531564,1.8099607342770838,2.9217676313076417,0.4394348999597332,0.4116960234271777,0.8320982194195173,0.13800116792585393,0.025023544883781203,0.050576264905414586,0.00838793241396868,2.6004791259765625,9.94873046875,1.8303869539903863,6.032993726811446,11.95619728124207,2.245996830956334,6.890869873126924,24.31593621603173,5.983002075790707,0.4188381275171292,1.4779616189337794,0.3636564660911454,0.928167015122395,0.9871731229620762,0.05112748789645228,712.3090626401122,1654.5172733314223,339.64498338767953,0.6953058813857151,1.9230813432546576,0.4398535986930339,1.5110982824619312,2.526195041024698,0.5105256539244858,0.09184697821517658,0.15354618795692254,0.03103056840081632,8.803176879882812,19.54345703125,3.3084715881660105,6.174395480859075,14.011862487104228,2.6047049287329727,21.013196091766062,66.4333833298814,13.193025506094784,1.2772157748252178,4.03792763334956,0.8018932589059333,0.6161177222149781,0.7417177223777286,0.10745120805474914,2235.1635802159826,5077.748371386191,1332.9082988266282,1.8237914968229343,2.697383969669146,0.4413145615798209,0.058438318107859155,1.1419453062028322,0.003551974740808636,1.1419453062028322,0.550079345703125,1.211529998533079,-0.30583063375046216,0.9493069862825633,1.9830263554737382,1.2877759110220848,0.12053152371702597,1.2877759110220848,-0.011866720503995398,0.9872148866414623,74.04089140211204,1.1039448959524478,0.004071743463345712,1.0058560463421233,-0.15902092170967164,0.8947646731153783,-0.00966554677583882,0.8947646731153784,-1.16119384765625,0.8680937730207566,-0.20217341762356789,0.9672561600159375,-1.687442304016102,0.9196960663838606,-0.10256545079505042,0.9196960663838606,0.017311940553281446,1.028098429779043,-248.2174125482925,0.8889488828713344,-0.013830762545850472,0.9924164782158795
Train42.csv,9.197885158010116,620,0.21999540163939246,0.691650110548335,0.1410330695388392,0.023918041795488842,0.07519664560564786,0.015333206179033278,1.13677978515625,3.21044921875,0.707716717565558,5.228399054515729,10.165312058895404,1.7410806384414035,5.782280170965043,15.493052729860237,3.1594826597610517,0.6286532253481614,1.684414673993606,0.3435009902259509,0.8599158619858629,0.9831206884579169,0.1258172047424101,480.23737202005134,1736.71377071964,388.5799863425076,0.7532408756628798,1.7171651559183747,0.3289794111365711,1.353691524470457,2.583471395792306,0.5229334500389939,0.14717421463906566,0.2808766745192998,0.05685366158149838,7.3322296142578125,16.259765625,3.092595730038866,5.668156806647737,9.894601609947768,1.6181590544795739,24.30752230441559,77.7897440842982,19.061570156319377,2.642729484749765,8.457351091903321,2.0723861875704457,0.6091140752804831,0.6761479316944379,0.04847775054954827,2164.407903217945,4281.406426228015,1332.556517880299,1.9468057705203903,2.995070805323529,0.6336020196089835,0.19886418741571407,0.8459509823319777,0.13815170138431057,0.021620642571573118,0.0919723357923499,0.015019941976987947,1.1737823486328125,5.06591796875,0.9459027060395283,5.957447313320114,12.048596565413071,2.476885763149036,7.40248015961431,27.18367142944718,6.2674733414938535,0.8048024119074534,2.9554262705458845,0.6814037394276151,0.8495584836890958,0.9865161330251274,0.08216255338881724,409.8313790303519,1945.3561833073848,358.88381216216936,0.7812317600350086,1.7071180405432307,0.3631582778707746,1.4762308817133105,2.7940901845728,0.5263618133647995,0.1604967725029392,0.303775284924005,0.05722639545095965,8.2977294921875,12.56103515625,2.93639369179407,5.807687572093496,10.74429585841225,1.9485907363761437,24.455795376784657,77.76890668320577,18.65062582251061,2.658849828700782,8.455085636232319,2.0277080548530693,0.5962881931682518,0.6774416556949311,0.04527356122799872,2239.256913644944,4089.5689242510143,1235.135122952082,2.027620882305932,2.9992244098938117,0.6222616773432909,0.02113121422367839,1.1062595256505627,0.002297399223915725,1.106259525650563,-0.0370025634765625,0.9684757881052973,-0.7290482588043847,0.8776240526417542,-1.6201999886492668,0.7811274122031981,-0.17614918655929201,0.7811274122031981,0.010357378296767084,1.0121914835713153,70.40599298969943,1.1717925873716106,-0.02799088437212882,0.9641708314945178,-0.12253935724285347,0.9169917397333982,-0.013322557863873541,0.9169917397333983,-0.9654998779296875,0.8836428834130194,-0.13953076544575893,0.9759748154986474,-0.14827307236906861,0.993937098749615,-0.016120343951016913,0.9939370987496147,0.012825882112231346,1.0215095355889636,-74.84901042699857,0.9665741746867431,-0.0808151117855418,0.9601428884014875
Train43.csv,12.966051013065872,874,0.5630671967099491,1.629381462687211,0.4149441199603446,0.043426267268464935,0.12566520531542608,0.03200235133597778,3.339385986328125,9.4482421875,2.3598888921896934,5.967566040790378,10.677567495975413,1.9406861423991915,7.228311601343642,19.249177834952338,4.553874796713151,0.5574798058452556,1.484582917000324,0.35121524603938525,0.9051963474286795,0.9720220510595188,0.12664006571695777,1072.1468086308778,3406.4694402975256,878.5642539190592,0.7304308556274526,1.4106539585495732,0.24981859799170952,1.2559150989003516,2.3517463301730057,0.5930968650457724,0.09686180454131854,0.18137722331981834,0.0457422899576833,6.66961669921875,13.85498046875,3.604920160067355,5.3737997425004265,12.401606443500036,1.9818557400783612,21.11521280845824,182.91276782753576,30.85394999342486,1.628499902335759,14.107052921758122,2.3795949871193147,0.6184859182328031,0.8048575527290727,0.12390141132949689,1931.3232734581545,4693.448682350381,1389.8202036776652,1.6361361967161867,2.745372469959952,0.5827481483120186,0.5620336035826944,1.5806611002973607,0.4331850727481965,0.04334655193137324,0.12190767248289634,0.033409175415990304,2.88238525390625,7.568359375,2.0995422840488516,5.376999288408948,12.850005412087421,1.9208026326113163,6.417031613559416,35.20325256323116,5.6422728291702,0.49491025502622055,2.715032705621541,0.4351573831912653,0.9084977201960898,0.9578875845106012,0.06895076808531178,1164.4036690631997,3897.2091482504316,1026.5919222196385,0.7639352889149611,1.798671907325812,0.32331798477670853,1.4675832720266344,2.867691429715141,0.7495383565078798,0.1131866032724808,0.22116922313705015,0.05780775933648349,7.509613037109375,13.8427734375,4.228613719617287,5.237562190150974,13.70989687437569,2.219121742697679,25.16714541373861,180.37478627411232,31.557917540927544,1.9410031156269327,13.911312402854879,2.433888121304372,0.6105752813473118,0.8323577182690886,0.1124470203107777,2039.439182716889,4463.913649779452,1522.2999420957924,1.5004207630039332,2.408824100656193,0.49006088742642934,0.001033593127254706,1.0018390237179167,7.971533709169587e-05,1.0018390237179164,0.457000732421875,1.1585494970884065,0.59056675238143,1.1098320309720886,0.8112799877842258,1.1264260543878204,0.06256955081903504,1.1264260543878204,-0.003301372767410271,0.9963661188200916,-92.2568604323219,0.9207690057293056,-0.03350443328750852,0.9561423149661069,-0.21166817312628283,0.8557709281913637,-0.016324798731162257,0.8557709281913637,-0.839996337890625,0.8881438585797014,0.13623755234945278,1.0260116343068235,-4.051932605280371,0.8389991181491548,-0.3125032132911738,0.8389991181491551,0.007910636885491318,1.0129560385543868,-108.11590925873452,0.9469874315571866,0.13571543371225347,1.0904515833548871
Train44.csv,12.84736862393026,866,0.39120342431153404,1.3907173426111206,0.3019310927040017,0.03045008170644809,0.10824919742870062,0.02350139561976973,2.2876739501953125,7.26318359375,2.0549161628189196,5.239894166524197,9.381832461954387,1.8967872835051398,7.373417017705019,25.418942347802314,6.595422955377833,0.5739242979275041,1.9785329659223374,0.5133676123445865,0.8451947359409032,0.968894010898511,0.1357115788615708,653.927776877674,2414.493441105131,552.1476678280774,0.7260207363540669,2.367627716166442,0.5267684833300628,1.3117925189251638,2.674456734951682,0.6276524575564315,0.10210592980742704,0.2081715574012629,0.04885455348321908,7.3028564453125,16.44287109375,3.634857504542784,5.888003809877281,12.673610136633508,2.3136809186924383,23.304695756688965,156.2216271436096,27.21042247165268,1.8139664579469041,12.159815112070659,2.117976316252728,0.5879060563287924,0.7185034209428788,0.1468867341598964,1988.170589401082,4127.453010776018,1373.185978818236,1.7083111166600922,2.9429126720814978,0.5071428690429026,0.3746489378108614,1.4815287355937805,0.3218346962641656,0.02916153095451923,0.11531767935997403,0.025050631431614522,2.0843505859375,8.43505859375,1.8081246544224145,5.367346496707383,10.3092199542555,1.7397424019619476,6.2615924100166644,15.520179849054886,4.006535600596752,0.48738326059652837,1.2080434759337482,0.31185651458104385,0.8564421457602627,0.973856020377841,0.14030066650186218,679.4309622354584,3214.7889446947647,667.748458294034,0.7152885488929326,1.9559114347264068,0.3970280728601854,1.3693936361732102,3.1921995407340473,0.6777444111907667,0.1065894251389734,0.24847107872253854,0.05275355841571793,7.9498291015625,30.67626953125,5.658586090790556,5.785190607947011,14.964350026354312,2.9485706547370523,22.596568434230008,80.76449773790166,16.532515941316976,1.758847986360438,6.286462240015826,1.2868406305803777,0.5715244022658035,0.7026847551000571,0.17892792293583992,2059.638289864298,4165.071063074853,1508.5114713853407,1.690670439820758,2.879734643775072,0.5217335326052511,0.01655448650067265,1.0441866633798653,0.0012885507519288623,1.0441866633798653,0.2033233642578125,1.0975475841874085,-0.12745233018318647,0.9762541266412793,1.1118246076883542,1.1775625966822385,0.08654103733097573,1.1775625966822385,-0.011247409819359455,0.9868672859281403,-25.503185357784446,0.9624639046859536,0.010732187461134357,1.015003997306744,-0.057601117248046396,0.9579367716290741,-0.004483495331546364,0.957936771629074,-0.64697265625,0.9186180422264876,0.1028132019302701,1.017771791613752,0.7081273224589566,1.031337825675613,0.0551184715864661,1.031337825675613,0.01638165406298897,1.0286630876967704,-71.4677004632158,0.9653008487874225,0.017640676839334235,1.0104341309955147
Train45.csv,17.446311202935316,1176,0.37369258946384565,0.9872781766960104,0.22150433251009763,0.0214195760420101,0.056589508533465935,0.012696341933464412,2.3162841796875,7.5439453125,1.7896081308956804,5.871437557644164,10.586393275793732,1.9945200486064907,6.771272863029395,20.114241144545257,4.694293994768987,0.38812060522513997,1.1529222946086772,0.2690708620386858,0.8967587913049034,0.9589630726397733,0.04354857019197766,816.4309144281115,3753.4669943340264,775.3456510521289,0.6804856417487014,2.5676758013708603,0.48135644791878823,1.3535064562879846,3.0897326129935254,0.6674327464725701,0.07758123998500376,0.17709947833979267,0.03825638203451715,6.673431396484375,17.24853515625,3.633531885675422,4.937255546757205,12.454459474276328,2.1577555476266976,18.200532588433507,59.315920242298176,14.757829751553304,1.043230994605398,3.399911852559317,0.8458997194243744,0.6211094389159729,0.7491771485894292,0.10878816992536293,2066.571484401041,4996.885822408579,1359.259530347832,1.6039012350455424,2.9791625205608074,0.5642723197519915,0.38986670990747985,1.0003139256422806,0.2513016077004818,0.022346655712634847,0.057336700807789055,0.01440428321937767,2.3777008056640625,8.251953125,1.893489035734264,6.028806281239867,9.722085204533894,1.5470295571794415,6.418016864923439,25.297730737027276,4.551230639692891,0.36787242817516735,1.4500332157763511,0.2608706555072315,0.8889778585059918,0.9766481467221836,0.05761765861218525,815.0617988158923,3617.8887550205322,764.2350246198889,0.652274956391187,1.372567183063814,0.29986719669456174,1.5159738698689558,2.905261625378101,0.6122736266470599,0.08689366206043,0.16652583985142344,0.03509473260708807,8.15582275390625,21.19140625,4.288498071365633,5.273676297965699,9.849065048560082,1.938508606416993,19.95916990660026,80.04527926130278,17.016000205348423,1.1440338117574194,4.588091908382059,0.9753351300122118,0.6187592634305739,0.7144470008455609,0.10538760465787232,2234.9740011084123,4403.96963191808,1391.480071391774,1.6244638796603725,2.991229930719059,0.6348498528427257,-0.0161741204436342,0.9585137175536929,-0.0009270796706247475,0.9585137175536931,-0.0614166259765625,0.974169741697417,-0.1573687235957033,0.9738972001662426,0.353255998105956,1.0550413010032142,0.020248177049972615,1.055041301003214,0.007780932798911677,1.0087526733365308,1.3691156122191614,1.00167976908525,0.028210685357514365,1.0432496834058973,-0.16246741358097117,0.8928296741717486,-0.00931242207542625,0.8928296741717486,-1.482391357421875,0.8182413470533209,-0.336420751208494,0.9362075462731251,-1.7586373181667518,0.9118882535498036,-0.10080281715202144,0.9118882535498036,0.002350175485399064,1.0037982065470326,-168.40251670737143,0.9246512413013065,-0.02056264461483015,0.9873418886856818
Train46.csv,12.832533325288308,865,0.42093201894570037,1.1083548650705617,0.2819089090930321,0.03280194239715667,0.08637069836291739,0.021968297447355234,2.5775909423828125,7.6904296875,2.102966971501783,5.568005865026154,12.092014695320017,2.0434477970272726,7.987359439607422,29.169133916122533,7.170587244105412,0.6224304458938913,2.273061224679671,0.558781891489404,0.8579689839483549,0.9750840750593233,0.15513690202166502,684.4736946881648,1887.1629585746518,479.025927630799,0.7977668978713791,1.9124441149270266,0.457124567843578,1.331633919866131,2.3992393097762066,0.5117489089935081,0.10377015092117156,0.18696536755125107,0.03987902435328455,7.4909210205078125,14.4775390625,3.5767468769053896,5.440161980842117,8.782125450939171,1.598767499327777,17.189115630634046,54.441141049937436,12.85620723598531,1.3394951094154168,4.242431300969508,1.00184483531793,0.5670465507604083,0.7268778446779575,0.16316994605834972,1993.734791860158,4772.4272705298645,1306.8293466181644,1.6158944003880586,2.938067628499171,0.60032398383263,0.40494746422250555,1.3737906534672266,0.3026177079105318,0.03155631502818697,0.10705529599209997,0.02358207068234774,2.4112701416015625,8.3984375,1.9084005506887576,5.6669199968174375,9.787609037224575,1.5600667200602514,6.3801182305885735,22.058304292621884,3.9708526461326623,0.4971830634575992,1.7189360614519424,0.30943637904353144,0.8705380555770775,0.9776664553588884,0.12424018455038666,747.505234741106,3063.4321177958386,621.9653093101286,0.7302209123786156,1.4589013807325353,0.3150575765763426,1.4124582009689535,2.853611865499712,0.650177149096496,0.11006853948202934,0.22237322850946892,0.05066631292632069,7.9517364501953125,19.90966796875,4.335453353708656,5.5344247110028775,8.95310502370725,1.925284526700612,20.49202987145882,58.332416139433846,13.347428516678464,1.5968810952609331,4.545666444869591,1.0401242044994718,0.5785808266846676,0.7255195949031814,0.15812610647829645,2117.6596072201437,4569.4385689447845,1466.3791876732478,1.6289204168366656,2.87002641193083,0.5977795136873328,0.01598455472319482,1.0394731567312936,0.0012456273689697012,1.0394731567312936,0.16632080078125,1.0689764277804146,-0.09891413179128339,0.9825453452939455,1.6072412090188486,1.251914016469657,0.12524738243629208,1.2519140164696567,-0.012569071628722672,0.9855617206528775,-63.031540052941295,0.9156774600049833,0.06754598549276347,1.092500754700026,-0.08082428110282236,0.9427775766763388,-0.006298388560857779,0.942777576676339,-0.4608154296875,0.9420484528663948,-0.09426273016076081,0.982967926192336,-3.302914240824773,0.8388195673370039,-0.2573859858455163,0.8388195673370039,-0.011534275924259263,0.9800645382766104,-123.92481535998559,0.9414802950684497,-0.013026016448606903,0.9920032824722627
Train47.csv,19.478747116882715,1313,0.6939752215426158,1.1719955064484802,0.22428811123018935,0.03562730279203277,0.06016791015437961,0.011514503981408191,3.569793701171875,7.09228515625,1.3117693953055116,5.084793488633942,9.047724601742502,1.1205195277830764,4.289817647038808,9.144883982871747,1.0572214069426682,0.22023067609521532,0.46948009171214344,0.054275636959542864,0.9312165915227701,0.9843110145960887,0.06764887684389531,1180.591500235731,2230.443612753255,574.8658500162799,0.4987806832453618,0.89475645969312,0.16674568978058385,1.380373013982073,2.5698072464440633,0.5941391000951832,0.07086559549744703,0.13192877503998948,0.03050191557650174,7.4108123779296875,16.650390625,3.338140922722892,5.598243391161486,11.176034903418325,1.7857506969698707,18.39228641417093,72.75946669518527,17.34273103816364,0.9442232759534045,3.7353258019414826,0.890341197721709,0.6495680610759925,0.746936244546059,0.07803665456026491,2161.2093980868012,4669.957330189644,1299.0055311472925,1.548054601552289,2.9872221387275735,0.5998419928392555,0.678634825367151,1.170371451631101,0.2500299035090455,0.03483975746976874,0.06008453442145213,0.012836036219821264,3.7624359130859375,11.5478515625,2.253507185385971,5.302054816862371,11.110220881581256,1.8131726556699925,5.431512922243538,16.61792471039391,3.665947757114153,0.27884303285276035,0.8531310874707513,0.18820244110755896,0.9252570303122427,0.9884662356293817,0.06333132105693161,1097.2070680096376,2068.14068472183,565.9096732076902,0.5704414421132544,1.8093845091203182,0.370454170615542,1.6668563679884738,3.3222185341235293,0.6119371674071242,0.08557307910957825,0.17055606883689556,0.03141563282972872,8.933258056640625,13.53759765625,3.151226908106397,5.554839205834297,11.012425383518533,2.1312001810260277,25.15053779231661,131.99101808533337,27.383504885859708,1.2911784131392112,6.776155432036666,1.4058144870172755,0.658244631959932,0.7563972248712935,0.06214562832715469,2404.3087941201748,4449.560022404479,1314.7908669106619,1.606974477057533,2.995375947988974,0.6118233426491841,0.015340396175464788,1.0226047877327331,0.0007875453222640355,1.0226047877327333,-0.1926422119140625,0.9487985399979723,-0.21726132822842903,0.9590231833255547,-1.1416952752047305,0.7898016093215622,-0.05861235675754503,0.7898016093215621,0.005959561210527431,1.0064409791174636,83.3844322260934,1.0759969878587776,-0.07166075886789264,0.874376660639489,-0.2864833540064009,0.8281295500270831,-0.014707483612131214,0.8281295500270832,-1.5224456787109375,0.8295755401827654,0.043404185327189815,1.0078137608882722,-6.75825137814568,0.7312879973401484,-0.34695513718580673,0.7312879973401484,-0.008676570883939472,0.9868186226477763,-243.09939603337352,0.8988901106929851,-0.058919875505244024,0.9633349027340311
Train48.csv,0.059341194567807204,4,0.1052729272353747,0.2806993232722291,0.050990496086492317,,,,0.3589630126953125,0.81787109375,0.1779428499955975,3.560925847862511,7.227210002059406,1.3742700082638493,7.487815687300821,18.848377073461005,5.333581344869782,,,,0.0014024664446108488,0.009911851994986513,0.0022369346560105244,7.615925460631203,15.122022734413067,3.6405157806815924,1.3404838753271175,2.640823407577689,0.7316659062814558,1.2453516314654105,3.063868927081221,0.577774528869666,,,,6.7539215087890625,17.7978515625,3.527206622030684,5.843262826393018,17.551039389085993,3.3974519029970054,40.11088305733732,335.8130769371585,75.20769227003181,,,,0.20055380216045635,0.638722345021918,0.12040494183730606,2557.5539660047425,7462.861252579721,1692.1373178178799,1.9771858262809328,2.9951832338689988,0.7308544618769939,0.11192141047328782,0.8644103955422895,0.1402161573654958,,,,0.4100799560546875,1.7578125,0.3023683638835766,4.1813669252216155,8.427465028547775,1.5026572827192035,9.514448256764783,43.41530584320344,9.720942696725768,,,,0.0022208046241255224,0.03739873376452598,0.0065576952835678555,8.769008977305937,19.778809507407253,5.041132816817016,1.3923664412684023,2.5749329227416133,0.661942538933142,1.3636761812616602,2.5816567217139887,0.5837550651679114,,,,7.1308135986328125,12.8662109375,3.4062649883136817,5.688641252930598,25.297475578708582,3.869970453458394,44.43782567040013,466.77555281553396,98.9828080945435,,,,0.19368869797857297,0.5513631950977743,0.09863870707717666,2781.0862855788237,6883.780054209075,1831.1418406576752,2.0264244330817167,2.998009747442298,0.6293123107597877,-0.00664848323791313,0.9405968597983322,,,-0.051116943359375,0.8753488372093023,-0.6204410773591045,0.8516176435948106,-2.0266325694639624,0.7869942097774273,,,-0.0008183381795146736,0.6315127541501282,-1.1530835166747337,0.868504694240946,-0.05188256594128471,0.9627378508964771,-0.11832454979624973,0.9132311970963832,,,-0.37689208984375,0.947145990477719,0.15462157346242034,1.0271807566319575,-4.326942613062812,0.9026292905247844,,,0.00686510418188338,1.0354440101747333,-223.53231957408116,0.9196240977012485,-0.04923860680078396,0.9757017305965348
Train49.csv,0.0,0,0.07061842743483808,0.1288820301769113,0.029861781737223855,,,,0.2040863037109375,0.390625,0.08064002950210457,3.310195640337152,10.028687427913425,1.887955323375857,15.860150349322868,49.30484739447923,10.187456305890962,,,,0.0,0.0,0.0,0.0,0.0,0.0,1.7583110680105358,2.8492825976680636,0.8544343756538252,1.3381007201945412,3.0633027377319877,0.6177317284674263,,,,6.591796875,16.8701171875,3.4750866168191052,4.923344417709739,11.640370882039951,2.112970105618098,18.755040439152996,72.04641318570745,16.866660945198173,,,,0.0,0.0,0.0,0.0,0.0,0.0,1.7023450863328176,2.959019247002651,0.6038374426029541,0.05431912326341322,0.134751305303108,0.02530247984947983,,,,0.215911865234375,0.4150390625,0.09647790968233388,4.312965012525471,10.713671025492687,2.2086339598228504,14.797054574327648,36.14952028423986,8.112040136183222,,,,0.0,0.0,0.0,0.0,0.0,0.0,1.8185012543769514,2.899413960089934,0.956552722297627,1.491923335509657,2.804276768354193,0.5625155011428541,,,,7.404327392578125,12.29248046875,3.5570851528170957,4.813385285771256,9.804883080525592,1.8430532492788991,18.193209919108035,68.54498599842773,14.868316019354342,,,,0.0,0.0,0.0,0.0,0.0,0.0,1.7420414097616603,2.9699519080730648,0.5727549910867387,0.01629930417142486,1.3000656710231422,,,-0.0118255615234375,0.9452296819787986,-1.0027693721883186,0.7674988391336048,1.0630957749952206,1.0718450938769701,,,0.0,,0.0,,-0.0601901863664156,0.9669012126213585,-0.15382261531511587,0.8968964345191581,,,-0.812530517578125,0.8902627511591963,0.10995913193848317,1.0228444484308228,0.5618305200449605,1.0308813300425275,,,0.0,,0.0,,-0.03969632342884277,0.9772127555599991
Train50.csv,1.8840829275278788,127,0.08626426254607589,0.13437368924588391,0.024721376841177912,0.045785809788778234,0.07132047495499404,0.013121172364538667,0.316619873046875,0.830078125,0.13813839972021544,3.7547077102652553,6.1773858383919205,1.3022308932638205,6.655078821298672,20.99756535855373,3.7673570307476876,3.5322642777889075,11.144713988839554,1.9995707066306623,0.4386038360198075,0.8563546799430428,0.16458582943186786,68.84872598325427,147.8662189511002,31.0473055552426,1.0296298054712947,2.383581225077724,0.7180763272808053,1.2244350124031327,2.983461087781825,0.6059112290226589,0.6498838212019279,1.5835083712034108,0.3215947770503288,6.5052032470703125,16.9189453125,3.5169272651668493,5.471317903723744,12.185434811091193,2.5435246593256986,20.20842002294536,59.33963232553355,15.25312008311291,10.725865474223578,31.495233812979553,8.095779575438677,0.34236594803219356,0.47042004873589643,0.06902528674253754,2102.085070448674,5471.421718227518,1430.5243627873222,1.7936434433215573,2.98958777158603,0.6419354543992442,0.07481426241286197,0.14926094736752138,0.028125153480048817,0.03970858252562503,0.07922206883078546,0.014927768342422204,0.3559112548828125,0.69580078125,0.15374649777411786,4.825713094798393,7.274176000007444,1.3438133003243888,8.44921747285074,27.37421792746772,5.382450846514659,4.484525255975347,14.529200136315477,2.8568014538388806,0.4605228308762662,0.8412213377271298,0.15798670727798994,76.19946321776787,150.47822537741067,34.856607643663196,1.1838465276948866,2.6956069853894014,0.8261591244527712,1.3958457164954858,2.5336282177844027,0.6226580570277575,0.740862143646186,1.3447540873950796,0.3304833603289174,7.295989990234375,12.451171875,3.5617118085610318,5.203425838757919,11.306438095596869,1.9356393123742566,18.868094949829928,65.91439221679624,14.88444898557232,10.014471589415077,34.984867838743746,7.900102892552789,0.3287027764196251,0.45489562200565986,0.08962218352859974,2319.9113886170926,5567.616214641223,1520.0369269192754,1.7221797636664824,2.9990673418493743,0.654372584105583,0.011450000133213914,1.1530456862626963,0.006077227263153205,1.1530456862626965,-0.0392913818359375,0.8896034297963559,-1.0710053845331373,0.7780627725905281,-1.7941386515520685,0.7876562347558168,-0.9522609781864397,0.7876562347558168,-0.021918994856458707,0.9524041081421478,-7.350737234513602,0.9035329525418548,-0.15421672222359195,0.8697325044962768,-0.17141070409235315,0.8771993909737319,-0.09097832244425808,0.877199390973732,-0.7907867431640625,0.8916135104046847,0.2678920649658245,1.0514837865028113,1.3403250731154337,1.0710365872484395,0.7113938848085013,1.0710365872484393,0.01366317161256847,1.0415669492098416,-217.82631816841877,0.9061057593677033,0.07146367965507494,1.0414960628168863
Train51.csv,1.2906709818498068,87,0.07315745586764241,0.12799856646673813,0.028921720265806264,0.05668172361231223,0.09917211145732036,0.022408282724660993,0.24261474609375,0.4150390625,0.0853265153809559,3.6430804945543414,10.057851109348166,1.6993159790271066,13.73483010243069,55.98989314025614,9.622027092525682,10.641619975639141,43.38045398681753,7.455058049523408,0.09446002513282549,0.611200244906131,0.14756989548593344,16.770741838341092,65.2940795775269,11.460467080316912,1.7403473818304633,2.8705323154681492,0.7916267774555064,1.3563078330231613,2.414758276437165,0.5017213139937062,1.0508548282996824,1.8709324920099324,0.3887290572494569,7.067108154296875,15.52734375,2.8331457403310276,5.315385109592447,7.88720729630806,1.3755743803279277,21.626919821984316,105.57613445423338,20.343164572343976,16.75633846744453,81.79941746495321,15.761696713121948,0.10540933084537635,0.2574049726059997,0.07070174913754661,1083.1271148814976,2040.0141782991968,478.20646680769084,1.8940066408910836,2.9883558165292157,0.593576550171928,0.05794421657071863,0.1407219234873683,0.023835258411465436,0.04489464579708161,0.10903005139674232,0.018467338885472136,0.2391815185546875,0.390625,0.06650167334024738,4.516063924076729,7.438285797611518,1.5990036097208253,13.223950627684642,36.643273421388976,6.727562085075831,10.245795259712047,28.39087105597691,5.212453196579814,0.07269388786952101,0.47921848214188423,0.0898163915060155,15.954927487710133,31.33913559592533,6.52945930297609,1.9737739526879934,2.8353075180811955,0.7614469911314377,1.5147150703647139,2.721810514647534,0.5000449307218601,1.1735872981306235,2.108833740684709,0.38743021091648705,7.924652099609375,11.58447265625,2.7167166237664553,5.407766046476955,10.976642844094387,1.6830718925597636,21.729072708231698,89.49568721113317,18.88977428135916,16.835485583699498,69.34043491306109,14.635623289745064,0.12563285305673913,0.3934778950714864,0.08970887504170108,1391.70297036688,2947.070320890649,685.3513721206771,1.9410409992025686,2.9990544929420686,0.6139491497002051,0.01521323929692378,1.2625497452080765,0.011787077815230619,1.2625497452080765,0.0034332275390625,1.014354066985646,-0.8729834295223875,0.806693739460107,0.5108794747460479,1.0386328933863764,0.3958247159270947,1.0386328933863762,0.02176613726330448,1.2994218345065371,0.8158143506309585,1.0511324386312235,-0.23342657085753005,0.8817359148246754,-0.1584072373415526,0.8954210990299244,-0.1227324698309411,0.8954210990299244,-0.8575439453125,0.8917878116876865,-0.0923809368845081,0.9829169871457933,-0.1021528862473815,0.9952987921933418,-0.07914711625496906,0.9952987921933418,-0.020223522211362782,0.8390268013556191,-308.57585548538236,0.7782746303947057,-0.04703435831148495,0.975768487975881
Train52.csv,1.2906709818498068,87,0.16849185081934548,0.34898839175831353,0.07387169150038729,0.13054593555505584,0.2703929945477962,0.057235106808176166,0.70037841796875,1.5380859375,0.3573131448010266,4.162863103753869,8.144214479000729,1.08144145066961,5.271556096293708,24.056587187398605,4.443628001631834,4.084353154619192,18.638822384400697,3.4428820854585007,0.4104524786199059,0.8039507489886065,0.21760992258663622,253.64895417406314,622.5125844903498,167.21989654896822,0.7865280381167948,2.874076294573396,0.55780775029736,1.3291684214994774,2.2897145023005883,0.4488088433992318,1.0298274619876366,1.7740497264600612,0.34773296193270964,7.126617431640625,12.73193359375,2.7077785287232277,5.60586133749346,16.242719020528625,2.589161303815674,31.008642116568446,146.8286563491622,35.914652848642625,24.02521057080438,113.76149182398555,27.82634254096987,0.1358075046057956,0.4467697188573736,0.12380666829594893,982.428408322698,1969.0949968702082,509.9793303901678,1.8507717583781687,2.9860648120800106,0.7001778879683936,0.1661273034627234,0.3371547557922512,0.06867767186415576,0.1287139060216784,0.26122440229425203,0.05321082818932367,0.7465362548828125,2.197265625,0.4190043402816131,4.444537521194225,11.497441376528283,1.6319711953692801,6.040444187564642,43.04352276495935,7.224017699046346,4.680080572437908,33.34972535236579,5.597102437906202,0.43977339567226514,0.8003196523000096,0.208772410142703,269.37814628943613,654.5537749894379,174.6943687320373,0.7826066382611143,2.3858779219260025,0.5625113110077381,1.4141208374958758,2.326355767528286,0.5271281346995172,1.0956478121706423,1.8024390415860456,0.4084140281390925,7.775115966796875,12.39013671875,2.935637055640646,5.769604037903349,14.548558268754997,2.558968824972842,30.563656971654158,134.95534527690046,34.16201959083737,23.68044017527218,104.56215966324793,26.46841842053031,0.15153716544859083,0.4556758225053595,0.1260836891370842,1206.7059222669018,2382.416512625205,628.4807054716488,1.9078491329507057,2.9992462726811886,0.6834037741187039,0.0023645473566220876,1.0142333457976862,0.0018320295333774383,1.0142333457976862,-0.0461578369140625,0.9381706693919264,-0.2816744174403558,0.9366245833009255,-0.7688880912709344,0.8727100081722746,-0.5957274178187157,0.8727100081722751,-0.02932091705235923,0.9333272150136835,-15.729192115372996,0.9416092495548151,0.0039213998556805185,1.0050106907659173,-0.08495241599639836,0.939925631711338,-0.0658203501830057,0.9399256317113382,-0.64849853515625,0.9165930723187126,-0.16374270040988925,0.9716197681272088,0.44498514491428764,1.0145592899870255,0.3447703955321977,1.0145592899870255,-0.01572966084279523,0.8961993198418936,-224.27751394420375,0.81414070337628,-0.05707737457253703,0.9700828678815602
Train53.csv,14.123204307138113,952,0.5955390390902451,1.0601971859432424,0.20981876323056195,0.04216741655356847,0.07506775111986451,0.014856314379344912,3.583526611328125,10.72998046875,1.9776472309340443,5.9998625727614,11.95867932125386,2.281161576585279,8.382778589851,32.80486207507803,7.14213584767375,0.5935465074037198,2.322763401397364,0.5057022253840788,0.9222778203779978,0.9738833827523002,0.04516007929582381,987.4759910657617,1663.8089181894393,400.54133952424587,0.8298693762499211,2.0624773280188182,0.3929286593318184,1.4974310527607806,2.852865305589555,0.5450059278455663,0.1060262968796644,0.20199844479681336,0.03858939628665648,8.089828491210938,17.0654296875,3.211848942868392,5.541479701825402,11.08762612284729,1.5640741589057705,15.31309994643057,55.97717788242332,10.296978781915817,1.0842511099758758,3.9634899180868945,0.7290823355654173,0.6483154398512008,0.7409404950093607,0.05091127158920015,2409.750207419015,4646.272419828627,1050.5005864385905,1.5278529236129752,2.108721184379148,0.3345734415283757,0.7687620864073981,1.8925096560475014,0.41995503715869054,0.05443255437569875,0.13400001974700557,0.02973511025018862,3.7197113037109375,7.4951171875,1.5988509390399994,5.2264541791146115,9.455542937217803,1.3883244176855039,5.451955194075515,13.792513323210665,2.229447296624104,0.3860282040471511,0.976585272241632,0.15785704491276828,0.9334281415071228,0.9909996139377615,0.045334584133775765,1376.5166929651618,5077.622076472565,1045.1139642987498,0.6389748203305918,1.0055144295500305,0.16846637518561372,1.712601273099784,2.7231737545333927,0.4785955926332465,0.12126152364971492,0.19281557466084756,0.033887181848056676,9.64508056640625,15.1611328125,2.935911164234153,5.686358393516923,9.525122017746849,1.511821573080554,13.80439351011185,40.74442379683683,7.240636419293264,0.9774264543588645,2.884927733874379,0.5126766038238022,0.6280350263430193,0.7417005601281589,0.06743378620718114,2537.4822935694974,4898.497574497623,1136.848772873842,1.4852827899943826,2.363194521924001,0.4177788597402519,-0.173223047317153,0.7746727493720923,-0.012265137822130283,0.7746727493720924,-0.1361846923828125,0.9633883704235463,0.7734083936467888,1.147979560738789,2.9308233957754855,1.5375729057642162,0.20751830335656873,1.537572905764216,-0.011150321129125063,0.9880544407937801,-389.0407018994001,0.7173730591952608,0.19089455591932925,1.298751296366521,-0.21517022033900335,0.8743605860168793,-0.015235226770050514,0.8743605860168793,-1.5552520751953125,0.8387517797816801,-0.14487869169152123,0.9745217093849204,1.50870643631872,1.109291758106836,0.10682465561701127,1.1092917581068358,0.02028041350818144,1.0322918510234567,-127.73208615048225,0.9496618808043777,0.04257013361859263,1.0286612986465382
Train54.csv,10.384709049366261,700,0.31373492129359815,0.8137347302857322,0.15227088457052246,0.030211238447045773,0.07835893393040137,0.014662989964058255,2.48565673828125,9.619140625,1.9214099606340644,7.149947143432325,12.588256129205167,2.575583203222979,10.162057714235829,24.665271505921083,7.108360721815522,0.9785596944438208,2.375152870308515,0.6845026363304149,0.743423562105626,0.9624119377154605,0.15968096854689023,452.6622902346427,1069.4897923347548,246.94836901733532,0.8113049873682325,2.177803127620198,0.4936998479520227,1.2781707760685017,2.3579670513506663,0.5327476349849778,0.12308200162300201,0.22706144583748006,0.05130116139531991,6.9610595703125,16.4794921875,3.5946131789138476,5.732079879935418,12.286094046650511,2.5268419698052966,32.513624433551975,139.087678568199,39.02365289158032,3.1309133726318645,13.393507502907555,3.7577993476824254,0.5800551701143742,0.7023880929452134,0.11689236794253596,2080.765159081989,4771.600386787009,1456.892911276156,1.8164677658560866,2.992000035677203,0.5898022421677606,0.32407010673882,1.208225141263625,0.21056686907567973,0.031206469550400805,0.1163465568000057,0.020276626728269274,2.2632598876953125,7.91015625,1.7071983251684728,6.480550274379178,11.833707988194925,2.4156052305922215,8.691180951396687,40.375861462112084,7.861290025937523,0.8369209873941608,3.888010850393162,0.7570062857386713,0.7590994234431481,0.9580379357321653,0.16178372832142768,485.17037655621795,2081.112008273843,357.0976647168297,0.7653001918472471,2.808717841450382,0.5405770591567925,1.35902490077288,2.836904452860802,0.6316666778142271,0.13086788414701092,0.27318092778284697,0.06082661293748767,7.466888427734375,14.0380859375,3.763654403838984,5.55482226203241,13.934717932458689,2.5893553749941045,26.109018484989228,129.81985425405477,29.631180118527826,2.5141791032250977,12.501058396236646,2.8533471643421824,0.5423174021038291,0.6917020856039668,0.1659984126588416,2131.479858297236,4516.406631784918,1548.9475788564002,1.725400135576688,2.9941903934625764,0.626142298857437,-0.010335185445221828,0.9681081802045033,-0.000995231103355032,0.9681081802045035,0.2223968505859375,1.098263947412776,0.6693968690531467,1.1032932144203254,1.4708767628391417,1.169237848235431,0.14163870704966008,1.169237848235431,-0.01567586133752208,0.9793493963328032,-32.50808632157526,0.9329965556588171,0.046004795520985464,1.060113398652026,-0.08085412470437836,0.9405057812712655,-0.0077858825240089136,0.9405057812712658,-0.505828857421875,0.9322570757126801,0.17725761790300787,1.0319105831908566,6.404605948562747,1.2453024403136765,0.6167342694067668,1.2453024403136763,0.03773776801054518,1.0695861277254757,-50.71469921524704,0.976206812831081,0.09106763027939868,1.0527805860227086
Train55.csv,0.0,0,0.07048101182416613,0.1286403919979132,0.029711539742136927,,,,0.2044677734375,0.341796875,0.07696240364330134,3.230179684210019,6.849959444253666,1.5212891172143752,16.65357347774567,56.89675948626199,11.58319576824348,,,,0.0,0.0,0.0,0.0,0.0,0.0,1.7308952420872459,2.950163939322996,0.8321003941109081,1.293605936243039,3.0411405715313236,0.6239512142025757,,,,6.6532135009765625,17.041015625,3.361252499015848,5.152678097396242,10.586110891520805,1.9430851320864337,22.308364405396667,62.237485959296,16.70822394951371,,,,0.0,0.0,0.0,0.0,0.0,0.0,1.8384904631718593,2.988891040184833,0.7526178653649584,0.05437064677604039,0.12760044274118798,0.02574435117712859,,,,0.206756591796875,0.32958984375,0.08385048217951838,4.104112823471551,7.445911111645797,1.699746204741671,16.720995848446215,102.91816899614797,16.923538041520963,,,,0.0,0.0,0.0,0.0,0.0,0.0,1.7192427796163188,2.9560128279132303,0.8390664516779955,1.4683634156774077,2.5632598581906763,0.5435010155038066,,,,7.5862884521484375,12.07275390625,3.2364103603433048,5.163576936853332,9.145655139274155,1.8871812369065504,21.306369634241978,66.5093696469836,14.193111404118294,,,,0.0,0.0,0.0,0.0,0.0,0.0,1.9128232032174655,2.9991562591914387,0.6943497803971566,0.01611036504812574,1.2963062976698876,,,-0.002288818359375,0.988929889298893,-0.8739331392615322,0.7870591826171345,-0.06742237070054458,0.9959678017199669,,,0.0,,0.0,,0.011652462470927105,1.0067776713150005,-0.1747574794343687,0.8809848586742766,,,-0.933074951171875,0.8770050786946246,-0.010898839457089693,0.9978892849684677,1.0019947711546884,1.0470279446172923,,,0.0,,0.0,,-0.0743327400456062,0.961139775008702
Train56.csv,13.871004230224933,935,0.3294710748323331,0.5374581886263904,0.10831128587785654,0.023752503377831524,0.0387468837660123,0.0078084675110866265,2.06451416015625,4.58984375,1.009448186019271,6.162935894978652,12.18447656046945,2.2393848441919495,9.009086653645623,43.92357449992774,9.130968465704933,0.6494905851167438,3.1665749480645546,0.6582773903138566,0.9216337117771525,0.9829395044653488,0.05464301201522474,557.8344588047519,1069.6213240589875,223.11754896525952,0.7346559187261154,2.8881228984728513,0.5866573725292973,1.2072220952707644,2.296628968043505,0.5174684441676762,0.08703206164700217,0.16557049006150168,0.0373057664448052,6.2541961669921875,13.720703125,3.4154577696369395,5.287044832459544,10.966150047895415,2.2479784106257386,20.122659246874417,61.99019084321213,14.330043281426871,1.4506995249145063,4.469048514031553,1.03309342593968,0.6142438875836871,0.7618257368875002,0.15354476495294822,1939.0274178592977,4736.404897034732,1446.9269383044802,1.8412000403128188,2.927918235458889,0.6371324604560203,0.2899128814918416,0.80254525140236,0.13971477636162763,0.02090064112734686,0.05785776127539584,0.010072434125366998,1.65557861328125,5.5908203125,1.0830376331155442,5.601131893040851,10.34217528196982,1.974883415882072,6.051116419375602,20.454454355993118,4.296606822041515,0.4362421291884702,1.4746195745094532,0.30975456071732743,0.9052188710002383,0.9795980130217102,0.051895041474567416,606.5881134111701,2322.6338669057177,418.69988479933,0.5247920442073627,1.9704209483305868,0.3630211551101511,1.3303434795250653,2.753526171705872,0.5784257972842463,0.09590823111611813,0.19850950414288934,0.041700354760461814,6.8359375,12.5,3.763407640035401,4.834377670973871,9.899715177726197,2.1005918940354285,16.663766218150137,46.93127697816136,10.513130116328544,1.2013381253132178,3.383408742382044,0.7579213402170566,0.6019825117110128,0.8173491017889869,0.17301494471431478,2003.6659228664766,4885.223172505427,1488.0061880342469,1.5951757398698168,2.9895176368893606,0.7150827454196291,0.03955819334049154,1.1364485535686857,0.0028518622504846644,1.1364485535686857,0.408935546875,1.2470046082949309,0.5618040019378014,1.1003018698123888,2.9579702342700207,1.488830494947781,0.21324845592827363,1.4888304949477809,0.01641484077691413,1.0181335600734618,-48.753654606418195,0.919626426023665,0.20986387451875266,1.3998991159169107,-0.12312138425430086,0.9074514317924455,-0.008876169469115958,0.9074514317924455,-0.5817413330078125,0.9148995535714286,0.45266716148567276,1.0936350430798023,3.4588930287242796,1.2075697044379357,0.24936139960128845,1.2075697044379357,0.012261375872674285,1.0203683257140208,-64.63850500717899,0.9677398790539362,0.24602430044300205,1.1542302169559575
Train57.csv,5.607742886657781,378,0.2417859701926307,0.7091628866640322,0.13121827928035823,0.043116450785912426,0.12646137688504006,0.023399482096898423,1.3278961181640625,6.6650390625,1.2172602142360076,5.039898355247601,12.55957503295002,2.045512271576713,7.088176091563609,33.27520862002406,7.576253412466389,1.2639980531967945,5.933797125255881,1.3510343761466286,0.8484614839525156,0.9737975205337401,0.08905391766257248,458.1017368561334,1200.4744565059843,279.15771563406446,0.7525473438849424,2.504805411321933,0.4629188138256165,1.2819793378452684,3.002617625327384,0.6247709874967544,0.22860879390448105,0.5354413863145117,0.11141220275687753,6.8603515625,17.71240234375,3.5283546984549297,5.684886521907554,13.008992154869972,2.93247694778336,29.454807155245227,168.60104400904513,35.227647022337905,5.252524545182975,30.065758615679236,6.281965442130605,0.5078106179244047,0.6122791154535188,0.11068691967656206,2055.1605888317386,4935.942146631578,1412.2061511961517,1.7326457179912003,2.9653790881749336,0.6444959251879387,0.2656500827054018,0.520538443689311,0.11118264486258275,0.04737201545695856,0.09282494832774908,0.019826630269928033,1.2889862060546875,3.4912109375,0.7293245269381209,4.762430275570216,8.913136199795295,1.4091476041383373,5.5883129351648915,21.759905739723923,3.99804672688522,0.996535156499575,3.880332279765566,0.7129511476707625,0.8736538043246611,0.9895235483320423,0.0714316047891194,547.1918402600172,1532.2736080212608,298.50063298952443,0.6195632505317394,1.4418590224810772,0.2459572667429161,1.4248869358467535,2.6390069625955257,0.596746930851758,0.25409277219840354,0.4706005635305394,0.10641481660501372,7.513427734375,12.890625,3.393148493984954,5.442452704269272,11.330658636796239,1.8257265701383405,30.435530090102105,203.27284842974342,40.02421347838292,5.427411831329825,36.24860350023897,7.13731251366936,0.5140214066803843,0.6572313642216787,0.0876958786764613,2259.215113751452,5160.517979864629,1536.0229856344083,1.7544139414141755,2.9078631941280935,0.47003123891975324,-0.023864112512771096,0.9101671180760155,-0.004255564671046132,0.9101671180760154,0.038909912109375,1.0301864456939922,0.2774680796773854,1.058261867076713,1.4998631563987175,1.2683928358701448,0.26746289669721945,1.2683928358701448,-0.02519232037214547,0.9711644128973727,-89.0901034038838,0.8371867106761871,0.13298409335320294,1.2146416741778494,-0.14290759800148511,0.8997060086619709,-0.025483978293922488,0.8997060086619709,-0.653076171875,0.9130787977254264,0.24243381763828253,1.0445449562562312,-0.9807229348568782,0.9677770378254126,-0.17488728614684934,0.9677770378254126,-0.006210788755979579,0.9879172566059269,-204.05452491971346,0.9096790191966808,-0.02176822342297524,0.9875923105094407
Train58.csv,9.405579338997441,634,0.21808049681318525,0.4340991605762414,0.08929582804652994,0.023186290706089654,0.046153367584320745,0.009493921089612344,1.1737823486328125,4.45556640625,0.855679963739518,5.03236387044169,10.263936931680528,1.6701891309906005,6.458229456300049,29.802680569453234,5.552386654149832,0.6866381350400095,3.1686172106257473,0.5903290434357945,0.8369394102142134,0.9878167846067049,0.10613328787266575,426.86072816025757,1161.1540274525778,259.8570382853061,0.6616261456901259,1.9685746400412611,0.4376316503365217,1.2771461115087996,2.9797261464133706,0.6161711280393712,0.13578601226757958,0.31680410520368707,0.06551123602611067,6.5410614013671875,16.2353515625,3.1222660941398988,5.197661818418764,9.717579945701537,1.7413393763684089,18.38971239400451,44.63268290608446,9.88628937465686,1.955191884646279,4.74534117436321,1.051109029899551,0.6238275574530658,0.7398894831527717,0.0825292057760944,2156.122471639597,5037.75485845651,1343.02334379187,1.8529032276191373,2.9905579185111977,0.6288197900183071,0.23692594409474232,0.8950450704190892,0.19639363070532617,0.025189936266062776,0.09516107813880753,0.0208805458576101,1.200103759765625,4.57763671875,1.1892909576005937,4.745255796206485,8.442490390398973,1.335029668713359,5.097201686748146,14.923350533375174,3.41922696536699,0.5419338355495141,1.5866487321519829,0.3635317764202127,0.8436194719496772,0.9878068568086915,0.08378226833845696,477.18908200281584,1957.2423055035429,493.79317262248867,0.5401893929157386,1.1778598217670522,0.23512976789258558,1.4588241234894879,2.71910557942822,0.5684025784575634,0.15510199541254274,0.2890949596431829,0.06043248990531087,7.5733184814453125,13.70849609375,3.4725797258778055,5.174333434392983,9.311068683366733,1.7635198907534748,21.251260278206992,107.2907266033566,18.325841549396152,2.259431292030566,11.407136417265386,1.9484011445646408,0.5997768076545231,0.7131251390587972,0.12326416933641413,2368.1338278922676,4554.683862849132,1423.8519586838238,1.8734131959717089,2.9951119511017423,0.67773016340778,-0.01884544728155707,0.9204584902950893,-0.0020036455599731218,0.920458490295089,-0.0263214111328125,0.9780673871582962,0.28710807423520546,1.0605042355071204,1.3610277695519022,1.2670146981019688,0.14470429949049535,1.2670146981019685,-0.006680061735463871,0.9920816648292556,-50.32835384255827,0.8945316317143625,0.12143675277438726,1.2248040305251413,-0.18167801198068823,0.875462703793164,-0.01931598314496316,0.8754627037931639,-1.032257080078125,0.8636981816350173,0.02332838402578119,1.0045084810095,-2.8615478842024835,0.8653469089954642,-0.3042394073842871,0.8653469089954645,0.024050749798542714,1.0400994994998143,-212.0113562526708,0.9104732368772548,-0.020509968352571573,0.9890520850409974
Train59.csv,5.177519226041179,349,0.2372278547964442,0.5887225022343462,0.13947749918910757,0.04581882643781754,0.11370744878614264,0.026939059634502698,1.5155792236328125,4.69970703125,1.2803391926921164,5.95236905082148,13.605343683785122,2.6522938068586126,12.429334600697384,69.08439757649789,13.996238974582418,2.4006351416682365,13.343146507119979,2.703271270184,0.7960751839790998,0.9756723796202824,0.15696396643774244,376.85949572481206,1106.693801180709,239.62300729084583,1.0028072329820428,2.6828376113905232,0.5329534769425065,1.3233448237280492,2.3087607418537415,0.48768214414937655,0.25559438139255386,0.44592026433073434,0.0941922420483732,7.147979736328125,12.78076171875,2.6178958587195154,5.486798654379654,12.367255250564591,1.9833175023588245,29.096291907395393,131.27042261959608,31.593430646536316,5.619736139472131,25.353922774318256,6.102040237268844,0.35746828523920804,0.5353918322836454,0.05192819197975309,2141.952823358232,4021.616825029169,1260.691065223929,1.885410914959078,2.9652726177866424,0.5593112256120168,0.22681982130209705,0.44821863382658855,0.10158380865368513,0.04380859083270414,0.08657015343800167,0.019620170243454194,1.5583038330078125,4.94384765625,1.053093524169415,6.683938993871397,14.847117249576046,2.8242127163758015,14.311260143078526,78.78093276396378,15.599446935592505,2.76411530663135,15.215961414053703,3.0129191712379435,0.8233158803160907,0.960876027889812,0.10128245808338633,380.1528138111141,925.0348636900159,207.37804613722895,0.9928797167408844,2.1868765085587163,0.5276970026061049,1.4092867788283172,2.2565328575261363,0.5079939875018706,0.27219344193645467,0.4358328301663344,0.09811532614825105,7.825469970703125,11.9384765625,2.6024175645978014,6.0114852739273825,15.111480286048156,2.5235118437564474,33.40850375307774,168.0059777565635,45.06711276545169,6.452608342822603,32.44912677707694,8.704383469747302,0.36478561946389204,0.6198096903431858,0.08538281732691658,2213.817340362577,4457.404295186403,1209.0446500443804,1.8681292297396017,2.9960825251101957,0.5374390017686085,0.010408033494347158,1.04588678994013,0.002010235605113396,1.0458867899401298,-0.042724609375,0.9725826193390453,-0.7315699430499167,0.8905480819437903,-1.8819255423811416,0.8685003610048055,-0.3634801649631134,0.8685003610048057,-0.02724069633699089,0.9669134326347106,-3.2933180863020084,0.9913368572672505,0.009927516241158396,1.0099987098877852,-0.08594195510026803,0.9390174119339143,-0.016599060543900812,0.9390174119339144,-0.677490234375,0.9134249780637613,-0.5246866195477287,0.9127193038593365,-4.312211845682345,0.870924723909999,-0.8328722033504716,0.870924723909999,-0.007317334224684002,0.9799407272813059,-71.86451700434509,0.9675381903944364,0.017281685219476373,1.0092507975060618
Train60.csv,9.55393232541696,644,0.2773423969304507,0.7156405984436232,0.1492104120268839,0.02902913559400231,0.07490534515717229,0.015617696142763073,1.7242431640625,4.6875,1.2839307652565934,5.683790493242254,11.941011265835495,2.471506240174563,7.825790969747756,26.300043824490466,6.916657836774352,0.819117270584834,2.7527977934826597,0.7239592663194304,0.6765744124388593,0.9593354724762445,0.21036207402420773,419.6349680974623,1249.399103002649,295.51564695847526,0.7290799113125142,2.40700822052096,0.49363014473317807,1.3126004866916392,2.7028053789312927,0.5533859403814378,0.13738850579877365,0.2828997827146881,0.057922321566924694,7.379150390625,16.29638671875,3.695090236794388,5.628384503524863,14.39902799370695,2.20412032542378,29.80743093113008,319.13603036466264,53.90055453789503,3.1199122953625484,33.40363103846192,5.641714081907384,0.5786270673520926,0.7910967208904923,0.13409094908840585,2086.182969871864,4708.946701137846,1433.9566069656757,1.855992744433544,2.9830671998209413,0.6154299445028472,0.3676100157249593,1.532731293404381,0.3504095388836711,0.03847735185929485,0.1604293647053323,0.036676996125611365,2.443695068359375,10.90087890625,2.638650888257884,6.051502185386053,12.092922176109113,2.4136326705969333,8.527139955011204,27.003988371149433,7.284272342166146,0.892526727693673,2.826478925259804,0.7624370881074082,0.7062609529269982,0.9722607336967127,0.19096308370972986,574.9994931344102,2255.4871029484316,578.2263471679702,0.812635227110496,2.92269027999541,0.6153265999992987,1.5020355747913883,2.3932599151152503,0.5545255620339916,0.15721647627704283,0.25049998614165414,0.05804160456095658,8.231735229492188,20.05615234375,4.129192531588083,5.454093982114774,11.225141472968817,2.2666350449025847,28.709710502449937,187.88165649433645,39.39378952936098,3.0050150581527135,19.665374433781828,4.123306319070219,0.5680724920397864,0.6771166159494586,0.1304616124493054,2256.8193779053986,5165.61593474302,1500.4546913326092,1.8449122179458806,2.998840089966187,0.5825342836800306,-0.09026761879450862,0.7544473356731238,-0.00944821626529254,0.7544473356731236,-0.719451904296875,0.705588510771152,-0.36771169214379906,0.9392362952405774,-0.701348985263448,0.9177509705524088,-0.07340945710883906,0.9177509705524088,-0.0296865404881389,0.9579666122484795,-155.36452503694784,0.7298005878404656,-0.08355531579798181,0.8971798009605353,-0.18943508809974907,0.873881090914868,-0.019827970478269175,0.873881090914868,-0.8525848388671875,0.8964270818851662,0.17429052141008938,1.0319559072472215,1.0977204286801445,1.0382351618831709,0.11489723720983491,1.0382351618831709,0.010554575312306191,1.0185796275302959,-170.63640803353474,0.924390755545574,0.011080526487663445,1.0060059911685124
Train61.csv,7.669849397889081,517,0.20183549499640618,0.5699347329209016,0.1177312196463113,0.026315444349136238,0.07430846465874033,0.015349873711824594,1.2134552001953125,6.55517578125,1.59499198591945,4.813372901537411,11.546015956298072,2.558037127001554,7.030296495716042,34.220535680970016,8.785739272878214,0.916614672727595,4.461695908968994,1.1454904545187357,0.5843702106124931,0.9779466030887687,0.2705824516790222,313.10258271084876,1417.4747962718118,376.35333350517027,0.7171649452797866,2.1837648479038196,0.5600204325792233,1.2141212121556286,2.9306772442133227,0.6523353452754775,0.15829792075054078,0.38210362318455854,0.08505191059618657,6.133270263671875,17.1142578125,3.6268969249274234,5.231076148716188,9.980213271605214,2.0580142274355584,20.78310227077384,62.97906673789035,14.911647699072763,2.7097145188396823,8.21125206907239,1.944190416982215,0.5773854632481568,0.763563335425915,0.12947733078980742,1829.686278989953,5108.450145945098,1387.112345923277,1.8523514395251517,2.9320775113198043,0.6128437946593177,0.1941011518783991,0.8594463058712972,0.1619114850187458,0.02530703561556505,0.11205517361368747,0.021110125716850135,1.1188507080078125,7.28759765625,1.5650894921442504,4.884599060779265,10.059546814337864,1.922946922316974,6.0473395051721415,26.638831773640952,6.138270346644402,0.7884560949575499,3.4731883758985633,0.8003117177677301,0.61196620096026,0.9783412807443432,0.26278707987375194,282.49630933173137,1847.1121481452394,383.303260779601,0.7598580614094366,2.274370905447363,0.5505927938311828,1.3156237449578454,2.4809322855210247,0.5547990113379664,0.17153188761697663,0.3234655801982024,0.07233505934166841,6.8340301513671875,13.4033203125,3.8818816528687377,5.02550144411968,9.954656765693123,2.2744969886388144,20.63431009609185,57.02534889612791,14.661358005252351,2.690314897417788,7.435002428055836,1.9115574823786623,0.5474744972267689,0.7963289437242927,0.15257310516407827,1926.2857744375933,5175.690839508099,1434.2916356281357,1.794615512826224,2.9993442066568883,0.6823168395089227,0.007734343118007081,1.039846971762705,0.0010084087335711887,1.039846971762705,0.0946044921875,1.0845550630753495,-0.07122615924185371,0.9854182178812255,0.9829569905439008,1.1625437086347148,0.12815857777004513,1.162543708634715,-0.02759599034776694,0.9549060220900026,30.606273379117397,1.1083422061389725,-0.04269311612964999,0.9438143538933312,-0.10150253280221677,0.9228483575252976,-0.013233966866435853,0.9228483575252974,-0.7007598876953125,0.8974602288584984,0.20557470459650773,1.040906306939191,0.14879217468199002,1.0072109110500462,0.01939962142189433,1.0072109110500465,0.029910966021387875,1.0546344463037125,-96.59949544764027,0.9498519395566611,0.057735926698927686,1.0321717528274361
Train62.csv,13.277592284546863,895,0.464615832550171,1.7899372552618258,0.40291912239056416,0.03499247624065958,0.13480887324315913,0.030345797171336696,2.5714874267578125,10.15625,2.5666038136940097,5.0207356877212455,9.963565769839144,1.745660692626452,5.447754518467461,16.123760451946843,3.1434967751047362,0.41029686721197445,1.2143587561965203,0.23675201856915715,0.9020929353293766,0.9886712541415282,0.09330015177324048,1016.1439770825502,4950.6172203191445,1251.0945586791534,0.5762274701340954,1.5560579047783902,0.3899413654126245,1.3348398560197379,2.5289577418786835,0.5154745887403687,0.10053327647161545,0.1904680975045463,0.038822896327393955,7.639312744140625,16.41845703125,3.5430283093256754,5.880308332339181,9.364947696665364,1.9321652987965647,30.109135461511404,185.0390386999257,40.24147661277111,2.2676653128258764,13.936189237809595,3.030781165016355,0.6245219174299578,0.7356495289543247,0.11450538245643578,2095.312451322098,4647.918254678959,1332.8716620612618,1.8999414361697529,2.9931971550550966,0.6510931006960045,0.4222054357305497,1.2613243218745893,0.2731754588802739,0.03179834315457433,0.09499646433205987,0.02057417135772496,2.645111083984375,10.04638671875,2.1144551400919047,5.755613663128046,12.481147427409375,2.2044695829288545,7.411065863166539,24.714790603346046,5.9636788945461765,0.558163385675874,1.8613909866859202,0.4491536392096487,0.9045036118757268,0.9806645043084977,0.08111056982062984,767.3827560619784,2625.7488650618366,634.8731113012057,0.6393841409894828,1.496205246160777,0.36351170238789177,1.4860804308518585,2.8311919974813033,0.5701163408485628,0.11192393914530985,0.2132308280603245,0.042938232220919546,8.528900146484375,15.6005859375,3.394235827334273,5.973429601933624,12.04883099880337,2.1804588311910242,27.42183908210624,168.48951770215717,30.816954922499956,2.0652719630517025,12.689764385840785,2.3209746362197223,0.6166886007243517,0.7126648374576294,0.08441807306431613,2163.457436528208,4339.177824835873,1422.8151879858524,1.8689370021037572,2.9931775399891545,0.7181635348240788,0.04241039681962133,1.1004496703038364,0.003194133086085245,1.1004496703038364,-0.0736236572265625,0.9721661378713585,-0.7348779754068007,0.8723197875294133,-1.9633113446990782,0.7350838083281841,-0.14786651846389953,0.7350838083281841,-0.002410676546350188,0.9973348071641737,248.76122102057184,1.3241683749803734,-0.06315667085538745,0.9012226503496803,-0.1512405748321206,0.8982285401972316,-0.011390662673694402,0.8982285401972315,-0.88958740234375,0.8956972895607836,-0.09312126959444278,0.9844107529844666,2.687296379405165,1.0979984008862018,0.2023933497741739,1.0979984008862018,0.007833316705606053,1.012702223936692,-68.14498520611005,0.968501813784021,0.031004434065995623,1.0165893414444123
Train63.csv,10.740756216773104,724,0.3028968558880309,0.7773026594487018,0.15216705898223096,0.028200701121492505,0.07236945367355434,0.01416725749203786,1.554107666015625,5.38330078125,1.1898663899847,4.814869970428646,10.41746480173767,1.72769045987439,5.377138461941467,25.321619516907653,4.525456458969259,0.5006294113206254,2.357526696059316,0.42133499426252347,0.704115343639881,0.9570538869912923,0.1821871678535418,515.1695446698673,1317.1712164440153,296.72857901485554,0.5860161934266176,2.0660060536316207,0.42574573445968095,1.2081754228784318,2.3021807049459024,0.5016335301542872,0.11248513591544951,0.21434065334717722,0.046703744134041554,6.4815521240234375,13.6962890625,3.3491905167040663,5.294794678576896,11.363035654948499,2.3100291764503242,22.841652097420756,89.93453217887689,20.561488101610912,2.126633510380816,8.373203000216343,1.9143426856203516,0.5839072537093489,0.6981521194820759,0.12901583381870843,1945.7733508762603,4780.14423999847,1469.732954661612,1.8277616092245963,2.9452210316244734,0.658234525486558,0.26816845971427433,0.5407791860475477,0.10755863968526337,0.02496737234343835,0.0503483344313364,0.010014065817572174,1.264190673828125,2.77099609375,0.611456347994503,4.693636344585352,8.921306431165007,1.4682463901877192,5.132905546176663,27.092644070089325,4.866352943842345,0.47789051744428906,2.522414951358881,0.45307358677807935,0.6782160237860992,0.9443946167598969,0.1853923904284683,452.75768953234257,1183.6480876208807,256.05419905033204,0.5656441599644613,2.795347113262944,0.5093868148454427,1.3985988416167894,3.0026070447821387,0.5754918025231387,0.13021418728717568,0.27955266688700864,0.053580194067195434,7.5286865234375,13.96484375,3.8035995800088185,5.307952744663542,11.303758176439581,2.351309628151351,21.605679430409317,82.72200747408431,18.607657287812746,2.011560358913017,7.701693046985184,1.7324345616144272,0.5888458702280479,0.7407118103518006,0.1339005963248927,2094.542924904881,4625.953058097407,1475.7231900944996,1.7839439038946994,2.998717847088555,0.6813632876700779,0.03472839617375656,1.1295021652089834,0.0032333287780541564,1.1295021652089834,0.2899169921875,1.2293301146650573,0.12123362584329378,1.0258293606370146,0.24423291576480377,1.0475818059708355,0.022738893876336375,1.0475818059708355,0.0258993198537818,1.0381874195616914,62.4118551375247,1.1378482499148506,0.020372033462156325,1.0360156347471814,-0.19042341873835755,0.8638470066811819,-0.017729051371726173,0.8638470066811818,-1.0471343994140625,0.8609140656668017,-0.013158066086646159,0.9975210657065712,1.2359726670114384,1.0572059152776212,0.11507315146779895,1.057205915277621,-0.0049386165186989794,0.9916130573917648,-148.7695740286208,0.9289727738402034,0.04381770532989693,1.0245622663550318
Train64.csv,2.685189054193276,181,0.09615029617571362,0.16526494566294603,0.02770330158615656,0.03580764491258531,0.06154685660023196,0.010317076759602535,0.482940673828125,2.0751953125,0.42443508753549447,4.823225199397086,12.594945942270815,2.6096019038147724,10.221743204510231,42.9298525153267,9.889764625589198,3.8067126739354293,15.987646176453048,3.683079450270002,0.5653154973775889,0.9275763534723489,0.16653839251854693,97.13885902210407,287.80387974100614,54.44183874111861,1.1305553259064003,2.6103652043662557,0.7291228604161046,1.2791189612890002,2.2130804190930053,0.47403172364397156,0.4763608578291676,0.8241804857788279,0.17653569788827672,6.792449951171875,13.31787109375,3.137098581391468,5.295935244656662,8.668134668183647,1.5630760724807253,26.790675862796586,202.75217721349568,36.761763838030895,9.977202841997073,75.5075985792775,13.690568185738192,0.3611292493401663,0.7294900041379727,0.11254437553077642,2121.4184437117215,4184.155760465338,1348.151068367308,1.901071984542401,2.9931550051517424,0.5838978209002093,0.08606032664686883,0.15736496798390304,0.028244224149122723,0.032050006502325895,0.05860480018647363,0.01051852349279305,0.4425048828125,0.9033203125,0.1879248574016193,5.208253551300368,8.234672473161432,1.4627225010987668,8.442871803995859,29.205639435235767,5.592279180805721,3.144237382768712,10.87656729034677,2.082638901001269,0.5658339495679551,0.9742318724838849,0.21527484164610433,108.22392141866192,260.74423455454416,51.10821604121494,1.0220707559194613,2.4387631693342575,0.7234640683558545,1.4140834603091403,2.2625862526654608,0.5301972995446037,0.5266234264216378,0.8426171144754723,0.1974525029128325,7.3276519775390625,12.53662109375,3.684837049538688,5.055848523738079,11.796837215228724,2.3157460424515213,33.33574175587626,208.1400135423859,47.50334800459558,12.414672145269666,77.51410025202803,17.6908765252163,0.357163553775805,0.7650337904027559,0.11395762434000346,2215.856630883888,4195.192178465967,1459.3838826612389,1.8915471919234619,2.9972274972138844,0.69683967938024,0.010089969528844792,1.1172429843340816,0.0037576384102594174,1.1172429843340819,0.040435791015625,1.0913793103448275,-0.3850283519032818,0.9260734240161657,1.7788714005143724,1.2106950622740078,0.6624752911667176,1.210695062274008,-0.0005184521903661699,0.99908373792212,-11.085062396557845,0.8975729002308508,0.108484569986939,1.1061419371982184,-0.13496449902014018,0.9045569071357111,-0.05026256859247025,0.9045569071357114,-0.5352020263671875,0.9269613202144827,0.2400867209185833,1.0474869292051245,-6.545065893079677,0.8036622091384559,-2.437469303272593,0.8036622091384559,0.003965695564361327,1.0111033041373831,-94.43818717216664,0.9573807321936275,0.009524792618939015,1.005035450693278
Train65.csv,12.862203922572212,867,0.304472669303938,0.6550003824524091,0.15694473497394779,0.02367188944731401,0.05092442837910011,0.012202009540411769,1.7917633056640625,6.3720703125,1.6063953796992132,5.15617586276726,11.345189012305287,1.9210149381575545,5.958630710122346,18.404739422588218,4.617999683994046,0.4632666956605619,1.4309164691666307,0.3590364226685755,0.8488601683073671,0.964092452781453,0.12494686282910121,506.93428804447956,1323.1267910654149,317.46252302678835,0.6613014102174363,2.0010420997260496,0.3926934019953334,1.3681673212640972,2.946654489606316,0.5352230660130343,0.10637114210754078,0.229094057857002,0.04161208057615675,7.4619293212890625,16.4306640625,3.1057243637458996,5.708968854765313,16.948396228006548,2.3143813063896337,21.99488071740773,99.08001362211263,19.410923462498875,1.7100398073154748,7.703191009764242,1.5091444342935778,0.6420836548897092,0.7421106955448173,0.09137286266538248,2366.265588574871,5402.396750556597,1382.0434121117014,1.7268588539661298,2.9668817158651373,0.5062239619401447,0.30717124124762757,0.8598911296054249,0.190564029564055,0.023881695788430538,0.06685410484717785,0.014815814669959423,1.8474578857421875,8.72802734375,1.9019689988197404,5.05191836747259,10.15015394769219,1.80237767203769,6.215201576380703,24.330971070355837,5.438022512245469,0.48321435531538154,1.8916642293049633,0.42279087977311136,0.8718641054887699,0.9755062270348444,0.09766959527918057,513.4120226303392,1195.5802668615963,296.10194925115275,0.6874294328564337,2.921511602027343,0.544959699096683,1.5418502669706007,2.5556811870370013,0.4874932400616508,0.11987450022190738,0.1986969886670799,0.03790122151664354,8.366012573242188,12.4755859375,2.8854601852559636,5.652927160293059,10.571371799877832,1.9235921664732825,24.408049397545877,147.51651251670938,26.319738295870387,1.897656851382333,11.468991893203379,2.046285259844248,0.6446139265473908,0.7274752811704255,0.07617360363573424,2556.097190794349,5551.498594615075,1432.4724253859092,1.7771689247295255,2.998841779421641,0.4650332371899799,-0.002698571943689554,0.991214763684488,-0.00020980634111652727,0.9912147636844881,-0.055694580078125,0.969853396654966,0.10425749529466977,1.0206372090186462,-0.25657086625835657,0.958718818190324,-0.01994765965481965,0.958718818190324,-0.02300393718140281,0.9736152262301168,-6.477734585859594,0.9873829705960672,-0.026128022638997384,0.9619917021439871,-0.17368294570650344,0.8873542071969462,-0.013503358114366593,0.8873542071969464,-0.904083251953125,0.8919337923487302,0.05604169447225438,1.0099137478483535,-2.4131686801381456,0.9011322600657806,-0.1876170440668583,0.9011322600657805,-0.0025302716576816042,0.9960747486930138,-189.8316022194781,0.9257338089869405,-0.050310070763395665,0.9716908898961012
Train66.csv,12.921545117140017,871,0.3407702632483024,0.5733145646994098,0.11033050226586862,0.026372253485094557,0.04436888618985096,0.008538491431610506,2.215576171875,4.638671875,1.1914290754289238,6.196002813175053,11.269337347456444,2.2750260248109497,8.547390041375257,33.46560549787434,6.3545096716735685,0.6614835891442594,2.5899074138961358,0.4917763018328601,0.9214852541759715,0.9842492307338557,0.048176569686373245,653.4888058764421,1179.6556811063376,244.79933780171572,0.8680463456711536,2.282086024721963,0.4155234205444618,1.3543448147330865,2.9883572188550582,0.6103051615735591,0.10481291536385934,0.2312693406062637,0.04723159312921554,6.9427490234375,16.9921875,3.1468491866673434,5.418944754485585,10.702193359560896,1.837491093419093,19.998131811990667,63.68308743889553,14.795054598382064,1.547657933373911,4.928442137652868,1.1449911341296868,0.6409466390923679,0.7554727108780918,0.10917725533788497,2206.877802746404,5324.654577454107,1328.2069000901051,1.6646263082435828,2.9412473752931936,0.5362249176285044,0.4450454152543547,1.1735037674459405,0.2406624142129836,0.03444212059934042,0.09081760399453509,0.018624894471308436,3.0696868896484375,12.85400390625,2.9404109908234526,6.092832016512309,11.245500369061284,2.487780729270403,10.047992472039015,35.48542669011883,9.844154077344667,0.7776153997799128,2.746221629722017,0.7618403208054981,0.940034486577257,0.9849337340424212,0.03214955473029965,826.7818551735602,1639.191304111188,417.95323546680333,0.7872867792605389,2.1749481460756663,0.3957110725888418,1.5452468444144603,2.833323169554451,0.5860714086899758,0.11958684742467367,0.21927123605335233,0.04535613994897334,8.37554931640625,17.02880859375,3.655064163821408,5.705755004607625,17.262690716949262,2.607327386702037,23.1851214752271,144.91551951387197,30.549173197676847,1.794299463805824,11.215030261485227,2.3642043517809914,0.6221537193746336,0.7047911502085308,0.09999315617018384,2322.2082317941736,5112.916423636096,1349.0599899234871,1.6525227227634733,2.5566677401607363,0.4303411494143919,-0.10427515200605231,0.7656977278454685,-0.00806986711424586,0.7656977278454683,-0.8541107177734375,0.7217596619858332,0.10317079666274331,1.016933143139863,-1.5006024306637578,0.8506564933403813,-0.11613181063565337,0.8506564933403814,-0.018549232401285476,0.9802674979842232,-173.29304929711805,0.79040051712221,0.08075956641061466,1.1025796044568008,-0.1909020296813737,0.8764585539382143,-0.01477393206081433,0.8764585539382143,-1.43280029296875,0.8289305884496265,-0.2868102501220404,0.9497331641666301,-3.1869896632364316,0.8625416016628735,-0.24664153043191295,0.8625416016628737,0.018792919717734335,1.0302062322099823,-115.33042904776948,0.9503358796731749,0.01210358548010948,1.0073243080493737
Train67.csv,9.375908741713538,632,0.2316675729442937,0.7968221908723283,0.14072875147613634,0.02470881269498728,0.08498612911271802,0.015009611905673986,1.244354248046875,4.94384765625,0.9712740636166466,5.1287802905635305,9.78958564085747,1.6071342608410244,5.9677377194313,21.954465408104962,4.43286965909982,0.6364969928600902,2.341582668187593,0.472793601262129,0.8488301189858437,0.9853409666639119,0.0968918403027126,445.1408843022781,1945.7485129444672,383.02314331940494,0.739083284660077,1.6745110323567156,0.39797401394938897,1.353904074153831,2.875692714291045,0.5976767214756732,0.144402437294456,0.30671082595941357,0.0637460045677068,6.937408447265625,16.1865234375,3.53221480818742,5.083076469762423,13.726309697671743,2.10411493429951,32.506638957190674,367.3066469477555,68.98731449089357,3.4670387535416403,39.17557828966525,7.357933656496476,0.6003069069695506,0.7351831986037398,0.11932286694291666,2292.4061498189453,4741.033135334111,1431.3179283756074,1.4925653766456572,2.4075749174556558,0.4412216755167784,0.21878639589935076,0.7445473848337828,0.14789978518835242,0.02333495364838261,0.07941069024288622,0.015774448030871333,1.17340087890625,3.47900390625,0.7300130651844751,5.604432210954074,10.667823021144027,1.5825271797832543,5.542988024897365,12.016373794270004,2.408264836405596,0.5911947500338331,1.2816223072659618,0.25685668480231627,0.8349473562547682,0.9831437455859768,0.0917530980239118,468.77542479797586,1873.9854414196361,440.4219043152022,0.6230815509268779,1.455373966629004,0.2910407305520983,1.4404248856726087,2.7583240191344656,0.6730095151029646,0.15363042936458415,0.2941927118875045,0.0717807237296089,7.2521209716796875,15.10009765625,3.955429390479164,4.698843180575324,7.256679455713946,1.4441464643665993,14.035203902741776,48.436807555644485,8.410822954447614,1.4969433139103598,5.1660920439795355,0.8970674935249481,0.5395095399446201,0.6711856011769523,0.17572312765623718,2385.7985508552842,4339.312763541452,1483.7849468796846,1.4705780284093006,2.475377832903076,0.4773689482575791,0.012881177044942932,1.058875584983212,0.0013738590466046696,1.0588755849832123,0.070953369140625,1.0604681404421326,-0.4756519203905434,0.9151293293438604,0.42474969453393463,1.0766282901254869,0.045302242826257055,1.0766282901254864,0.013882762731075471,1.0166271114305312,-23.634540495697763,0.9495823815724057,0.11600173373319911,1.1861742392478773,-0.08652081151877766,0.939933826206858,-0.009227992070128144,0.939933826206858,-0.3147125244140625,0.9566040713271264,0.3842332891870992,1.0817718903187685,18.471435054448897,2.3160788530361502,1.9700954396312804,2.3160788530361502,0.06079736702493044,1.1126900685225534,-93.39240103633892,0.9608548672297338,0.02198734823635662,1.0149515005743286
Train68.csv,9.909979492823803,668,0.4854041551958076,0.9711113882879763,0.21985388876299009,0.04898134809938884,0.0979932792990334,0.022185100274142316,3.0261993408203125,8.447265625,1.6071883670913534,6.222552439425812,10.309843160813697,1.987143278985858,9.880870182735958,32.280088943986804,7.183267013676011,0.9970626266069549,3.257331558290515,0.724851854524794,0.912555291805488,0.9778025363722098,0.05591800123973683,1094.152125950425,3481.4338598021714,742.9930426179214,0.9635726000607743,1.8532702935731733,0.43983634344366423,1.4759975312708544,3.3042018479418087,0.4812363579548784,0.14894052327148416,0.3334216635195369,0.04856078242173559,8.292007446289062,12.92724609375,1.8995304473459451,5.906605582695149,10.462220080991283,1.5005137009402638,18.133639283094208,59.868912202137786,13.03912640187729,1.82983620664659,6.0412750849273875,1.31575715280939,0.5769748079096324,0.6910818720323773,0.100239488812377,2239.411310476372,4134.722200476306,1125.8326776339122,1.6241313327674327,2.988398963710278,0.4795273327910615,0.4614814151235245,0.9028230525344499,0.1820557343277521,0.046567343096693685,0.09110241380299715,0.018370949653284917,3.057861328125,7.6171875,1.650134862460114,6.563880881128741,14.545112972694183,2.317548919094069,10.198535369468157,42.175727270937045,9.234125648864827,1.0291177067372652,4.255884414440828,0.9318006818835107,0.9154972627578073,0.9756450798755739,0.03255061431521482,990.3158020878675,2987.239383946378,539.550060035536,0.9120869951864995,1.8421650664259461,0.4132756905853075,1.5216827239652704,2.6249888425544494,0.5187645752518774,0.15355054216481268,0.2648833778571696,0.052347694122630094,8.576202392578125,15.576171875,2.999427641314784,5.855629764976075,10.49477555593025,1.822264062575751,18.130930917692105,46.988383685932575,10.266215511566736,1.8295629098749808,4.741521788209417,1.0359472003954093,0.59272799766879,0.6677039549305587,0.08209198457030281,2228.85533275712,4069.082319872316,1166.2427337912322,1.747432805871606,2.974246915823902,0.48418754132055014,0.023922740072283122,1.0518390108210094,0.0024140050026951534,1.0518390108210092,-0.0316619873046875,0.9896457085828343,-0.3413284417029292,0.9479989890303686,-0.31766518673219934,0.9688518816453577,-0.03205508013031033,0.9688518816453577,-0.002941970952319295,0.9967864776094939,103.83632386255749,1.1048517287552526,0.05148560487427478,1.056448129559996,-0.045685192694415955,0.9699771890848787,-0.004610018893328516,0.9699771890848788,-0.2841949462890625,0.9668623787919224,0.050975817719074,1.0087054372911302,0.0027083654021033965,1.000149378176686,0.0002732967716092549,1.000149378176686,-0.015753189759157626,0.973422565120738,10.555977719252041,1.0047360533293088,-0.12330147310417328,0.9294385039070664
Train69.csv,0.10384709049366261,7,0.07069907541392711,0.12616963340256127,0.02924646342155953,,,,0.2071380615234375,0.341796875,0.08310000825283648,3.4073609637386815,10.801154131915263,2.1913734037669412,15.946995584128995,55.68735849971736,11.710433524566163,,,,0.00799606498752261,0.017701165918583447,0.004338559596455184,9.26815019209814,16.868243558882877,5.502970227828123,1.754029968468995,2.922367975854136,0.9290456378001881,1.1810583613259689,2.03870135795996,0.5112292995974748,,,,6.4533233642578125,12.6220703125,2.9093058985079376,5.568076665844859,12.348494228616822,1.8274493624470594,25.070868290114344,97.48187931867217,22.748092935155583,,,,0.24874230296213087,0.3497585226059019,0.05688383784713658,2595.68636779278,5257.853680916681,1627.5397970768386,1.9079072218533248,2.9772839770607273,0.6650445010222957,0.053427187650852276,0.13558676624621802,0.0263376195526563,,,,0.197601318359375,0.3662109375,0.09363663793299926,4.062907098988053,10.146648137274067,2.041136098500636,13.257746695812711,29.99233439300284,7.458202704833674,,,,0.00804165860137454,0.014881136469573645,0.004393525557916083,10.462337958530416,21.561294191534117,6.472950912281313,1.6586219923886385,2.933984686543085,0.9409708629928892,1.3131843136338108,2.1270033495028784,0.5884690482692092,,,,6.9549560546875,11.92626953125,3.5656796265646054,5.159664076264084,8.57099593322644,1.6856103391846096,22.89688980083278,90.32106365902223,19.586109815870596,,,,0.2826698138797039,0.6657303321507232,0.1066157450221941,2825.0349796994888,5248.189829964154,1700.195468398705,1.866540017564053,2.9922004273767615,0.6996334637528697,0.01727188776307484,1.3232789993728842,,,0.0095367431640625,1.0482625482625483,-0.6555461352493719,0.8386509660994591,2.6892488883162837,1.2028435864720246,,,-4.5593613851931114e-05,0.9943303221248241,-1.1941877664322753,0.8858584217824277,0.09540797608035656,1.0575224352011372,-0.13212595230784197,0.8993850665621901,,,-0.5016326904296875,0.9278740675734971,0.40841258958077464,1.0791548797642831,2.173978489281563,1.094946453784413,,,-0.03392751091757304,0.8799747647196188,-229.3486119067088,0.9188156558928323,0.041367204289271875,1.0221625059736241
Train70.csv,4.880813253202143,329,0.2169958628814151,0.6612429956667318,0.12544046465010006,0.044458956248541404,0.13547803641799075,0.025700730214949865,1.319122314453125,5.4931640625,1.2020437344524204,5.7027528737129165,12.046588918345222,2.4556938848259993,8.8247486596144,43.162686267634754,9.177715206462782,1.808048823385072,8.843339015135873,1.8803659821325025,0.7750943238044605,0.9849200311793513,0.1363439390492244,342.94289709547144,1135.5726929702735,230.1190393654563,0.8626362625930024,2.294050625687342,0.42804872508868574,1.1739115499006816,2.9912454949953595,0.6744357855425642,0.24051556349354616,0.6128580094788304,0.138181026512352,6.589508056640625,17.7734375,3.5074860848663914,6.393938632093194,20.232637329580054,3.738174086446014,65.48674499111297,428.40588104583816,111.1691339065503,13.4171789810129,87.77346290902956,22.776764473341782,0.3863600976091308,0.7385011309627958,0.14097501310120875,1798.4227012890685,5401.685665094287,1447.454254592915,1.8596191760451042,2.9834543753034244,0.6581451368818082,0.210219320523922,0.34708900465726195,0.08348740199435867,0.04307055189747404,0.07111294504651415,0.017105223589446966,1.4171600341796875,4.38232421875,1.0011782530208613,6.5956830066701695,16.807118360408396,3.4349450755576147,11.546658711404149,80.76596499215744,15.509567986569314,2.365724339858478,16.547644993212867,3.1776606032599166,0.8008545470242161,0.9333086744918518,0.10982504646987616,361.79632802969195,644.6439000922128,166.37184096101103,0.9335868833907267,2.588387973696264,0.4874010908695606,1.2823573869239042,2.559700174832367,0.5846652489215785,0.2627343683109759,0.5244413260747133,0.1197884898665194,7.3528289794921875,12.70751953125,3.400279468600346,6.245699307011122,16.618352962579188,3.306672850083628,58.67548550844763,407.49935925598186,92.11223723130892,12.02166165033103,83.49005342268214,18.872313373366026,0.3864914173568321,0.7570168514289946,0.14352814701415978,1884.792082419649,5400.014636752559,1487.775372275061,1.8308639100369741,2.996546228435413,0.6052647553679539,0.006776542357493087,1.0322355830120855,0.0013884043510673655,1.0322355830120855,-0.0980377197265625,0.9308209959623149,-0.892930132957253,0.8646190042707876,-2.7219100517897488,0.7642685975379672,-0.557675516473406,0.764268597537967,-0.025760223219755574,0.9678340800892317,-18.853430934220512,0.9478893800915712,-0.0709506207977243,0.9240021233588498,-0.10844583702322264,0.9154324386251164,-0.022218804817429744,0.9154324386251164,-0.7633209228515625,0.8961867704280155,0.14823932508207172,1.0237346240661418,6.811259482665342,1.1160835640922768,1.3955173306818693,1.1160835640922768,-0.0001313197477013084,0.9996602259667255,-86.36938113058045,0.9541756451885656,0.028755266008130054,1.0157058456668957
Train71.csv,5.385213407028504,363,0.26256764382049025,0.45235617954919755,0.09233155535986518,0.048757147391373656,0.08399967565979939,0.017145384663745874,1.3286590576171875,4.00390625,0.7997708189725208,4.891825642222951,9.345139230585236,1.749739510010959,6.7990394809787285,28.998539558414404,6.8652624259162245,1.2625385415747818,5.384845012932449,1.2748357227507523,0.81446939269,0.9587740952824175,0.11992519229422119,488.6070644510474,926.9735192712176,241.6310974175997,0.6566221254975038,2.0254271773650765,0.4313957781612271,1.4784811775231783,3.4652000897710695,0.5822652284071801,0.27454458454581215,0.6434656953888714,0.1081229627125338,7.6690673828125,17.85888671875,2.8722618607271104,5.419788071294876,11.092155681786261,1.3507512506639234,16.95310628417236,52.85510311202035,10.67627434307861,3.148084393841484,9.814857669899691,1.982516482846248,0.36550115410511214,0.4841892070093388,0.0372230301760626,2462.338045346069,4319.572658485001,1093.5118335753161,1.7277566465583702,2.9953309418408347,0.486930632410941,0.2917365854683229,0.5640790683289046,0.10594156348868097,0.054173634992359505,0.10474590804381079,0.01967267691757795,1.5689849853515625,6.38427734375,1.0888660943021546,5.172640331086045,11.31805397896353,1.8679986333062042,7.14718787718905,38.55689219591447,7.66200893743467,1.327187492302702,7.159770520067412,1.4227865004262616,0.8333428683876144,0.9678768626869122,0.10404473513373108,518.1107848535523,963.2607495339896,229.22912664933367,0.62900719442754,2.0695002967147933,0.42146809083185827,1.6214664463957775,2.789750743545213,0.44811540226346525,0.3010960427825428,0.5180390325672468,0.08321219019446993,8.6517333984375,12.744140625,2.7319761380316656,5.330509333135641,8.748608211884232,1.312965498571471,17.06305469041859,52.86465115341496,9.782850657892233,3.168501116065106,9.81663068067437,1.8166133667282636,0.37567593371909036,0.45423947277296195,0.030204589026951632,2713.126981447984,4276.912576015334,1170.4785320247174,1.7732807261262322,2.9975269581657518,0.5163750438327531,-0.029168941647832625,0.900016168349239,-0.005416487600985849,0.900016168349239,-0.240325927734375,0.8468271334792122,-0.280814688863094,0.9457115378435496,-0.34814839621032156,0.9512887582931083,-0.0646489507279202,0.9512887582931084,-0.01887347569761444,0.9773520883017436,-29.50372040250494,0.9430551896138499,0.02761493106996371,1.0439024089304672,-0.1429852688725992,0.9118173125380243,-0.026551458236730663,0.9118173125380242,-0.982666015625,0.8864197530864197,0.08927873815923526,1.0167486318060188,-0.10994840624622881,0.993556346841696,-0.020416722223621786,0.9935563468416962,-0.010174779613978224,0.972916072868308,-250.78893610191471,0.9075646153619873,-0.045524079567861975,0.9743277649741842
Train72.csv,18.158405537749005,1224,0.6904976607405457,1.3219181432514753,0.2606878296044554,0.038026337681746854,0.07279924112848875,0.014356317192196127,3.5968780517578125,7.2021484375,1.303627959389595,5.274193626120436,8.447574334391573,1.0784108735419056,5.2443447646134365,15.550760472680194,2.4196042441084247,0.2888108624796992,0.856394601406613,0.13324981860760718,0.9332290312249576,0.9745009237479423,0.04476296119053379,1011.3195569388708,2571.010923152608,505.6655017305338,0.5240969355436547,2.200718886530158,0.3833087391580068,1.3451979518865331,3.37288549641294,0.645615860357323,0.07408128148091189,0.18574788900937048,0.035554655887333836,7.302093505859375,17.46826171875,3.2177084270792755,6.089352223651038,13.425317509262737,2.554373376572118,25.250451222963832,111.10526672141472,26.295652830229898,1.3905654420192,6.118668651299866,1.448125650435805,0.6606395370313998,0.8142257494817637,0.07725779017208834,2152.646149527839,4904.5466180440735,1518.7959929631998,1.516479259409048,2.2195271933579495,0.4310810470216469,0.8729958348972832,1.660029844071798,0.3697656676254745,0.048076679038940744,0.09141936171767989,0.02036333349075055,4.1522979736328125,7.14111328125,1.5622410242962352,4.894405291046973,8.261818407018724,1.283387325084573,4.956388081152677,14.178038159155117,2.2110510153572007,0.2729528245665061,0.7807975281574578,0.12176460156486252,0.9380394250654576,0.9928277876607914,0.05905201810186401,1799.2288177126015,4967.047006163889,1260.0948130697222,0.5498093137239002,2.015047483490486,0.3207293693025549,1.7815118121969105,6.04295321131498,1.1418003799639174,0.0981094848054459,0.3327909600186235,0.06287999117490026,9.96551513671875,33.53271484375,5.708664977828869,6.205149695098873,12.203227510940406,2.319336882650233,21.193933389333477,101.61693832737346,20.35668367441256,1.167169294973284,5.59613772895009,1.12106118745358,0.6183395505476715,0.7936312435170324,0.11128430815844485,2126.949533331335,5600.606903335266,1496.8002833772714,1.3423950154567976,2.2779615439303567,0.499159419363441,-0.1824981741567374,0.7909518386439837,-0.01005034135719389,0.7909518386439838,-0.555419921875,0.8662379421221865,0.37978833507346277,1.0775964213197027,0.2879566834607594,1.0580980905340631,0.015858037913193124,1.0580980905340631,-0.004810393840499971,0.9948718638982958,-787.9092607737307,0.5620850149702378,-0.02571237818024552,0.9532340076123963,-0.43631386031037733,0.7550878656413019,-0.02402820332453401,0.7550878656413019,-2.663421630859375,0.7327361812892359,-0.11579747144783514,0.9813384886525304,4.056517833630355,1.1913999520104148,0.22339614704591604,1.1913999520104146,0.042299986483728236,1.0684089938064978,25.696616196504237,1.0120814414229458,0.1740842439522503,1.1296818313147654
Train73.csv,9.301732248503779,627,0.22947933085085492,0.5812756542984231,0.10573031730778988,0.024670601638503153,0.06249111872596888,0.011366734118238785,1.25579833984375,3.1494140625,0.7292982888067565,5.465207481509115,11.523107075483995,2.0100340902540963,6.61572773046598,21.64143155387283,4.351207629283159,0.7112360960003064,2.3266022903802615,0.4677846569904298,0.8600833101542857,0.9817516959262252,0.10091713156287227,473.4026357997132,1320.8832945727606,285.45012886264925,0.7445779926521857,1.9353216264809332,0.3821881715623096,1.1635629112742314,2.333899077448946,0.574725792879603,0.12509099167645849,0.25091015469988004,0.06178696371012506,6.2831878662109375,12.4755859375,3.1969697392046004,5.873257636390427,14.415585587628135,2.775633266325327,51.145070230141975,727.263095172855,124.50021578232108,5.498445758677786,78.18576967637809,13.38462691208376,0.6157043222599357,0.7384234313032607,0.07454995149272683,1708.6366129492528,3883.717971617958,1400.154980932815,1.955260643308026,2.9897616206288244,0.6884611099526633,0.2322672682579767,1.025736447101808,0.20951546048846076,0.024970324027047526,0.11027370168247982,0.022524348679479802,1.263427734375,5.16357421875,1.12233346587319,5.349288544642009,10.754827416460333,1.4735487085355092,5.7844319767242425,21.129915653090766,3.678278388897771,0.6218661021612066,2.271610823509739,0.39544014927858595,0.8536832079898484,0.9888747488691155,0.06841126149605486,453.10847322702523,2145.694809199742,488.84793442173526,0.6422440709583013,1.3898886305453588,0.29756362661366703,1.3134697689000692,2.1449077810679977,0.5229548832866684,0.14120700680363554,0.23059229439903678,0.05622123592847857,6.7653656005859375,14.51416015625,3.661995866129001,4.840021742717006,8.514198577739883,1.8107119407995638,22.15125315690329,77.25448651510942,18.82650793108474,2.3814116086244486,8.305387045250214,2.0239786986034844,0.5540717019237655,0.6935250323334908,0.15094798429626244,1851.7211279505616,4036.5908886291354,1458.5831831707956,1.8198801363038535,2.9964632565532785,0.6820928070799505,-0.002787937407121771,0.9879968562594655,-0.00029972238854437255,0.9879968562594655,-0.00762939453125,0.9939613526570048,0.11591893686710542,1.021669972726226,0.8312957537417374,1.1437125991085653,0.08936999383909972,1.1437125991085655,0.006400102164437316,1.0074970458649497,20.29416257268798,1.0447887509764573,0.10233392169388444,1.1593380559219342,-0.14990685762583777,0.8858695790529132,-0.016116015127177058,0.8858695790529133,-0.482177734375,0.9287285029602481,1.033235893673421,1.2134775314239397,28.993817073238684,2.308901887756312,3.117034150053337,2.3089018877563126,0.06163262033617012,1.1112358204221195,-143.08451500130877,0.9227289072627956,0.13538050700417248,1.0743897932086495
Train74.csv,12.417144963313659,837,0.48051858756643795,1.403186194395933,0.28090485447421554,0.038697992894995245,0.1130039311405024,0.022622338331729747,3.632354736328125,14.68505859375,3.361345945944971,6.768157852684059,13.22175802122562,2.528290199029097,11.288684529813647,41.742586680412295,10.269084676619643,0.9091207812396458,3.3616895674279705,0.8270085198296033,0.8767406349278049,0.9741975743505381,0.09209400468423037,851.8936941722504,1912.8515185364677,557.5190241627938,0.9673166636643531,2.439993468503689,0.5364017570891703,1.4104814932846614,3.0161268478812224,0.6110166883327258,0.11359144935908502,0.24290018815052428,0.04920750221874425,8.053970336914062,17.29736328125,3.018692536686714,6.418003965942481,17.734871132320006,2.989815146244849,26.726347296072205,91.45547074841386,27.122594571847888,2.1523745897333852,7.365257554664797,2.1842858927701454,0.6023532557078979,0.7046028665391079,0.09732275090993574,2137.2712236210155,4970.941601065943,1258.526035786968,1.8529479374209525,2.98747225286039,0.5630514098190035,0.5152976363087556,1.376579298854344,0.2804048202356443,0.04149888221738554,0.11086117645573398,0.022582068669094044,4.163360595703125,13.87939453125,3.1326571731339126,7.534131103056281,16.54885956109636,2.8887793035948404,14.12680272924843,54.87883050122726,13.203020253112099,1.1376852546206022,4.419601338581958,1.0632895317015547,0.8848732879367319,0.9839405088459694,0.08686995616764231,913.5113470045301,3033.5099607424004,569.1837120238089,1.0058396971343289,2.13200188635701,0.4149584849729997,1.5845509624555645,2.684909020708161,0.5143676897235694,0.1276099270111693,0.21622595440745038,0.04142399007527608,9.619522094726562,22.88818359375,3.6986114739328095,6.330038284428348,13.446419722252655,2.234740964198429,23.414212592798734,94.1755537636065,22.939021750677696,1.8856357610365195,7.5843162048802135,1.8473668317838625,0.5903959662968707,0.6876160464217856,0.09355748956293174,2324.192032351344,4727.786802240519,1313.8479715230176,1.801860823155536,2.9965351764741133,0.5641582587746194,-0.03477904874231763,0.9325068731317084,-0.002800889322390296,0.9325068731317083,-0.531005859375,0.8724573941726224,-0.7659732503722223,0.8983329013133977,-2.838118199434783,0.7990969185434519,-0.22856447338095642,0.799096918543452,-0.008132653008927071,0.9908092456628563,-61.617652832279646,0.9325485632616076,-0.038523033469975765,0.9617006232904416,-0.17406946917090305,0.8901458688957854,-0.014018477652084277,0.8901458688957852,-1.5655517578125,0.8372526470238332,0.08796568151413364,1.0138965481031175,3.312134703273472,1.1414582997462042,0.2667388286968657,1.1414582997462042,0.011957289411027139,1.0202529998401355,-186.92080873032864,0.9195760048530826,0.05108711426541657,1.02835241968131
Train75.csv,0.0,0,0.07152493710646399,0.12855394945654353,0.028537325285629942,,,,0.215911865234375,0.47607421875,0.08868166138508334,3.4839302936774725,9.454734623601082,2.1022481351060045,13.46555187019975,20.813372926221604,6.3423521261307965,,,,0.0,0.0,0.0,0.0,0.0,0.0,1.6953008322884706,2.9048263821435376,0.8533200251923525,1.3445874906218462,3.0136513477548497,0.5949823051899287,,,,6.7325592041015625,17.81005859375,3.6095354722304407,5.077856109921683,9.896086871310633,1.735028708153739,18.853954497826667,96.99044480534211,18.37468363857192,,,,0.0,0.0,0.0,0.0,0.0,0.0,1.634770575785129,2.9751273867927295,0.4912494958822072,0.05582100474266967,0.1347985158395706,0.02326396522387689,,,,0.22735595703125,0.3662109375,0.07814824235413743,4.550087088463038,7.842575267432556,2.046378407215665,16.224126210533733,33.898776551999646,7.623657667706928,,,,0.0,0.0,0.0,0.0,0.0,0.0,1.9801903272240042,2.9374249720675394,0.8786765119723502,1.5167626339750153,2.7877358291921945,0.5739462589931235,,,,7.7220916748046875,12.744140625,3.4666046027136836,4.929748464274995,9.651450442403613,1.7205085383148302,22.339494172083995,134.51955039044168,24.270868968327616,,,,0.0,0.0,0.0,0.0,0.0,0.0,1.6951867016884348,2.999024169205477,0.5392198097791018,0.015703932363794318,1.2813265801321236,,,-0.011444091796875,0.9496644295302014,-1.0661567947855657,0.7656843101995,-2.7585743403339826,0.8299708530039084,,,0.0,,0.0,,-0.2848894949355336,0.8561302461592591,-0.17217514335316908,0.8864851101309467,,,-0.989532470703125,0.8718569382008595,0.14810764564668766,1.0300436516629596,-3.4855396742573284,0.8439741004246664,,,0.0,,0.0,,-0.060416125903305806,0.9643601935744716
Train76.csv,5.6374134839416845,380,0.24895478081683164,0.4815805334270642,0.10738979307572849,0.04416117099197808,0.08542579585458093,0.0190494795852089,1.3378143310546875,3.96728515625,0.9022157430421229,5.098976292126368,10.67514849099334,1.8236486978793376,6.671324169109559,29.621766534511547,5.588045823755417,1.1834016057386947,5.254495988078558,0.9912428527148323,0.8479650912719823,0.9630234173031949,0.100428561667182,526.0227743084436,1452.0960833115269,321.4255842255533,0.8076647550856039,2.1959073861934413,0.43465627422161035,1.3832481678639632,2.986734109430436,0.5619312337154907,0.2453692942347019,0.5298057554121627,0.09967891042872164,7.105255126953125,17.73681640625,3.2140819136754653,5.453018157634135,15.06019956498165,2.2726326275772237,20.426563875244014,138.44408902270604,25.021370485797192,3.62339287927515,24.558086685865344,4.438448688759695,0.5139379112943991,0.636495171769102,0.0975330688358257,2334.068660868068,4957.4237889308015,1263.0662412344095,1.6388854059426725,2.415747589726912,0.36428630440414117,0.28954408176568824,0.5862731099606469,0.14030315480506425,0.051361157486578185,0.10399682613855817,0.024887859513005626,1.4881134033203125,5.28564453125,1.0159207765024671,4.994473850867052,9.174676046946036,1.4890853749986073,6.471986966729146,33.629521971144776,6.426393522791741,1.1480419141091502,5.965416953526528,1.1399542611336715,0.8630696905627269,0.9713186680424301,0.08809352347652923,581.2032538207716,1463.169470411985,306.7807232845908,0.7124300484515791,1.8103148768748283,0.36326144580240544,1.544184955000119,2.7543297489353877,0.514774494646316,0.27391727773716956,0.48858040248088347,0.09131395029168327,8.381271362304688,12.7197265625,2.792111344169791,5.654727375668246,14.28489411741956,2.0455677422345464,20.50970216633477,91.32111486991501,17.788904489391246,3.638140474307442,16.199115982896327,3.155508202487434,0.5080479971437547,0.577147639535541,0.07298890910180696,2555.04436778959,4350.011140736169,1311.7123339866191,1.6839809379056958,2.8334028045257504,0.44718919731660134,-0.0405893009488566,0.8598165063456443,-0.007199986494600102,0.8598165063456442,-0.150299072265625,0.8990002563445271,0.10450244125931629,1.0209236136537534,0.19933720238041275,1.0308000005879423,0.03535969162954444,1.0308000005879425,-0.015104599290744591,0.9824989807243766,-55.18047951232802,0.9050582061446196,0.09523470663402478,1.1336758701307044,-0.16093678713615578,0.8957788141795855,-0.02854798350246765,0.8957788141795855,-1.2760162353515625,0.8477538573574257,-0.2017092180341109,0.9643290994182944,-0.08313829109075499,0.9959463920823179,-0.014747595032292171,0.9959463920823179,0.0058899141506444375,1.0115932238366405,-220.97570692152203,0.9135139453125459,-0.045095531963023294,0.9732208774173495
Train77.csv,4.435754293943589,299,0.1360159757468703,0.2858478572388148,0.04736531251452706,0.030663550488488817,0.06444176983136794,0.01067807398150927,0.839996337890625,3.02734375,0.6817345370058834,5.629361669223806,13.329911011727424,2.864710901743057,11.133656206899055,59.09373320780761,12.23188666446507,2.509980370666727,13.322138534249284,2.7575663244391206,0.6651793197145027,0.9506832433323749,0.16799253082170246,183.0803508319781,586.2758480545617,111.45816962382293,1.012670831142167,2.8825743480451638,0.6589059497263478,1.1937415922080108,2.922021370041809,0.6593235000641515,0.26911806044755465,0.6587428374992336,0.1486384178141623,5.942535400390625,16.41845703125,3.720566451073038,4.941516273115383,7.8781461243742195,1.7658398366624959,30.748308596452944,287.2409558611438,55.75367620203345,6.931923311991271,64.75583110032305,12.569153408284452,0.317304085655454,0.5197029582143273,0.08701127096644364,1984.2284773248762,5350.5007151064365,1521.1791581348962,1.7042108359441643,2.992719415698209,0.5804617720566116,0.1184535456954075,0.27477523005978033,0.05173514515904475,0.02670426219440051,0.061945547893612604,0.011663212552075296,0.6946563720703125,2.83203125,0.5834954503187518,5.34735500239133,10.30671960272351,1.7741220119811243,7.096348508476304,22.577210299435134,4.905349583705538,1.599806490220928,5.089824368825208,1.1058659381569256,0.6541760189819928,0.949483058240191,0.18755546894419758,164.12125613813578,473.5467051475311,97.91763881355597,0.8175446317322765,2.6508113934682918,0.5327412984504372,1.3940502106612036,2.5067951331330356,0.575688741421929,0.3142757957907153,0.5651339021540753,0.1297837308545139,6.7371368408203125,12.41455078125,3.667766473267522,4.617180006921676,8.095002281233379,1.8214224976547,34.28784227881202,557.6105664348681,95.28776187691372,7.729878619658294,125.70817260915658,21.481749340132755,0.3064633508901796,0.5133101186748273,0.11373127895043111,2176.2318267957953,5491.637455877476,1631.4113809726834,1.6888934986903963,2.9905170046796004,0.6311519467465614,0.017562430051462796,1.148264283254323,0.003959288294088308,1.148264283254323,0.1453399658203125,1.2092257001647446,0.2820066668324763,1.0527375995620945,4.037307698422751,1.56892748342339,0.9101738804457993,1.5689274834233904,0.01100330073250988,1.0168200918609533,18.95909469384233,1.11551882516598,0.1951261994098905,1.23867345198811,-0.2003086184531928,0.8563117620001753,-0.04515773534316064,0.8563117620001752,-0.7946014404296875,0.8820565086914671,0.3243362661937068,1.0702455320579856,-3.539533682359078,0.896770008051912,-0.7979553076670225,0.8967700080519121,0.010840734765274362,1.0353736743195734,-192.00334947091915,0.9117725661821526,0.015317337253768049,1.0090694512505647
Train78.csv,0.0,0,0.06975853620863981,0.12767679392351902,0.0303431558164267,,,,0.1964569091796875,0.341796875,0.08156586371305732,3.2048000486992283,9.567691686680778,1.8632060925352856,15.520431225267618,75.9483944835826,13.465810656175908,,,,0.0,0.0,0.0,0.0,0.0,0.0,1.5841944799221856,2.931506832417267,0.9119221233057022,1.1812785178987022,2.7397153285299183,0.6565237003193445,,,,6.333160400390625,17.54150390625,3.6804786759679735,6.1378121467777875,20.15149948485129,3.856945382298787,35.146702558401714,212.6073011644543,49.31673485237262,,,,0.0,0.0,0.0,0.0,0.0,0.0,1.8409665443057948,2.9536704341117326,0.643045756489737,0.05284514433070081,0.12727116581497727,0.02549812811232768,,,,0.2017974853515625,0.3173828125,0.08604573754138418,4.25189162726278,8.124279127583836,2.1136295267100405,17.38637405951031,72.17218784075708,15.779663982493414,,,,0.0,0.0,0.0,0.0,0.0,0.0,1.695850342059164,2.9273871895456782,0.985108187979729,1.2966924647256914,2.3750949075206993,0.6041389222084081,,,,7.016754150390625,11.9873046875,3.5829007091666445,5.531959891304966,14.075666104172434,2.4542110212711004,36.30555286090084,284.1797379131528,56.66872524252257,,,,0.0,0.0,0.0,0.0,0.0,0.0,1.7952314311623432,2.9825976289671297,0.7277618254364459,0.016913391877939,1.3200557419636572,,,-0.005340576171875,0.9735349716446124,-1.0470915785635517,0.7537351206579005,-1.8659428342426914,0.8926778621088033,,,0.0,,0.0,,-0.11165586213697831,0.9341593657366005,-0.11541394682698924,0.9109935856291071,,,-0.68359375,0.9025769272588887,0.6058522554728212,1.1095185553360734,-1.1588503024991255,0.9680806319920514,,,0.0,,0.0,,0.04573511314345158,1.0254758870358234
Train79.csv,9.346238144429634,630,0.2420210589298869,0.9859583850951881,0.1910694165681814,0.025895023772118587,0.10549253826608518,0.020443456887738194,1.384735107421875,4.98046875,1.008350553507975,5.891734011204802,9.406895926149346,1.6790604819104973,6.933372681812147,15.02676605201084,3.1076271010391046,0.7418356535184631,1.6077876274709313,0.33250031221291454,0.8597405124570985,0.9837548239110542,0.08595256576808026,472.6830396088005,2348.0398427859623,503.8809177321408,0.8939179841460291,1.9432068893765329,0.3725527821280339,1.1432035633130182,2.3307530559970666,0.5499931342865336,0.12231697348674647,0.2493787361267054,0.05884647125264296,5.939483642578125,12.31689453125,3.1819239395705097,5.242960231262458,10.610571389437041,1.9822725004636188,23.563751803837988,93.93522404556042,18.29331716860168,2.5212017326866434,10.050591756165115,1.9572920019702806,0.5835679256978417,0.6907499205611625,0.14930654116699416,1724.9516640783484,3921.0847483760804,1263.7752229210325,1.8369350837486587,2.9585897516813002,0.6371013677205485,0.22825155309992196,0.6612111528375635,0.13873591445192476,0.024421756601179706,0.07074623421955559,0.014844038029847493,1.345062255859375,3.5400390625,0.8671688768389002,6.221233671208637,13.504585825230775,2.7986983594733963,8.501460604703151,43.21214001192474,8.268938079396122,0.9096130949509381,4.623479451749174,0.8847343660213083,0.8530370769161275,0.9793419729799803,0.0973507615135926,484.61032388958245,1530.1444535619398,359.0458787891786,0.7886103356984372,1.6806517394572489,0.3392699344448368,1.298639668435406,1.9475104198189304,0.4203953803593975,0.13894784707678312,0.20837372103338156,0.04498016997458528,6.5731048583984375,11.2060546875,3.2616381497832188,4.962588435796013,11.715185220713142,2.1658370746473494,21.828942103261976,80.00597992478154,17.328253013934933,2.3355859080342443,8.560233399623481,1.8540350402116161,0.5779884833916884,0.6935351823887494,0.17558783040357656,1917.0053018176222,3976.5293064456914,1347.7326321988367,1.8567336009876816,2.9978261453507655,0.6383324699129322,0.013769505829964945,1.0603260115559303,0.0014732671709388814,1.06032601155593,0.0396728515625,1.029495178672717,-0.3294996600038349,0.9470362829274952,-1.5680879228910047,0.8155507628861431,-0.16777744143247497,0.8155507628861429,0.00670343554097097,1.0078583167395314,-11.927284280781919,0.9753878865290135,0.10530764844759188,1.1335357193287678,-0.1554361051223878,0.8803085190600589,-0.01663087359003665,0.8803085190600588,-0.6336212158203125,0.903603969589693,0.2803717954664453,1.0564970879801505,1.7348097005760117,1.0794729168445032,0.18561582465239912,1.0794729168445032,0.005579442306153259,1.0096532067099548,-192.05363773927388,0.8998158025138601,-0.019798517239022928,0.9893369101369787
Train80.csv,9.96932068739161,672,0.16822006291262093,0.32023119476071893,0.05582270325091797,0.01687377386960498,0.032121666541003284,0.0055994490498753845,0.6954193115234375,2.89306640625,0.5135255573932942,3.885183559937196,10.872962199255623,1.41615043861433,4.010130334471679,19.318067553446394,3.321179575185385,0.40224709989953145,1.9377516441895908,0.33314000816382044,0.6536235080392165,0.9713254345618734,0.19263621152508356,237.2735024147683,616.277128009738,141.07057038851562,0.6436575302985068,2.342161541680448,0.4892389193223311,1.2609382573652919,2.3431306688276266,0.5453775797546397,0.12648186339918072,0.23503413545428714,0.0547055909681378,6.967926025390625,16.05224609375,3.375519280834157,5.818228571907953,14.545142282347204,3.1164712564751857,31.37063025505731,136.3977924209519,38.81673015929349,3.1467169367650443,13.681753922657618,3.89361836944274,0.6005674909707649,0.720984013702002,0.10136365655779987,1874.831713670898,3695.273440077709,1229.1539192553687,1.9972990735905545,2.989830799781071,0.7061118464099616,0.16438393261852613,0.3183713571364765,0.05454292454760694,0.01648898032003581,0.031935110437276516,0.0054710773439747415,0.659942626953125,1.904296875,0.29631825839481807,4.004907976375459,7.005767911804024,0.8549156711138147,3.378623285104774,5.665385822426077,0.6306561400891374,0.33890205672466567,0.5682820324549493,0.0632596903906141,0.6686360153563448,0.9663633945720334,0.20092569342352093,239.78605641331637,513.3788603118974,113.14314141758675,0.6067685981052642,2.0896639737642757,0.38673361187561117,1.386745140898689,1.9822627487585722,0.4426939980546279,0.13910126721598312,0.19883629094864785,0.04440563323582432,7.520294189453125,11.962890625,2.9953246812804073,5.307830101491827,9.593141923299136,1.7124183215855888,31.088914067108917,130.42209142632677,36.765343196408004,3.1184586234072755,13.082344877447275,3.687848384986334,0.5693034474404643,0.712507398885787,0.1283805882086133,2015.998273569889,4360.305744674614,1339.0339381993008,2.0313419975978215,2.9969895256359034,0.6736758523828347,0.0038361302940947972,1.0233364066243447,0.0003847935495691693,1.0233364066243444,0.0354766845703125,1.053757225433526,-0.1197244164382627,0.9701055761719108,0.6315070493669048,1.1869125368758953,0.06334504317486578,1.186912536875895,-0.01501250731712822,0.9775475640373225,-2.5125539985480714,0.9895216843042065,0.03688893219324263,1.0607957173598543,-0.1258068835333972,0.9092790161486578,-0.012619403816802405,0.909279016148658,-0.5523681640625,0.9265496601400021,0.510398470416126,1.0961595342459571,0.28171618794839404,1.0090616284422247,0.02825831335776874,1.009061628442225,0.031264043530300545,1.0549163081145227,-141.16655989899118,0.9299768448466892,-0.03404292400726705,0.9832411656690381
Train81.csv,4.628613176288962,312,0.2390637733707883,0.4302651424015291,0.10512876376877951,0.051649114813794,0.09295767998191168,0.022712799658291507,1.6757965087890625,6.28662109375,1.5104235415243985,6.38362299175956,17.440051632997623,3.4588936657489513,15.224717801423033,86.9694056293286,21.72992881111701,3.289261215306311,18.789516928061207,4.69469536197864,0.8069110052904345,0.9692538657767028,0.12989845030953656,423.38053250501446,1041.1576930142705,267.90517850059484,1.0063994646063188,2.536602234177439,0.6252265906538287,1.2774899671557258,3.1004537911677352,0.6270012777221359,0.2759984294431721,0.6698450860077177,0.13546201720508444,6.835174560546875,17.76123046875,3.773549978458568,5.658107173187249,16.95353667906642,2.979499107948125,22.85797809854082,137.40186925694044,28.017690957443296,4.938407516021341,29.68532128820145,6.053150239680813,0.3424152602521511,0.5414261961287603,0.08968120585666463,2015.306968037929,4967.894693197493,1344.0589561854833,1.7225014033975272,2.8980425452661653,0.5500879550861153,0.2251909496887117,0.4129832615866393,0.08644179400195875,0.04865192685409517,0.08922397397609987,0.018675527789786994,1.4896392822265625,4.7119140625,1.0231833741900715,6.316437581413523,13.570185197285054,2.5687077773905176,11.510949389598167,46.35919581072386,11.506468735833348,2.4869110792332814,10.015785300056727,2.485943045484474,0.8239214306222435,0.9574992927793272,0.08415956941457373,429.4512496835051,872.7359494584382,179.54649521136122,0.9506049662169079,1.8573988559534977,0.4811559419106895,1.4855312629310242,2.798061185909635,0.5933017886781871,0.32094521757423333,0.6045139395625645,0.12818132906795918,7.917022705078125,13.09814453125,3.404369462766455,5.35723190802763,12.6663211078061,2.064497948926219,38.320921878245755,351.4039836361462,70.42005747205002,8.279136842662222,75.91992898354232,15.214072723292473,0.3464046306191906,0.4985511347790963,0.07059507114954171,2318.430122454895,4719.586672356052,1451.1175251057268,1.6940502750090478,2.794976131719193,0.611924221747653,0.013872823682076596,1.061604712361902,0.0029971879596988327,1.0616047123619021,0.1861572265625,1.1249679897567222,0.06718541034603653,1.0106365984750223,3.7137684118248657,1.3226292016521939,0.8023501360730299,1.322629201652194,-0.017010425331809076,0.9793543113462136,-6.070717178490668,0.9858640132425633,0.05579449838941086,1.058693674420253,-0.2080412957752984,0.8599549528396845,-0.04494678813106123,0.8599549528396845,-1.08184814453125,0.8633516430567602,0.30087526515961915,1.0561624492508468,-15.462943779704936,0.5964882100479156,-3.340729326640881,0.5964882100479156,-0.003989370367039502,0.9884834958473027,-303.1231544169659,0.8692549965249758,0.028451128388479408,1.0167947367372716
Train82.csv,17.14960523009628,1156,0.3316443262082903,0.9100986757200485,0.15883109817066432,0.019338306728266794,0.05306819973458591,0.009261501710367511,1.7116546630859375,4.26025390625,0.8765014724462621,5.203093112221023,9.280252130235226,1.5680440720949915,4.651273986539595,10.961286599289501,2.1406648649567828,0.2712175542313333,0.6391567882888207,0.12482298200077956,0.8968873227025493,0.9681945184366493,0.07357192551488077,666.4326053813601,3063.3198555559015,563.2316959109044,0.5095552315408501,1.353061526405089,0.2904565715006468,1.2360924682113876,2.0084959269694327,0.5273171999502477,0.07207702169389517,0.11711616098571598,0.030748066376760985,6.731414794921875,12.85400390625,2.6794171820819512,5.787603786663583,14.062343908227565,2.1972232252708124,21.307818584685847,96.2852594141162,18.885137904874945,1.2424670013565218,5.614430077092546,1.101199569989689,0.6500231136378977,0.7815617242180313,0.08139275976662158,1936.2394439373707,4271.962628262824,1277.6284672401362,1.7192911605776173,2.9275168998270487,0.5182142001053622,0.37208934794848963,0.9500292861339468,0.20609027885955583,0.02169667132019462,0.05539656880653533,0.012017202500841404,2.173614501953125,9.19189453125,1.7376590469754778,5.7363399636337,10.592626322883056,1.8387676225136083,5.632475259442811,24.484144184647644,4.568568691632175,0.3284317734357078,1.4276797544983597,0.26639497704674137,0.9025197293827925,0.9852614986866942,0.06578705528634948,791.9031953583584,2825.2930091515823,592.3512155439845,0.5814346913385706,1.7274481682912708,0.34387316785778616,1.3747030856458762,2.183264736576376,0.5757326303240072,0.08015945948617957,0.1273069967082921,0.0335711885258816,8.152008056640625,20.8740234375,3.570073331417119,6.656400221251873,17.162817164866343,2.696945849304029,26.839844766830822,121.20297187587853,24.55551309364371,1.5650415509115567,7.067391362640601,1.4318413027111907,0.6305571178297181,0.7368617848207947,0.1100265817808894,2072.0896360400393,4404.337661047414,1339.5469435657076,1.8204541884681469,2.935094313462519,0.4826610995761394,-0.040445021740199316,0.8913029304300365,-0.002358364591927828,0.8913029304300364,-0.4619598388671875,0.7874692874692875,-0.5332468514126774,0.907040577303077,-0.981201272903216,0.8257957243117512,-0.05721421920437447,0.8257957243117513,-0.005632406680243118,0.9937592425994998,-125.47058997699833,0.8415581718669296,-0.07187945979772048,0.8763756946936885,-0.13861061743448855,0.8991705053390746,-0.008082437792284403,0.8991705053390747,-1.42059326171875,0.8257370145063173,-0.8687964345882904,0.8694795376313933,-5.532026182144975,0.7938875492684833,-0.32257454955503495,0.7938875492684832,0.019465995808179537,1.0308711062927631,-135.85019210266864,0.9344380717224708,-0.10116302789052956,0.9444297865162677
Train83.csv,13.663310049237607,921,0.43825411004794257,1.5434365492912618,0.35633828479515417,0.03207525178515557,0.11296212584866164,0.026079938427148362,2.8656005859375,11.8408203125,2.7617514580026707,6.070326371299879,10.180730868410505,1.9245543315465206,8.135081231744572,27.875483500360957,6.584802238516648,0.5953960791659337,2.0401706028705955,0.48193316369074635,0.9112313102355112,0.9894208926902796,0.0677109860853127,931.3639806140484,4636.9042113954965,1033.8803083606472,0.7586166741078997,1.9980984417692005,0.4734696325051552,1.3992959154300006,3.0369636255354133,0.5776682522710505,0.10241265918634991,0.22227144188277215,0.04227879263438683,8.092117309570312,23.2666015625,4.1455884633289815,5.888954836363066,10.74898016957754,1.9236012805749185,24.74899848680488,131.85637491311,23.481040913549638,1.8113472063225147,9.650397629706674,1.7185470306194104,0.6307178321902487,0.7569501832733765,0.10483704040998922,2265.1571565354106,5192.709626670729,1320.3699058920477,1.8399993630208678,2.981930360697173,0.565761240527824,0.3574067335821497,1.1881567117912828,0.22452750613978828,0.026158136812689282,0.08695965381079676,0.01643287792860388,2.0008087158203125,5.89599609375,1.3271510514176756,5.547259996758061,10.812388075468357,1.7079741637845707,6.325043204493769,18.57004871660709,3.9635076545941095,0.46292173578002777,1.3591178601442389,0.2900840016299907,0.9123012462083269,0.969533572639575,0.046928383269428935,642.0200496115087,2531.6134047504383,479.0179553058347,0.6699011819334101,1.884079408190395,0.3432077779060972,1.4948026310039548,2.539725003008425,0.5338442281656216,0.10940267223807622,0.18587918987830757,0.03907136896124298,8.147048950195312,12.73193359375,2.94731220516806,5.647920617394014,11.428891806810983,2.072382974615306,24.395152556504684,183.39503786319344,31.583467657415852,1.785449680098996,13.422445747209448,2.3115531700298466,0.6383697592151709,0.7446553975851165,0.08608493062190868,2392.7421303252695,5523.186530724998,1459.1534111574088,1.7349201790378586,2.9978802929812787,0.6682025430088869,0.08084737646579288,1.226205521243237,0.005917114972466289,1.2262055212432372,0.8647918701171875,1.4322211630123927,0.523066374541818,1.094292745399983,1.810038027250803,1.2861700653625292,0.13247434338590597,1.2861700653625292,-0.0010699359728156832,0.9988272119793078,289.34393100253965,1.4506774066909964,0.0887154921744896,1.1324307145099322,-0.09550671557395418,0.9361074742624657,-0.006990013051726307,0.9361074742624658,-0.054931640625,0.9932574799831437,0.24103421896905175,1.0426766300905033,0.35384593030019573,1.0145047639886904,0.025897526223518597,1.0145047639886904,-0.007651927024922234,0.9880133309661634,-127.58497378985885,0.9466783435737327,0.1050791839830092,1.0605671576436926
Train84.csv,10.414379646650165,702,0.3098821073082406,0.8967153546670676,0.1591569902017842,0.02975521517577052,0.08610357842634443,0.015282426376013458,1.47705078125,4.79736328125,1.033744389000994,4.55519425201761,7.541704000806877,1.1628407538096934,4.602576990831982,17.55586021327941,3.3156386685992523,0.44194442175078785,1.685732689697589,0.3183712118336058,0.6402927758144003,0.9630334020465239,0.22673702965842532,502.4187257533209,1689.0667299076388,319.65048924208816,0.6299836222146655,2.240450429157956,0.4248309629939932,1.2983454030206534,3.01202999045505,0.5999357435832632,0.12466853015467633,0.28921837811279366,0.05760647911239105,7.3238372802734375,16.17431640625,3.318994603271989,6.457646243873111,22.455293660785635,4.334214912521919,39.34515178098433,317.14280753569295,72.73533457104,3.7779640377945984,30.452395466272776,6.984125510964608,0.6096074727963426,0.7128841922183623,0.11268936355480927,2247.353176572441,5455.312828454348,1498.185199237705,1.7636608334693218,2.9962212877767236,0.5381575469919269,0.307872829661388,0.9152081800449543,0.16443491821291406,0.029562282162472996,0.08787927952476127,0.015789218733331407,1.5331268310546875,5.16357421875,0.999877416349551,4.900927170891375,11.726165311765737,1.8278076027375298,5.7162955966367335,20.011711746682145,4.906101216383114,0.5488848871065889,1.9215462106875476,0.4710891462422521,0.6502596398128149,0.9683295372962467,0.22579257233621733,524.8521484007983,1842.5892693885169,367.21459426059505,0.5935833048669291,1.9313599670553698,0.42435619068348046,1.4605739333544556,2.5359366322326116,0.5336078315125204,0.14024588913697383,0.2435033788160688,0.0512376012414871,7.80487060546875,12.451171875,3.2773289498278015,5.199346148132499,8.125997994669145,1.7256784951120452,35.90442478095342,292.44452525310413,63.825777054194816,3.4475817090557337,28.080839682771725,6.1286201597926855,0.5984385250444135,0.7169582245575311,0.11879311855358887,2397.493534367827,5599.084949664103,1489.989975633783,1.7962874572360825,2.996777259201287,0.6754474428255096,0.002009277646852603,1.006526323381841,0.00019293301329752557,1.006526323381841,-0.0560760498046875,0.9634237372480716,-0.34573291887376545,0.929455609761513,-1.1137186058047517,0.8051677722089766,-0.10694046535580104,0.8051677722089767,-0.009966863998414621,0.9846724855916266,-22.433422647477414,0.9572576339530455,0.03640031734773641,1.0613230140559575,-0.16222853033380225,0.888928231136361,-0.015577358982297507,0.8889282311363609,-0.4810333251953125,0.9383675464320625,1.2583000957406112,1.2420112183130119,3.440727000030911,1.0958301663659056,0.33038232873886475,1.0958301663659058,0.011168947751929115,1.0186634838575945,-150.14035779538608,0.9373761156628206,-0.03262662376676073,0.9818366355366291
Train85.csv,5.459389900238262,368,0.29170310090816925,0.5087835124879111,0.13798504494560843,0.053431446780424774,0.09319420700575103,0.025274810458140458,1.604461669921875,4.638671875,1.0199581724002798,5.326583702250646,12.484629278444002,2.0957611745730356,7.254620439886259,33.316161513717454,6.412952352308555,1.3288335459553178,6.102542980537706,1.174664654749916,0.855602661186673,0.9630370501042679,0.10091463243538089,545.0886313961295,1353.5055301723803,298.46733018110166,0.8726218892371537,1.972945754219639,0.4872793866412099,1.3152735856582325,3.0881709744262817,0.631064349029753,0.24091951842472917,0.5656622866030334,0.11559246739314435,6.786346435546875,17.4072265625,3.4454236735736727,5.44976317988749,10.500647307317262,2.0022706606557072,23.47235137568761,122.43247261578219,22.069267959023215,4.299445873001892,22.42603566571402,4.042442170701172,0.44825871248912486,0.6248487492103847,0.04971877740715983,2092.3212063262954,4811.040879259522,1392.48382991074,1.7579025640644235,2.827757058171636,0.49089754657501744,0.305815247664615,0.6623572614137136,0.11859569735380744,0.05601637788340936,0.12132441051422369,0.021723251044705856,1.633453369140625,3.80859375,0.7902310890123777,5.391989340327417,10.001814164664163,1.774931008392156,6.75759943281436,30.40926971378998,5.54390212968911,1.237793884719507,5.57008571827098,1.0154801600536278,0.8722141877828078,0.9563574121118696,0.07072094961472007,583.7842452493605,1123.0275618435933,242.3947239035708,0.8150380618577135,2.0233387694782543,0.4618710137654693,1.4703529359605565,2.775850957161098,0.5839563511253522,0.26932550391690946,0.5084544258397724,0.10696366476771824,7.7121734619140625,12.90283203125,3.4651292018528252,5.292138899207709,9.454435034074024,1.644192184367562,25.6309690066593,105.92376995104965,22.30917508115507,4.694841268900888,19.40212585776789,4.086386114349781,0.4575948608101009,0.5688058271054818,0.03861406847051163,2347.957914456862,5258.348908200017,1510.4023768139616,1.7447785314217592,2.9805162007558597,0.5519297520380337,-0.014112146756445731,0.9538540119754839,-0.0025849311029845848,0.9538540119754838,-0.02899169921875,0.9822512844465203,-0.06540563807677024,0.987869850263317,0.4970210070718988,1.0735499361886418,0.09103966123581086,1.0735499361886418,-0.01661152659613474,0.9809547622260517,-38.695613853231066,0.9337158990361201,0.05758382737944012,1.070651703367312,-0.155079350302324,0.8945291660869074,-0.02840598549218029,0.8945291660869076,-0.9258270263671875,0.8799525152099718,0.15762428067978096,1.0297846076382045,-2.1586176309716905,0.9157808809175007,-0.39539539589899597,0.9157808809175007,-0.009336148320976068,0.9795973488328784,-255.6367081305666,0.8911238116507291,0.013124032642664263,1.0075218902607483
Train86.csv,0.0,0,0.07059423696313433,0.12788611681990605,0.03019595095541641,,,,0.200653076171875,0.37841796875,0.07945932908906171,3.1850396326729857,6.443662864101241,1.533203513342137,14.705476261151999,35.23629684544917,7.8431190456888205,,,,0.0,0.0,0.0,0.0,0.0,0.0,1.733475119501546,2.8785142782692996,0.8803303235975638,1.3303728157385666,2.9919168210418747,0.6109099907404967,,,,6.4178466796875,16.9189453125,3.49107888778967,4.680334420437822,8.140202035496802,1.6977904050585932,16.329226976146828,36.89884449499247,8.345549616757467,,,,0.0,0.0,0.0,0.0,0.0,0.0,1.6894442752702161,2.5838725828562628,0.5923962508709433,0.05431960542666273,0.13522735224867916,0.026071317203146448,,,,0.218963623046875,0.5126953125,0.10371207094740535,4.313238979930338,13.000666264368606,2.2095220742052133,18.755957251389415,105.66986122785076,22.36937696581708,,,,0.0,0.0,0.0,0.0,0.0,0.0,1.740788152573515,2.8714988069214433,0.8495611992138928,1.4953212887914382,2.806588792952769,0.5601199998168145,,,,7.611846923828125,12.2802734375,3.428153718120209,5.128521730699138,11.633905989478569,2.302794809470436,19.460973782773166,137.25832273319492,22.993448945319166,,,,0.0,0.0,0.0,0.0,0.0,0.0,1.6620524532144656,2.673780468650816,0.5140897946259885,0.016274631536471594,1.299608795178825,,,-0.018310546875,0.9163763066202091,-1.1281993472573522,0.7384333786032015,-4.050480990237416,0.7840429610737484,,,0.0,,0.0,,-0.007313033071968844,0.9957990103154382,-0.16494847305287164,0.8896902797483826,,,-1.194000244140625,0.8431392202064749,-0.4481873102613161,0.9126088698077491,-3.1317468066263388,0.8390755343703018,,,0.0,,0.0,,0.027391822055750525,1.0164807205709867
Train87.csv,3.9313541401172274,265,0.09296187900758637,0.15427060446849936,0.029458810778289848,0.023646274462776937,0.0392410856336385,0.00749329867733855,0.341033935546875,1.25732421875,0.19126361037658696,3.7447302756236756,8.516018269809503,1.4702856584826711,6.445119328211248,25.00430952468586,5.355617442495424,1.6394145880785655,6.36022821488686,1.3622831349240208,0.30058974126456384,0.9763597082316656,0.23567267429837,63.202345163669094,286.12632878178607,51.084842698821454,1.1410266873479182,2.9092880684753024,0.6338958251333878,1.3934759423155605,2.3218376432625085,0.48249548619572646,0.35445189943483674,0.5905948842332669,0.12273009985850299,7.4260711669921875,15.087890625,2.93424507626219,5.4830759505240945,14.254684302674558,2.168659984013384,23.385934646520745,120.17942693704387,26.817718409096926,5.948569834470168,30.569473686097457,6.821496475079006,0.3578504007873853,0.466683804191542,0.03952056697986034,2462.7320578373638,4330.683297199031,1255.4395950535966,1.8042419429894632,2.9945055598384935,0.6507887623014994,0.07500235127872021,0.15644595256774493,0.024778056569247503,0.01907799414796138,0.03979441866386525,0.006302677318332013,0.2826690673828125,0.48828125,0.09732712477981358,3.8321335459662436,5.892163082645936,1.0052869616659506,5.855349248575934,18.836736556193625,3.98420198904628,1.4893975561309611,4.791411784549112,1.013442657935537,0.27994537645542444,0.8906235127639571,0.2011731842519693,54.25671595105865,101.29711459470062,22.756068059319198,1.1192409835480444,2.007724338055199,0.5910725821308999,1.5012504045133397,2.718593436698867,0.5739145294734,0.38186598078100753,0.691515783062424,0.14598393047752412,7.9319000244140625,12.78076171875,2.995105155033523,5.490180317814531,13.50487175930301,2.117256201280757,22.80656691174213,112.21980425832179,25.86185503531062,5.801198797893612,28.544822027907045,6.578358019544751,0.3467690229134216,0.4697809977966868,0.06293104786378273,2613.4949559873357,4454.522201405113,1342.3804698500114,1.7690270881986658,2.999355733013443,0.6896036663297301,0.017959527728866165,1.2394528627792722,0.0045682803148155565,1.2394528627792722,0.0583648681640625,1.2064777327935223,-0.087403270342568,0.9771920082392301,0.589770079635314,1.1007232966981007,0.1500170319476044,1.1007232966981004,0.020644364809139393,1.0737442606501721,8.945629212610442,1.1648759799741601,0.02178570379987388,1.0194647123542708,-0.1077744621977792,0.9282102027258294,-0.027414081346170793,0.9282102027258295,-0.505828857421875,0.9362285384504401,-0.0071043672904362865,0.9987059865288241,0.5793677347786144,1.025403548768242,0.1473710365765557,1.0254035487682418,0.011081377873963683,1.0319560777974404,-150.762898149972,0.9423136831373695,0.035214854790797334,1.0199063400587356
Train88.csv,5.503895796164118,371,0.22840174096209281,0.7031160777903424,0.14960916656812753,0.041498194991495846,0.12774879900167654,0.027182412623508612,1.5323638916015625,7.275390625,1.5151078100486175,5.920592492214522,10.474115708256614,2.4594202572259114,9.941240213120313,33.41121665099751,8.280738259438383,1.8062188277708229,6.070466790865319,1.504523080762095,0.7902732256876872,0.9734872009935109,0.14891384447657058,374.6429185259201,1367.9642273602728,253.74346479474295,0.8975464245114644,2.6984054354730795,0.49881538640006823,1.2760791640187645,2.3519556819418463,0.5398334059450619,0.23185016782260204,0.4273256197148604,0.09808205422807843,7.23876953125,16.95556640625,3.281025708570885,5.816577768740254,10.555423128787561,1.8215386776407199,23.72301499586566,70.95007498281748,16.69877635983653,4.310222408716235,12.890882678459391,3.0339920991008884,0.48776386108181513,0.5760690573841432,0.048888182594781185,2023.6347452492118,4061.1885952592056,1198.5002526962803,2.013242309369816,2.9930920154548466,0.5966170801604872,0.20940024339578645,0.40946706362725455,0.09373421835767949,0.03804582265923816,0.07439586045808286,0.017030521984628882,1.407623291015625,3.57666015625,0.873732904810487,6.423737069319612,10.258674220063556,2.264889336510476,9.682116546193697,26.11132954031026,7.214512537139586,1.7591387818318702,4.744154051482638,1.3108010769694558,0.7855582573675818,0.9558095790704872,0.11609723914850507,343.73713494606807,707.9616844317844,160.32352930480485,0.8657481792281039,2.295524124518841,0.4793806618836655,1.3732943472666124,2.0828940337663893,0.4740602929440664,0.24951314453004642,0.3784399470676826,0.08613177111282842,7.764434814453125,11.70654296875,2.7814858768862374,5.9430786359481695,13.859831668170571,2.249690671024134,24.891358944882377,69.0652055141045,16.32018076004403,4.522498220665834,12.548421712896305,2.9652052590490916,0.4864973627261153,0.5724448598501376,0.05531654243578296,2079.831823580991,4114.1239625274675,1222.6903745413063,2.0960780019855334,2.9982327768175443,0.5656217319436445,0.01900149756630637,1.0907424808021438,0.003452372332257689,1.090742480802144,0.1247406005859375,1.0886178861788618,-0.5031445771050906,0.9216741638588918,0.2591236669266159,1.0267631220601743,0.04708004593895265,1.0267631220601743,0.004714968320105428,1.006002060669447,30.905783579852027,1.089911099028335,0.031798245283360504,1.0367292083844886,-0.09721518324784784,0.9292102356342297,-0.017662976707444378,0.9292102356342297,-0.525665283203125,0.9322983197405915,-0.1265008672079153,0.9787145897005731,-1.168343949016716,0.9530622674477592,-0.2122758119495991,0.9530622674477589,0.0012664983556998077,1.0026032995299357,-56.19707833177927,0.972979989201713,-0.08283569261571744,0.9604806249875957
Train89.csv,19.330394130463198,1303,0.7846500339083924,1.413614808127386,0.3094421129813614,0.04059151761793853,0.07312912497214111,0.016008060202647636,3.830718994140625,11.328125,1.9217096987925295,4.812106805880275,8.876984886167975,1.0404388059696132,4.208195960744741,9.352466380513464,1.2358186776867404,0.21769840450966033,0.483821815395616,0.06393137508454554,0.9341840226567297,0.9859817793391699,0.05082578484684627,1428.6559232034372,3507.8604503875817,940.7164515152128,0.4974664531331977,1.7631019087451505,0.2737904357138038,1.405165479556148,2.4295248363541964,0.5619224475410797,0.07269202428427035,0.12568418522442096,0.029069373534165742,7.360076904296875,13.56201171875,3.2938292860659857,5.458028263795304,10.897099013219666,1.7777933225643108,19.962050354769772,113.34609155047058,23.11056061994186,1.0326768414572125,5.863620306212275,1.1955555827763187,0.651126558995148,0.7607478727506451,0.07016090807202997,2139.6623683883618,4654.406229522939,1316.2449119674861,1.519962318961554,2.7188536791348112,0.49537725332538884,0.779209367464055,1.3785049729923404,0.24940210896227996,0.04031006104713,0.0713128228885889,0.012902070556815064,3.7128448486328125,8.36181640625,1.4784911813031871,4.698948958219345,9.87570346511742,1.1546944583412844,4.5296667079610105,15.757174564860733,2.3538938231460653,0.23432873005018598,0.8151501960339573,0.12177164145021296,0.9388453089317836,0.98295779446689,0.04343530581449769,1362.8490214430774,3624.9780331769152,707.6272933571331,0.5347398976797447,1.8086205865153775,0.31485017785949027,1.540371007331994,3.025485353113509,0.6372623780206238,0.07968647700278852,0.1565144162449114,0.0329668590158929,8.217239379882812,12.98828125,3.307912770778652,5.537367598768489,11.325847280131736,2.321248084045505,20.45404888733886,97.08005107396126,19.08672878608296,1.0581289108381329,5.022145457498492,0.9873947037636319,0.6417522699658579,0.8129146139493543,0.07949956286834521,2244.0314499344086,4423.510132943199,1426.5663485497962,1.5272149723723554,2.3831249908233194,0.4342903782060895,0.005440666444337383,1.006982290859829,0.0002814565708085248,1.006982290859829,0.1178741455078125,1.0317476625911846,0.11315784766093007,1.0240815230527234,-0.3214707472162699,0.9290299335597305,-0.016630325540525653,0.9290299335597306,-0.004661286275053911,0.9950350859393892,65.80690176035978,1.0482862743597812,-0.03727344454654702,0.9302961220805146,-0.13520552777584616,0.9122253488722633,-0.006994452718518174,0.9122253488722634,-0.8571624755859375,0.8956872939974931,-0.07933933497318435,0.9856720122769473,-0.4919985325690881,0.9759461544616901,-0.025452069380920372,0.9759461544616903,0.009374289029290162,1.014607332872837,-104.3690815460468,0.9534903659442485,-0.00725265341080128,0.9952510592536065
Train90.csv,0.0,0,0.0705297388405157,0.1261723497694785,0.029086603900585192,,,,0.2094268798828125,0.35400390625,0.0863765735413021,3.404641745643046,7.622548215427607,1.989383821535224,17.37489156075557,98.3530007184706,16.844039121856834,,,,0.0,0.0,0.0,0.0,0.0,0.0,1.7793515801824522,2.9087954759334043,0.9790455047267459,1.236896647873149,2.434457894922854,0.599410130269725,,,,6.6349029541015625,16.46728515625,3.5590509529957566,5.124356984866191,8.55809272573862,1.7417208643198223,32.0437943203348,216.6075428710616,50.44436097811356,,,,0.0,0.0,0.0,0.0,0.0,0.0,1.859775312886908,2.9844719016189427,0.6623359468785739,0.053683543637810555,0.1274173757763315,0.025315685718328464,,,,0.2010345458984375,0.3173828125,0.08728157389278868,4.106402242422505,7.8096599891499086,1.9050546733391827,14.467651449923979,71.78778597247855,12.05403894399947,,,,0.0,0.0,0.0,0.0,0.0,0.0,1.680157063866495,2.947825592213748,0.9572938555812348,1.3549579001640313,2.2366071035626063,0.5352263491625244,,,,7.2483062744140625,12.36572265625,3.3754852020862693,5.479664989832458,16.61491858715491,2.796250152608555,29.100762258758703,236.1868866229228,51.05223381275079,,,,0.0,0.0,0.0,0.0,0.0,0.0,1.7511783390626934,2.9980456390610213,0.6620487341002207,0.01684619520270514,1.3138055735732015,,,0.008392333984375,1.0417457305502846,-0.7017604967794595,0.8291057584350365,2.9072401108315926,1.2009476189618093,,,0.0,,0.0,,0.0991945163159571,1.0590388353858322,-0.11806125229088238,0.9128672172939175,,,-0.6134033203125,0.9153728751118362,-0.35530800496626735,0.9351588088641289,2.943032061576094,1.1011324732805,,,0.0,,0.0,,0.10859697382421452,1.06201365754806
Train91.csv,2.6406831582674206,178,0.23508108408801232,0.517880261602796,0.10442318564621277,0.08902282856314024,0.19611601641091336,0.03954400410336464,1.036834716796875,2.587890625,0.5284384341586974,4.436248951088859,10.327475196374872,1.4281151456140846,6.057376953680551,38.76551026891979,7.3475467155183445,2.2938673784911243,14.68010660330573,2.7824416164865258,0.5926954898315966,0.9178087631563523,0.2065018607091386,430.6764406096271,1624.9477440567405,340.56805340586675,0.6587400931082963,2.3399511003832987,0.4217054555486358,1.372454627376917,2.2932258637267537,0.39491224031828753,0.5197346842161097,0.8684214372887367,0.14954927064305343,7.79266357421875,17.7001953125,2.664081007789692,5.847544191303699,10.0127130726959,1.578157820957849,22.630681275453693,72.88962311495933,18.174034971286794,8.570010076597722,27.602562952983337,6.8823232027620325,0.3756334104308428,0.48012966905854354,0.04514094617892852,2351.874941830737,4102.92255404179,978.8770638322572,1.8141479745456288,2.9929269888114347,0.5229261011266799,0.21146631673454522,0.4247516292015385,0.09321671928904729,0.0800801550433981,0.1608491453704815,0.03530022865378811,0.9613037109375,2.1240234375,0.5019283511211865,4.488649648817307,8.749282290491173,1.224951840120146,5.097134225069512,28.939640589525798,4.919283650977477,1.93023317057613,10.959149150068194,1.8628829572287917,0.622217267436389,0.955410402960746,0.18686710874237614,420.27545931229,2213.9918947664605,374.0121934255168,0.6004456781706352,1.316409356411116,0.24698628833202532,1.4957234442010934,2.7650185744522244,0.4612165056031148,0.5664153382121212,1.0470845643846123,0.17465802520046503,8.664703369140625,12.85400390625,2.3537273183168255,6.140335907151367,15.033688987820545,2.225146878267396,25.647307425568197,108.134476319351,22.150845133796594,9.712375884729639,40.949432339432626,8.388300983571991,0.3720756555190281,0.47231389085197223,0.04731126278301155,2489.016069518109,4147.166853190718,1071.9698036498005,1.894464494991375,2.998450525894792,0.5784192889729407,0.023614767353467098,1.1116715310415646,0.008942673519742136,1.1116715310415646,0.075531005859375,1.0785714285714285,-0.05240069772844791,0.9883259550581643,0.9602427286110391,1.1883887467369851,0.36363420791499435,1.1883887467369851,-0.029521777604792465,0.9525539081767599,10.400981297337069,1.0247480100654853,0.058294414937661077,1.0970852436064915,-0.12326881682417645,0.9175858228992207,-0.04668065399601151,0.9175858228992207,-0.872039794921875,0.8993572246191776,-0.2927917158476676,0.9523166614538683,-3.0166261501145044,0.8823803957250037,-1.1423658081319168,0.8823803957250037,0.0035577549118147034,1.0095619126353532,-137.14112768737186,0.9449014695538211,-0.08031652044574611,0.9576046314628284
Train92.csv,0.0,0,0.07122913935948375,0.12623292137052247,0.028395764429839557,,,,0.215911865234375,0.341796875,0.08514554695797288,3.4844105062466824,9.073900346318421,2.0006059864202346,14.332594791885237,60.28187262554226,10.80316911231993,,,,0.0,0.0,0.0,0.0,0.0,0.0,1.634583261982202,2.7336928309988107,0.8848109010927809,1.2188188854891595,2.218599176653435,0.4965499195706995,,,,6.313323974609375,12.7197265625,3.1469830105169523,5.349034314084992,13.438147543136683,2.1555453338851835,28.659653416534663,226.94336656094697,47.49638100357131,,,,0.0,0.0,0.0,0.0,0.0,0.0,1.7720688731626781,2.995858696743883,0.6485434952411183,0.05380894394493021,0.13582350675849317,0.025135830479068456,,,,0.2147674560546875,0.4638671875,0.10289717197769548,4.474913389255384,11.9815407414977,2.616297712543032,16.035274506138805,67.21153246872436,13.726281797058299,,,,0.0,0.0,0.0,0.0,0.0,0.0,1.75787873171313,2.975083733724038,0.9596155860371155,1.345973794410301,2.5012578362928846,0.6046136235312033,,,,7.1964263916015625,11.90185546875,3.551907846890242,5.410833617692944,17.74714485618394,2.8430040408032653,29.823491472910593,253.69349745008262,55.125759964313936,,,,0.0,0.0,0.0,0.0,0.0,0.0,1.776594518043615,2.999210269013973,0.6901162530050039,0.017420195414553537,1.323741633591284,,,0.0011444091796875,1.0053285968028418,-0.9905028830087019,0.7786542896255877,-1.7026797142535681,0.8938166157615993,,,0.0,,0.0,,-0.12329546973092786,0.9298612199427596,-0.12715490892114145,0.9055294319627889,,,-0.8831024169921875,0.8772859793267956,-0.06179930360795183,0.9885785984241183,-1.1638380563759299,0.9609757946203894,,,0.0,,0.0,,-0.004525644880936763,0.9974526292662884
Train93.csv,16.25948731157917,1096,0.4983796902907274,1.207658524463598,0.2992066736017205,0.030651623925177948,0.07427408388231072,0.018401974666731394,2.7500152587890625,6.7626953125,1.5751926187224983,5.557929981236341,12.899997407745781,1.8971348324785005,5.525174142314602,18.781989556435878,3.573181234071757,0.3398123222729081,1.1551403310890564,0.21975977259302143,0.9156287093576587,0.9906995265078579,0.11095264441703492,837.8198235488317,2905.773557572518,675.4168499866555,0.5807356489498783,1.291056317093196,0.29617329529007036,1.4106746332916398,4.56764546687826,0.8065763717088974,0.08676009312341787,0.28092186299290123,0.04960650703509545,7.3627471923828125,25.40283203125,4.298805875186586,5.467457452435194,14.619856167339075,2.0599815278202764,22.18232355747554,147.07700130190943,30.582060475574977,1.3642695573604235,9.045611247358872,1.8808748326151712,0.6331215750552871,0.7478305450748082,0.11391875697542393,2112.072320089572,4114.156617726511,1231.9716432891648,1.582339337016142,2.9240347169447416,0.5465350301165013,0.6847350547676497,2.1310506607198025,0.4914834347068792,0.04211295483345386,0.13106505881044464,0.030227486592204533,3.6060333251953125,9.130859375,2.3256834595488183,5.6978896894622935,11.569107368977818,2.41004648317449,8.428818846228069,29.891464988141642,8.073349056534749,0.5183938881163552,1.8384014462039326,0.49653158810150944,0.9355802789718043,0.9898600610062331,0.049341820926125095,1395.106398196478,5096.503740545345,1421.4966512449257,0.7479827845694649,2.4162970928368,0.5537582409303905,1.6035474830969598,3.6303284325110083,0.7030932603414203,0.09862226602649368,0.2232744712636588,0.04324203136717068,8.797073364257812,14.6728515625,3.6552856568617105,5.747742659820183,10.503073954978094,1.7198732425234966,18.70953873256049,66.74494026352656,12.194903598278731,1.1506844203652424,4.104984307592174,0.7500177197834613,0.6162384747515006,0.8003552868996848,0.10962064354792236,2333.1461633178387,4532.780277947213,1256.4350639839504,1.67699812891751,2.8842672774143656,0.5470772286362514,-0.18635536447692236,0.7278431078131993,-0.011461330908275915,0.7278431078131992,-0.85601806640625,0.7626150428435418,-0.13995970822595272,0.9754365711072303,-2.903644703913467,0.6555098932737343,-0.17858156584344714,0.6555098932737341,-0.01995156961414557,0.9786746577898454,-557.2865746476464,0.6005418831365996,-0.1672471356195866,0.7764024265399996,-0.19287284980532005,0.8797211483673553,-0.011862172903075813,0.8797211483673557,-1.434326171875,0.8369541650405447,-0.2802852073849893,0.9512356025706694,3.4727848249150526,1.1856157372213199,0.2135851369951811,1.1856157372213194,0.01688310030378648,1.0273970240345585,-221.07384322826692,0.9052464664648828,-0.09465879190136794,0.9435546228292637
Train94.csv,5.444554601596311,367,0.246590985120177,0.5454141177833551,0.1109320998689244,0.045291305380219346,0.1001760764091599,0.020374871405716047,1.25274658203125,2.9296875,0.6452772129700519,5.1037183818952085,9.173286379266022,1.6542261857223615,6.700009581683174,18.854010733633967,4.7761078194164925,1.230589106355692,3.46291149841827,0.8772265444846796,0.860274997696345,0.9565923390955476,0.08123905494046778,481.4028800946937,1868.3554945655394,342.59800071298264,0.7897323353649683,2.2080723579255777,0.46420655101428465,1.3686216775201216,2.3794491528919615,0.4073995877866137,0.2513744057445672,0.43703283868148207,0.07482698174560809,7.1430206298828125,12.80517578125,2.6540752044907685,5.242322221433982,8.908605312260319,1.4737689835295016,18.498774424725728,58.70535095340751,12.961524432637747,3.3976653332307474,10.78239732157254,2.3806399937356684,0.43454755077201146,0.5019177855663011,0.05169401620612324,2296.6048266395487,4267.154391270016,1190.7362593101527,1.7390702993176435,2.9750797752709475,0.573163379580706,0.28198426202459514,0.6195769231828525,0.12376159973684375,0.051791979814458856,0.11379754057406206,0.02273126248023256,1.3942718505859375,6.33544921875,1.0565462968248338,4.752396428654659,10.225444140501423,1.588405780508697,5.772755196302642,37.78642101391826,6.1407113130363635,1.0602805222322695,6.940222622221385,1.1278629313839452,0.8695722557409027,0.9685620761153023,0.09279200238977657,579.3831268330007,1380.56323679304,305.08700362746487,0.6609384668495228,2.500701780917802,0.49534493254715933,1.4533153163231638,2.664875488181718,0.5355920558923206,0.2669300654817679,0.48945702324307533,0.09837206072564471,7.8273773193359375,12.75634765625,3.290533339446425,5.317713362824958,9.54350227765,1.5946963395063118,18.643729286309974,58.97256281580967,12.237865179194586,3.4242891568841545,10.831476058394063,2.2477256772494334,0.4286460156302955,0.5211694142036135,0.06440573603111843,2383.196638970749,4202.239600636473,1273.7041274257947,1.7981630256669923,2.9990056090263697,0.5392586553418443,-0.03539327690441815,0.874484921072187,-0.00650067443423951,0.8744849210721868,-0.1415252685546875,0.8984952120383037,0.35132195324054916,1.073925220362983,0.9272543853805324,1.1606259669515215,0.17030858412342242,1.1606259669515215,-0.009297258044557721,0.9893082397889568,-97.98024673830696,0.8308886776287697,0.1287938685154455,1.1948651424834806,-0.08469363880304215,0.941723838005565,-0.015555659737200689,0.9417238380055648,-0.684356689453125,0.9125688386373605,-0.07539114139097602,0.9858226391219166,-0.14495486158424598,0.9922250071668501,-0.026623823653407097,0.9922250071668501,0.005901535141715986,1.0137678525555363,-86.59181233120034,0.963665687121564,-0.05909272634934881,0.9671371697082751
Train95.csv,5.370378108386552,362,0.2681306806171648,0.45641154473252604,0.11748516446513015,0.04992770996858554,0.0849868548398444,0.0218765163446614,1.239013671875,2.38037109375,0.5887520267872841,4.620918207981944,9.313050512759,1.3920122902175105,5.161473846293317,24.33336536829927,3.839635227369413,0.9611006417281862,4.5310339192504,0.714965529405335,0.8181423265542265,0.9543057109522635,0.11742952494333105,496.8187067941481,1041.4142523669454,273.027289116356,0.6310205162690508,2.356601888622352,0.44328630264230634,1.265908089366182,2.433153323859451,0.5440962116570084,0.23572047699756932,0.4530692764555557,0.10131432101723538,6.3449859619140625,12.92724609375,3.124005538503689,5.0563295083607045,8.1399692265526,1.715274358916745,25.111868271770142,156.4191610201139,29.11139969028496,4.675996319989958,29.126284567532554,5.420735580018784,0.3709777414356625,0.6032926565519684,0.08864209441580222,1930.1260827969227,4216.705589609788,1284.0530860301258,1.7578668634618484,2.942277799501043,0.5889284339431609,0.2999582891605568,0.6826989230009015,0.13460530536028656,0.05585422164076909,0.1271230645631408,0.025064400055944416,1.555633544921875,3.6376953125,0.7591945290249517,5.329545266259358,11.062587005417774,1.8501581520423516,6.546641953298321,32.932979135034195,6.546243133987274,1.2190281244955319,6.132339003021969,1.2189538616963402,0.8338446920520031,0.9608838024721238,0.09585020663661414,601.4211819718921,1998.560251303338,382.09236351495883,0.6516475054310648,1.9034460279928258,0.4429399328629502,1.3298704010945555,2.1393570277133103,0.5514645116165525,0.24763068339970098,0.39836245875731224,0.10268634730865005,7.099151611328125,12.4267578125,3.503930904972554,5.311919165485879,10.477661895484767,2.134358405715707,28.79617097035342,185.89348644043818,36.34735029927785,5.362037902952198,34.61459932404779,6.768117545115992,0.3743305076698242,0.636719555898294,0.10734918881971833,1964.9447406818454,4095.8130809463796,1296.090728059227,1.7704077251110557,2.994431835768449,0.5852868162672411,-0.031827608543392005,0.8938932188456514,-0.005926511672183554,0.8938932188456516,-0.316619873046875,0.7964688572829819,-0.7086270582774139,0.8670379886322315,-1.3851681070050041,0.7884154782121343,-0.2579274827673457,0.7884154782121345,-0.015702365497776594,0.9811687168516541,-104.602475177744,0.8260745076607018,-0.020626989162013998,0.9683464004847694,-0.06396231172837341,0.9519033496228437,-0.011910206402131668,0.9519033496228438,-0.7541656494140625,0.8937667920472864,-0.25558965712517434,0.9518837449963726,-3.684302698583277,0.8720558124767218,-0.6860415829622406,0.8720558124767219,-0.003352766234161697,0.991043299529519,-34.818657884922686,0.9822800829132526,-0.012540861649207313,0.9929163991597356
Train96.csv,9.8803088955399,666,0.2749328898520805,0.9681445352394673,0.15511288277109314,0.02782634558887008,0.09798727402910454,0.015699193659938417,1.325225830078125,7.861328125,1.3101851959846755,4.4174619498378735,8.119994317847931,1.3616675920226615,4.089008384146094,16.031264697430647,2.656321182534167,0.41385430631545606,1.6225469129479717,0.26885001376153994,0.59217134992631,0.9638698926113888,0.21181139453368036,426.04683998600507,1832.9714911917742,319.95089879604046,0.5293480896074378,1.5929095421080175,0.3523444707650933,1.2674123861329178,2.539119182834282,0.6023809299062848,0.12827659535068223,0.25698783405248327,0.0609678236050097,6.780242919921875,17.22412109375,3.568646743422821,5.649943013750162,16.252233879006532,2.500483805859737,37.79160218504587,286.0824449360374,70.19124738345516,3.824941364141509,28.95480778593661,7.104155156033674,0.5809930466384383,0.7182981476266506,0.12442715731277695,2096.5231004415,4428.110220292925,1417.8729999641603,1.7374642344783837,2.8933505362313348,0.5223017263238602,0.2789124653562453,0.6683752150584286,0.12384129896377788,0.028229124039041945,0.06764719829358189,0.012534152552627322,1.4835357666015625,4.45556640625,1.0384499331350117,4.962725029697299,9.877736261798646,1.8995187686996786,5.652861742509794,23.179663924674884,4.5784908261770045,0.57213411061081,2.346046481921075,0.46339551471349183,0.6486517451373788,0.970693138061844,0.21683824363569293,515.6268605234549,1715.6184985232467,368.0352948542656,0.5749603805378705,1.9722342507153434,0.4711702370430017,1.4057804327625099,2.7416058545677906,0.5614264191461198,0.14228102052528918,0.27748179571646664,0.05682275980253562,7.767486572265625,12.7685546875,3.455617418218557,5.571672163887413,13.778526144494059,2.096959713435714,46.18276026025541,428.43510331344686,91.8030878867221,4.674222309092269,43.36252113603938,9.29152001797871,0.5813747061270254,0.7700009887579297,0.11643296023228246,2174.70893060191,4371.0916544655665,1467.6253178967645,1.7887110625684324,2.9920006299229005,0.557465246404975,-0.003979575504164834,0.9857318119536829,-0.00040277845017186453,0.9857318119536828,-0.1583099365234375,0.8932887631781949,-0.5452630798594251,0.8901282910907753,-1.5638533583636995,0.7233519180907174,-0.15827980429535393,0.7233519180907174,-0.056480395211068735,0.9129264730504861,-89.5800205374498,0.8262696779479063,-0.04561229093043262,0.9206688104530564,-0.138368046629592,0.9015720781106022,-0.014004425174606955,0.9015720781106022,-0.98724365234375,0.8729005009331107,0.0782708498627489,1.0140479998751646,-8.391158075209539,0.8183054016710448,-0.8492809449507606,0.8183054016710449,-0.00038165948858703835,0.9993435223710891,-78.1858301604102,0.9640476805607405,-0.05124682809004866,0.971349856797742
Train97.csv,12.906709818498065,870,0.46183055752808666,0.9055584867179045,0.2440345953752979,0.0357822066214106,0.07016183825718668,0.018907575889367582,2.8491973876953125,7.45849609375,1.9420089519512407,5.960666693539362,11.085527233531712,2.113125344333483,8.0856077654257,19.147440638488714,5.173646714794425,0.6264654492996582,1.483526081220665,0.4008493866794376,0.9184953086780985,0.9779117394232792,0.04630537438467328,901.1826516430506,2646.0281425318512,570.4976129341884,0.8902922392020471,2.0377270377124717,0.4021405861058016,1.4011067150456546,3.3326904275413187,0.5874875831056914,0.10855645898519933,0.258213787588597,0.045517997333735384,7.7251434326171875,16.34521484375,3.2512309864563607,5.80598511169365,10.568112902812052,1.6691171016849389,16.33557926198759,53.29907320601107,8.683186516602529,1.2656656492404612,4.129563146265375,0.6727653010496658,0.6092863880383087,0.7399839337790073,0.11391093008333704,2318.376733379254,5727.031850475222,1425.7912589706289,1.5792074205628126,2.3757725092629656,0.34523773625952564,0.4164325518048252,1.0766597687251287,0.23990841296291632,0.03226481091315686,0.083418608139934,0.018587883072963836,2.7130126953125,8.0810546875,1.835646910700631,6.19934705339654,9.50981784611475,1.6299691906565124,7.74588616655139,23.192000863707484,4.637308138011081,0.6001441324302407,1.7968948856716687,0.35929436728831005,0.9194756788183004,0.9655384630720815,0.03415504465965697,792.0717104538503,2109.115118401495,517.2075987731508,0.83423292774628,1.5521188541732878,0.2849387750163429,1.538146656015953,2.6609388004239323,0.5658114960207571,0.11917418750760642,0.20616708966449684,0.04383855405270123,8.611679077148438,17.00439453125,3.7833206486098465,5.570390418298649,15.235774806153264,2.478856049537108,26.685855772846203,173.86357886583522,33.353935933590485,2.06759554899109,13.470790101490596,2.584232263887051,0.6126698864987301,0.7104328372474991,0.13013903115124545,2434.9591434329996,5162.848990221099,1462.4067039824836,1.7283190474240926,2.767852585848867,0.45791743099217413,0.04539800572326147,1.109016467436337,0.00351739570825374,1.1090164674363372,0.1361846923828125,1.0501968503937007,-0.23868035985717828,0.961499113083787,0.3397215988743092,1.0438583257705631,0.02632131686941752,1.0438583257705631,-0.0009803701402019138,0.9989337726241309,109.11094118920028,1.13775386716776,0.05605931145576715,1.06719863193031,-0.13703994097029826,0.9109058031402196,-0.010617728522407083,0.9109058031402195,-0.88653564453125,0.8970542635658915,0.23559469339500083,1.0422941078997041,-10.350276510858613,0.6121437289116138,-0.801929899750629,0.6121437289116138,-0.003383498460421408,0.9944774526462247,-116.58241005374566,0.9521214101812902,-0.14911162686128,0.9137244786583139
Train98.csv,5.607742886657781,378,0.22103992911820575,0.5527042744666398,0.09843586032278699,0.039416915786940745,0.09856091579763065,0.017553561622268822,1.1211395263671875,2.783203125,0.6068557524768672,4.9630873587781075,9.510777557469359,1.6606680231679583,6.488816979788565,22.14703307717203,5.188861581127437,1.157117419778121,3.9493667104220034,0.9253030472336797,0.871910081886121,0.9761161237635889,0.0817524200478886,440.9431822085048,1127.339203478801,239.7354333450397,0.8212022641555143,2.021647757857873,0.3730214230474763,1.2400448249896194,3.006677777651936,0.6200730024231879,0.22113082750994084,0.5361654124345773,0.11057443519718001,6.4540863037109375,17.68798828125,3.6197954615473296,5.3230648080440295,12.269059938937014,2.387724506603244,25.589104615783416,106.64502903390458,25.391050778239226,4.563173657028085,19.01746053436931,4.527855732945758,0.48841831836353067,0.5827606409186393,0.1099733358199757,1867.1466667960635,5014.805019600182,1339.874726921966,1.8573521317426538,2.9858809084204228,0.5601672374103918,0.268970634438188,0.5642087994999833,0.11253317371476572,0.04796415240044909,0.10061245868500439,0.020067463146805502,1.4171600341796875,5.810546875,0.9941161822281999,5.014988834532594,10.29857542127925,1.7618560579699398,6.972382663677024,35.60720688532096,8.130517895901304,1.243349205660991,6.34965040391552,1.4498735159997855,0.89235244176576,0.986831566664593,0.06599991689713777,536.3201382362619,1295.8734527156098,262.2772721443298,0.8438211178400516,1.9566198598972528,0.43747376511012004,1.396312455492168,2.566049121296023,0.5442415569136859,0.2489972318121688,0.4575903662418785,0.09705180282223215,7.1811676025390625,12.82958984375,3.480959204774623,5.12518919309327,9.877840605892512,1.9224744058808123,30.46266316497107,151.49223762492505,33.750941712229945,5.432250333275682,27.014833006228383,6.018632165274883,0.4995502845080548,0.5942161205403493,0.09981916272854667,2093.6047618158264,5237.180553147808,1480.315939791438,1.8233015599790108,2.9753650783894665,0.5933773711318049,-0.04793070531998228,0.8217994859546751,-0.008547236613508341,0.8217994859546749,-0.2960205078125,0.7911170928667564,-0.05190147575448645,0.9896507295495657,-0.4835656838884592,0.9306455616087139,-0.08623178588286984,0.9306455616087138,-0.02044235987963905,0.9770916076172904,-95.37695602775705,0.822164134389186,-0.02261885368453731,0.9731947290648102,-0.15626763050254855,0.8880854855316264,-0.02786640430222795,0.8880854855316264,-0.727081298828125,0.8987516600265604,0.19787561495075945,1.0386084508289797,-4.873558549187653,0.8400153485335535,-0.8690766762475972,0.8400153485335536,-0.011131966144524108,0.9777160248132245,-226.45809501976282,0.8918334065961184,0.03405057176364301,1.018675227680952
Train99.csv,6.987425660359298,471,0.22596269474318575,0.5537949621103324,0.12505769334006434,0.03233847567425377,0.07925593616717719,0.017897534717189932,1.393890380859375,5.13916015625,1.2498147555269288,5.3465991026608695,12.016757161438125,2.286148486137106,7.809764182589523,34.79065598870495,7.448280560511883,1.1176883393401198,4.979037728598316,1.0659548913367454,0.6484845701483588,0.979063663915985,0.22703802660241162,347.74867960302134,980.74466021594,255.68354021026087,0.674876341748945,2.1803068294785133,0.5346230089243319,1.2520300311256878,2.924504468790841,0.6043618384228964,0.17918330612497815,0.41853818715839636,0.0864927754225037,7.1071624755859375,16.357421875,3.239110978367725,6.275492993920162,13.272890164280057,2.548478062382669,39.38552032621568,196.50587898817403,46.42399194244796,5.636628171896781,28.122786350770216,6.643933574251552,0.5327175863531768,0.7238688376166206,0.09501146524915903,2029.3056067498264,5363.308367578987,1475.4507687643113,1.929071853688706,2.9975350921573423,0.6593485061336626,0.22779642460646687,0.6259434374348164,0.14873790109715265,0.03260090850036369,0.08958140921425273,0.021286509270640946,1.46942138671875,4.58984375,1.2307960967950224,5.901260083459201,12.34718745212578,2.1411173641811723,9.171389468013286,55.076041053559955,10.460727749621919,1.3125562852201689,7.88216486738664,1.4970789326557246,0.6808555458012253,0.9830397874714439,0.2221201086770999,387.4367908952502,1232.0443194907198,331.05548690530526,0.7432830655529855,2.0734856458304307,0.510667613769529,1.3977641494527617,2.5043027388331933,0.534738876291963,0.20003993135590478,0.35840134272060653,0.07652873923591287,7.7663421630859375,12.34130859375,2.9364820755496197,5.825147392588341,11.957352559312154,2.415069208990547,44.51049186566804,241.77651883069313,56.58262036289794,6.370084495951443,34.60165883442985,8.0977777958912,0.5312374728612862,0.7643555842314778,0.10968218576472245,2173.280755037965,5499.012035649782,1622.377924020008,1.97208685959826,2.9979564991415533,0.69936096517727,-0.0018337298632811194,0.9919501376439556,-0.00026243282610992347,0.9919501376439557,-0.075531005859375,0.9485981308411215,-0.5546609807983316,0.9060097380976301,-1.361625285423763,0.8515355508374546,-0.19486794588004908,0.8515355508374547,-0.03237097565286651,0.9524554424907083,-39.68811129222888,0.8975623579770998,-0.06840672380404056,0.9079667935752747,-0.14573411832707395,0.8957376905223029,-0.02085662523092663,0.8957376905223029,-0.6591796875,0.9151235325900093,0.4503456013318212,1.0773105933602334,-5.124971539452353,0.8848592472327774,-0.7334563240546617,0.8848592472327776,0.001480113491890589,1.0027861616838107,-143.97514828813837,0.9337521634264767,-0.04301500590955398,0.9781880774164701
Train100.csv,12.921545117140017,871,0.546128016052186,1.6026605424045275,0.36011119212232207,0.04226491577448928,0.12403010072523366,0.027869050400531906,3.227996826171875,7.421875,2.026219965860641,6.035776664348019,10.862357048265343,1.815865647440681,8.280447830265405,22.377750025815942,5.379391065021527,0.640824897889468,1.7318168859026442,0.4163117503560728,0.9201518116852402,0.9807747249404782,0.04834345447815873,1104.4970454189138,3675.77105893645,839.1475379264132,0.8933135517548438,1.9993713468543926,0.415809729166613,1.3854892886969163,3.6083308790435695,0.6815758423818253,0.10722319011672288,0.27924918005798194,0.05274724007098322,7.42034912109375,20.166015625,4.392252172128314,5.176155831422818,12.995990559094999,2.4373755743817735,18.119228568008168,96.13540993473521,17.473332672007764,1.402249375268101,7.439931452718813,1.3522634107301879,0.5856240415700372,0.7092070476251408,0.12937926470985406,1959.7090261126436,4218.294246083751,1399.790684955885,1.5870227145134306,2.9773484248392528,0.6128614874382571,0.49949333341065116,1.6203989033482744,0.33080235286915605,0.038655851825962304,0.1254028747072103,0.02560083564854464,2.9392242431640625,7.72705078125,1.6103011076971108,6.1724327523088816,11.319774941211318,1.9721020320821967,8.846244321742684,33.66253907593065,6.757332068056536,0.6846119594481331,2.6051481282434534,0.5229507776970999,0.9228036637007406,0.9719493773437193,0.037196100556833915,983.3677291229321,3180.7938810117707,773.2407433130661,0.8746809721088744,2.0046226191450147,0.44618623094735543,1.4550449353526478,2.9153027720314095,0.6645877429028401,0.1126061103499594,0.22561564778846405,0.05143252891802279,7.6274871826171875,13.68408203125,3.9395724329272235,5.063316137972553,10.664309991361412,2.0159178189455633,24.536422172066302,227.74573488939643,40.515750517158004,1.8988767945034313,17.625271035682797,3.135519022675945,0.5757401630108343,0.7346502636576333,0.1501777060451936,2120.152499881723,4283.35763939974,1513.0894181958297,1.5670887271085436,2.967834898784219,0.6759541571893818,0.04663468264153481,1.093363974095716,0.003609063948526975,1.093363974095716,0.2887725830078125,1.0982478909798832,-0.13665608796086293,0.9778602548711859,-0.5657964914772791,0.9360410507669746,-0.043787061558665186,0.9360410507669746,-0.0026518520155004444,0.9971263096151292,121.12931629598165,1.1231780469387755,0.018632579645969427,1.021302143570182,-0.06955564665573144,0.9521969081739227,-0.005382920233236527,0.9521969081739224,-0.2071380615234375,0.9728432108027006,0.11283969345026534,1.022285729426219,-6.417193604058134,0.7384625370782932,-0.4966274192353304,0.7384625370782933,0.009883878559202919,1.0171672556375349,-160.44347376907945,0.9243245597767,0.019933987404886944,1.0127203948698345
Train101.csv,3.9758600360430827,268,0.19823813956287106,0.4913748587086779,0.08853387564586385,0.04986044221017516,0.1235895766586672,0.022267855217050322,1.190185546875,3.40576171875,0.8080879509170947,5.651106381873127,11.1876952693247,2.2811858973454635,10.881417038528884,32.55201738100126,8.623993760067034,2.736871252982652,8.187415322949391,2.1690888718129875,0.8067780556435296,0.9748324568738699,0.13909368905494568,345.10683178244085,1188.9937917769025,207.80941998476428,0.9732191252856888,2.581296351296205,0.5323283815644454,1.262422292586868,3.1045523820953,0.5549830645299195,0.3175218144357203,0.7808505213843143,0.13958817953819583,7.0743560791015625,17.67578125,3.153582312447783,6.0624194634336295,12.688394795622145,2.5991842570610766,34.9314983004727,196.53796357502512,39.05420527294939,8.785897386679075,49.43281750195278,9.82283202097263,0.3731915918466796,0.5838053651880376,0.06751027975378908,1878.397265543732,4946.975992994282,1247.0778815880783,2.0933012820365042,2.9943086112290436,0.6380926217207857,0.18868713117096086,0.5596625366905823,0.09413348261293963,0.04745819255718796,0.14076515058804193,0.023676256648768913,1.1554718017578125,4.8583984375,1.0349851564723864,5.592198671962404,16.296965809828695,2.575628347210856,10.539449456139815,91.92603720564418,15.914818111903083,2.650860281950229,23.121044597216816,4.002861762644461,0.8013137557056028,0.9665597064744125,0.11989723348722138,338.4427752999025,968.8803074441413,172.8777158517205,0.979522255900559,2.5543414369840662,0.5244408664979568,1.4023490343618643,2.6150355758489896,0.5538808631358617,0.3527158958436404,0.6577282781945126,0.13931095614902572,7.83538818359375,13.0615234375,3.0251952976983145,6.051244413794254,16.819009028292985,2.8817869580347804,35.06612490529656,214.28211098867646,42.99471858625194,8.819758388727289,53.89578834418368,10.81394168720331,0.366117142318688,0.5739406085231716,0.07001078174317857,2098.6813223152076,4759.491546033191,1414.0789284916416,2.0743550581661347,2.997821417714212,0.6124184131564698,0.009551008391910198,1.050618228877816,0.002402249652987201,1.0506182288778159,0.0347137451171875,1.0300429184549356,0.05890770991072358,1.0105339086406335,0.3419675823890689,1.0324464369616435,0.08601097103242283,1.0324464369616435,0.005464299937926742,1.0068191765073533,6.664056482538342,1.019690349355613,-0.0063031306148702,0.9935650970900348,-0.1399267417749963,0.9002197467632089,-0.035194081407920075,0.9002197467632089,-0.7610321044921875,0.9028724440116845,0.011175049639375878,1.001846735791055,-0.13462660482386468,0.9961607789515536,-0.03386100204821396,0.9961607789515535,0.0070744495279915776,1.0193229125606842,-220.28405677147566,0.8950369194078193,0.018946223870369483,1.0091335491461713
Train102.csv,11.77922712170973,794,0.2275062085728955,0.38199374164952093,0.07719725842397956,0.019314188123055177,0.032429440208813574,0.006553677726588783,0.962066650390625,2.64892578125,0.4550235115892705,4.30940182652853,10.465003083326277,1.8644817824477067,4.79014476899878,38.226214078124165,6.686726778722056,0.40666036230596936,3.2452226010373173,0.5676710967223028,0.8432800913752214,0.9870162717466487,0.14996170187952193,354.5953626092157,924.402425077103,201.5865979655064,0.5594953966851604,1.6722245882433804,0.3176178581907555,1.3415861483181089,2.8525674721237855,0.5515542908107743,0.11389424233492326,0.24216932423913914,0.04682431921142186,6.824493408203125,15.8935546875,3.3367925190022447,5.021975014426518,7.846020066731357,1.5481835744605772,26.465838264405637,151.6447489734796,34.27588748981216,2.2468229868518046,12.87391332271626,2.9098587823847892,0.6182641047046866,0.7145779712217457,0.12134216843869021,2255.5287336740785,5250.965834975038,1458.4548619686975,1.8386047924055477,2.978510505243762,0.6200798782662945,0.22049256187398442,0.37791772079250663,0.07347966556675964,0.01871876308994884,0.03208340554839838,0.006238071887699047,0.992584228515625,3.52783203125,0.6037811440563549,4.517561656427038,11.902981370033489,2.02017481251685,5.141668871264638,39.572878254534984,7.293850893186013,0.43650307597756344,3.359547943650743,0.619213027970491,0.8540623379154457,0.9785122755188077,0.130171994937609,349.44227977934156,628.8991003693499,161.68449556683993,0.599687939653976,1.2670116495382486,0.2841747618481969,1.4499606478278348,2.6858279271879675,0.6192496111982322,0.12309471859622112,0.2280139349922073,0.052571327880835475,7.4794769287109375,12.41455078125,3.462273016016428,5.229716208722599,15.101609981015724,2.374328765766639,28.722374973309865,139.7793900280039,34.674763467527335,2.438392152263796,11.866601143158466,2.9437214436268007,0.5986238657848779,0.7026532450269821,0.13392914176960777,2354.447009533895,5320.589004670817,1519.2510185013284,1.8909454139200694,2.9669287575196703,0.6465231789463523,0.00701364669891108,1.031808994549755,0.0005954250331063372,1.031808994549755,-0.030517578125,0.9692544196771714,-0.20815982989850745,0.9539220832542787,-0.3515241022658584,0.9316322946756783,-0.02984271367159408,0.9316322946756783,-0.010782246540224305,0.987375340110956,5.153082829874165,1.014746592293091,-0.04019254296881569,0.932977569980802,-0.108374499509726,0.925256937371314,-0.009200476261297857,0.9252569373713138,-0.6549835205078125,0.9124292344570817,-0.20774119429608096,0.9602767748755485,-2.2565367089042283,0.9214362770835941,-0.19156916541199154,0.9214362770835941,0.019640238919808706,1.0328089808014214,-98.91827585981673,0.9579866204423945,-0.05234062151452168,0.9723203953275331
Train103.csv,17.283122917873847,1165,0.6134948824009985,1.4699256027137917,0.3333648611605565,0.03549676093355413,0.08504976847636865,0.0192884620878208,3.4793853759765625,7.67822265625,1.6262934045987008,5.9486494431712496,10.743308845059232,1.9914073491836553,7.014284648958694,26.901781160235355,5.7257180600532465,0.40584590425522377,1.5565347355375279,0.33128955266133225,0.9312454969967222,0.9889361890544258,0.048841731642946536,1019.0962970792452,3580.8477761327417,854.4746870108016,0.7037456437462699,2.8930541729771395,0.525548978842979,1.2241017051737344,3.4261241336723853,0.6988621139859919,0.0708264189863392,0.19823524660170985,0.040436101583426406,6.5113067626953125,18.02978515625,3.607923633085887,5.733558778151984,10.2247395352259,2.2766304016380143,22.432840155744223,87.78230408169998,17.92129134440159,1.2979621948151885,5.079076536041836,1.0369243700666948,0.6355145169585529,0.8027781278544567,0.07594254177078946,1737.4154950988839,5211.1613393073,1427.4918453453793,1.7651037019566176,2.940949206043691,0.6732762910313493,0.6976041859352211,1.526677237447883,0.2970800328778325,0.040363317975004004,0.08833341316279276,0.017189025055801607,3.667449951171875,8.04443359375,1.580203429477015,5.3613322287452,10.82221230927813,1.7547398605780553,5.855541253843596,22.531188621579073,3.9965946114256417,0.3388011114465844,1.3036526285581054,0.23124261919658318,0.9449912656085853,0.9940554115395067,0.0527147393218752,1338.2272794839841,3703.0100150685425,807.8350964319435,0.6329494189459672,1.268106493467978,0.2779602674212298,1.5762667140657087,4.6052699381825,0.8869523900426881,0.091202655998909,0.266460521056633,0.05131898871849255,8.373641967773438,30.3466796875,6.05912928884056,5.147365818024795,8.959503858465508,1.896155663971776,20.714160903150493,118.93460659578243,21.36089890234952,1.1985195616313262,6.881546070171307,1.2359397664329819,0.5966401462489153,0.7597306275598206,0.13120069744416102,1885.6978554114917,5594.1455118409685,1427.004937523133,1.60535354231918,2.9969791458304087,0.6000036970112633,-0.08410930353422263,0.8794311943219433,-0.004866557041449872,0.8794311943219433,-0.1880645751953125,0.9487206157686707,0.5873172144260499,1.1095468792769645,1.1587433951150983,1.1978883496644304,0.06704479280863934,1.1978883496644304,-0.013745768611863052,0.9854540786649382,-319.1309824047389,0.7615270684604526,0.07079622480030268,1.1118513149410858,-0.35216500889197433,0.7765828550781071,-0.020376237012569798,0.7765828550781071,-1.862335205078125,0.7775955537333151,0.5861929601271889,1.113882125508641,1.7186792525937307,1.0829712224709198,0.09944263318386226,1.08297122247092,0.03887437070963762,1.0651554726145087,-148.2823603126078,0.9213647298335342,0.15975015963743755,1.0995108899231343
Train104.csv,14.078698411212258,949,0.6699612947231613,1.4115163737207799,0.2929693775070583,0.04758687736286794,0.1002590106338701,0.020809407869248613,3.8173675537109375,11.083984375,2.3268652409774067,5.688361809037162,13.17973898857314,2.1331065596100145,7.537307777397817,27.235329872103826,6.34635871005408,0.535369645491881,1.9345062360604048,0.4507773747749187,0.9383871089019897,0.9951498533464626,0.03128624959640805,1099.1755222097418,2361.5576806576173,496.9338230883501,0.7708129399120442,1.631348331286407,0.3315529283760896,1.3199255993059953,2.8551926068375386,0.6109085261354777,0.09375338264614064,0.2028023133561599,0.04339240093735874,8.216476440429688,20.34912109375,4.420355428905529,6.582974611806522,13.73820103478348,2.614042049478158,22.387987103912124,77.23362424621608,17.16629224751837,1.5902029044163883,5.485849756161217,1.2193096084682913,0.603333570506517,0.7576131135805366,0.11165629338583458,1651.9333947785458,4889.663970521885,1258.2731475044177,1.5924471557293964,2.7414948324097996,0.47071998881819316,0.8526915582341862,2.199110824619935,0.452655511763734,0.06056607886103332,0.15620128795916005,0.032151801149688644,4.2469024658203125,9.375,1.8511781760793942,5.391913706274802,9.114179619259083,1.4628373120844447,5.808534302149569,16.708040181917134,2.876329639418025,0.4125760871135402,1.1867602880541053,0.20430366184471424,0.9476779963035697,0.9925369880165389,0.038577623680675396,1640.03133475268,7814.084503194134,1436.2349657081245,0.7168375816232316,1.3027898406689666,0.26977415410255046,1.515193626408919,3.324213521036592,0.7060968162834499,0.10762313263293008,0.23611653747687303,0.05015355792557607,9.223556518554688,23.22998046875,4.1501851416658475,6.629379116102873,13.022415094128835,2.471535954192712,21.96567871764422,101.10258266305081,19.611500835091846,1.5602066381470878,7.18124500646543,1.3929910466349125,0.5870318855262695,0.7280580482616199,0.13278562956020903,1840.0039313132447,3915.6829055417074,1253.2629524362649,1.631129989476184,2.763213826053408,0.6428836576305753,-0.18273026351102484,0.7857018030183909,-0.012979201498165387,0.785701803018391,-0.429534912109375,0.8988592472828528,0.2964481027623602,1.0549801274485107,1.7287734752482482,1.2976264553707602,0.12279355837834083,1.29762645537076,-0.009290887401580017,0.990196155827381,-540.8558125429383,0.6702161714340047,0.053975358288812614,1.0752964962671028,-0.19526802710292368,0.8711266839435444,-0.013869749986789442,0.8711266839435443,-1.007080078125,0.890814343024939,-0.046404504296351234,0.9930001733972894,0.422308386267904,1.0192258291535823,0.02999626626930052,1.019225829153582,0.016301684980247533,1.0277696755187893,-188.07053653469893,0.8977879702678301,-0.03868283374678749,0.976284640711431
Train105.csv,0.37088246604879505,25,0.14442055138131665,0.3123588481648849,0.07010499357373266,,,,0.5695343017578125,1.5380859375,0.31778763665771426,3.9993614599283,7.669600428449654,1.1182789216899889,5.372798882660694,15.27495507817699,3.252852137195849,,,,0.01096063995377209,0.03970525754347665,0.009320660293049076,30.998703298091804,60.07170607041923,14.229866678130229,1.0322596104205977,2.5831519198242168,0.7327665436900654,1.3678392552669865,2.7562209499757215,0.5147918817808994,,,,7.3368072509765625,17.724609375,3.159542924223509,5.377955760398738,8.050378352105104,1.2821219740982082,18.2303309973724,84.39531564644784,13.87740975907078,,,,0.3102772121064801,0.5907058227916177,0.08005640316955187,3172.974611918548,6196.112850015417,1536.4948796051563,1.6838123310030007,2.458498929638625,0.4532313337401429,0.14017583711063164,0.42167116468402743,0.07339669794836955,,,,0.550079345703125,1.08642578125,0.24852511155191018,4.0939012060434,6.641533720882562,1.0182940981791404,5.098294182876273,15.39069722551137,2.807247245268992,,,,0.010690432429562616,0.029518781677585412,0.007274865966208797,35.11992138061963,86.68265123748411,18.390152751457045,0.9461067555740063,2.1639667590842917,0.5460664648885132,1.5347348815552784,2.78646184112946,0.49663090477111776,,,,8.07342529296875,13.07373046875,3.228757962837509,5.125339207021648,8.827913404948982,1.6534899000230352,15.98443708230629,28.838353239590216,6.654572823292281,,,,0.3416448337460422,0.8833764450709131,0.14245158034533303,3473.2924532067614,5269.341168269576,1486.3693916518803,1.6636218508983882,2.2313643470870326,0.4265035592843844,0.004244714270685013,1.0302813548909642,,,0.0194549560546875,1.035367545076283,-0.09453974611510008,0.9769071745122865,0.27450469978442094,1.0538424598381169,,,0.0002702075242094742,1.0252756402502727,-4.121218082527825,0.8826529809715903,0.08615285484659141,1.0910603949702506,-0.1668956262882919,0.8912544255727333,,,-0.7366180419921875,0.9087601587601588,0.25261655337708966,1.0492877726084955,2.245893915066109,1.140505036461507,,,-0.03136762163956208,0.9081864599103557,-300.31784128821346,0.9135351124806835,0.02019048010461244,1.0121364600336964
Train106.csv,12.84736862393026,866,0.5298765475213448,1.5602028841203757,0.34223525303751534,0.04124397478051388,0.12144143519119165,0.026638548566283678,3.1604766845703125,7.60498046875,1.823479200707512,6.003237939180502,11.525014636479709,1.7296373887465866,7.791843337109207,20.555057162761145,4.219786292753977,0.6064933267809927,1.5999429738844804,0.3284552982230116,0.9137093650831527,0.9823298778694524,0.12393393293939985,1007.954875705603,3572.49342891796,756.6441982952304,0.8021518163874387,1.3679260261733779,0.2524880726390841,1.436362246720635,3.5364114798511928,0.6188472741361463,0.11180205758595443,0.27526348650602783,0.04816918485420003,8.007049560546875,16.39404296875,3.1938784254755914,6.14564213636881,20.44222381013575,3.1537718131078107,26.886710852429466,114.93356144687058,27.93238584246327,2.09277959086102,8.94607797216845,2.1741717436545547,0.6340202966768801,0.7588354212350659,0.10503233231549144,2179.410020493537,5060.5264045658505,1468.4074019754723,1.773675148246154,2.962122645343695,0.62293290968302,0.5369923192109798,1.3833810047137567,0.33797786717497164,0.04179784475170632,0.1076781592564403,0.02630716663219535,3.3123016357421875,8.6181640625,2.2735997330875275,5.996067334044126,12.565482366949727,1.9293798360724534,8.539947742114505,41.56344194277555,7.472945194263438,0.6647234925763319,3.2351715872273683,0.581671267713444,0.9194820620236334,0.9740860343515342,0.07886012909796185,959.5249647861243,2590.8171389139534,652.1134059014355,0.812271122213083,1.5937268457505918,0.31036815710642607,1.5997222149545616,3.1340542684323904,0.5931006780923248,0.1245174994025489,0.24394522802083515,0.04616514832364822,9.101104736328125,29.9072265625,4.74206531489405,5.740624674170132,12.875705224914336,1.9896159819273962,21.364538689801943,60.91192636463504,15.16608641456269,1.6629505477103774,4.741198617993799,1.1804819226805285,0.6090108391087246,0.8088534536979779,0.12374520310513605,2335.890112281945,5679.359969086381,1528.7959976465418,1.7263279352825265,2.9960297569809753,0.5429691101075101,-0.007115771689634953,0.9867488389776405,-0.0005538699711924444,0.9867488389776405,-0.151824951171875,0.9541633076125763,0.007170605136376018,1.0011958846918985,-0.7481044050052974,0.912399416530848,-0.05823016579533924,0.912399416530848,-0.005772696940480659,0.9937217949333608,48.42991091947863,1.050472799246316,-0.010119305825644243,0.9875419603763906,-0.16335996823392662,0.8978822906209584,-0.012715441816594467,0.8978822906209585,-1.09405517578125,0.8797887501047866,0.4050174621986784,1.0705528553401251,5.522172162627523,1.2584737373835015,0.4298290431506424,1.2584737373835018,0.025009457568155535,1.0410657018925253,-156.48009178840812,0.9330105080861266,0.04734721296362743,1.027426546252279
Train107.csv,9.761626506404285,658,0.42744379204786204,1.138377693085958,0.23873878849419355,0.04378817318685878,0.11661762436199596,0.024456865701383352,3.362274169921875,11.328125,2.695882048588494,6.984333188789435,11.625692287301232,2.359594599132233,12.87313739312709,32.407699531098665,8.245977516783128,1.3187492253141877,3.319907754085554,0.8447339704477742,0.9138109104976292,0.9805795149495675,0.06276114681435088,757.087429962035,2544.275133714953,482.77957099356786,0.9833240045976563,2.5765464904659834,0.558252850650672,1.3311762764793384,2.2970769170642322,0.4225725283807824,0.13636828612588248,0.23531702586215472,0.04328915146502955,7.836151123046875,16.6259765625,3.0803726479699627,6.0183134431635645,13.172132103573103,2.0464416307675624,21.74136069799634,84.82044995447745,18.45119354767441,2.2272272641995206,8.689171819760725,1.8901761438597537,0.5952687265342016,0.6823849481455436,0.0787362726290628,2057.4970944313045,3941.6931991972797,1188.6452414376597,1.784495524518828,2.980630647815972,0.5851032616897605,0.4148616237698779,0.971043317962947,0.20012290503131863,0.04249923140346547,0.09947556560639531,0.020500979514021,3.08685302734375,9.2041015625,2.2465679455957916,6.73466370230763,11.082628070319979,2.3558354665720227,11.49919122658416,34.990950152747224,8.48617444378212,1.1779995084876393,3.584540970686678,0.8693402106928203,0.9190857098958223,0.9813860422897008,0.04160357852218711,807.7403011334402,2257.7490949166677,440.1210579464225,0.8652071012779236,1.8959605507864432,0.42120556844390683,1.4554695229939911,2.3465681744073934,0.5223812226000331,0.14910112797689043,0.24038700649608816,0.05351374817068813,8.2733154296875,15.6982421875,3.0050053439791,5.9092426140556595,12.483468112263456,2.0078596663399177,21.73981680038003,80.07788857888748,17.387096241519,2.2270691043257225,8.203334610922779,1.7811679467670571,0.5740774224830805,0.6710766516784037,0.07848893286095275,2094.8365961474615,3980.8590278221313,1206.0777616845476,1.8630758680075612,2.991618155093504,0.5842522973791806,0.01258216827798414,1.0303285904433606,0.0012889417833933103,1.0303285904433606,0.275421142578125,1.0892239248640632,0.24966948648180498,1.037072301976453,1.3739461665429307,1.1194819826429707,0.14074971682654835,1.119481982642971,-0.005274799398193086,0.994260818831803,-50.652871171405195,0.9372906476248271,0.11811690331973279,1.1365186475530222,-0.12429324651465268,0.9146026457091497,-0.012732841851007953,0.9146026457091495,-0.437164306640625,0.9471597196606418,0.109070829107905,1.0184576664441685,0.001543897616308243,1.000071017048142,0.0001581598737980805,1.0000710170481424,0.02119130405112113,1.0369136691693284,-37.339501716156974,0.9821754585609079,-0.0785803434887331,0.9578222525243861
Train108.csv,11.20065047467361,755,0.43315489872904156,1.2266566853898941,0.29002410066580697,0.03867229851591845,0.10951655782523999,0.02589350514254471,3.2867431640625,11.1328125,2.5067696705624005,7.23175132846079,12.316561157505687,2.775301840013151,11.911950327770969,38.011282026396394,8.74250497520611,1.063505227192449,3.3936673689037735,0.7805354693438793,0.7903109111459379,0.9722873098783431,0.1582037578408284,722.8549238750189,2886.669354600142,660.8999846828257,0.8863785312571144,2.8245995924390273,0.5042156282511292,1.3118298405450943,2.9274682349640675,0.6077201769590187,0.11712086217772286,0.26136591277296994,0.05425757890875778,7.5092315673828125,16.56494140625,3.909106532604042,6.020747744176027,18.244269877413846,2.8977598987559916,29.400450198147016,314.5609189673036,55.97194179050562,2.6248877477808943,28.08416526152424,4.99720457459741,0.5996931895603749,0.7226132103796101,0.13258091944443837,2109.379233390799,5353.511407252116,1449.0343031083191,1.6525006786716956,2.984526156709616,0.49941430399538517,0.43714306401171565,1.4775771232589079,0.3689144600521955,0.03902836402226489,0.13191886726578395,0.03293687816492155,3.3294677734375,13.8427734375,3.291210089578101,6.8429961348501855,13.960471638068745,2.962129521589101,11.093802840643715,37.56809856834204,10.302481521572112,0.9904605867068619,3.354099715305756,0.9198110006974688,0.8046530674152308,0.964010194610201,0.1223534755354418,722.6696390535635,2547.8085256551917,707.138397590557,0.8362682882912774,2.2106928959321395,0.5553528938981632,1.489703706282504,2.501646241925449,0.6095722997700078,0.13300153501360948,0.22334829995651193,0.05442293741317474,8.560562133789062,24.365234375,4.3844693115372095,6.057189051975733,14.27949141826052,2.7198772801799707,21.633060241277377,57.33011325064389,14.893259036373625,1.9314110631514703,5.118462841089102,1.3296780459357758,0.5834540937360204,0.6997891908051707,0.1518033875783075,2276.747943731253,5475.31941826442,1502.3924471573318,1.697248581274943,2.985075354071574,0.4914525086070014,-0.003988165282674094,0.9908767504027761,-0.00035606550634643963,0.990876750402776,-0.042724609375,0.9871677360219981,0.3887551936106046,1.0568106697636057,0.8181474871272538,1.0737481546120375,0.07304464048558712,1.0737481546120375,-0.014342156269292916,0.9821759751499315,0.18528482145541147,1.0002563893810428,0.05011024296583699,1.0599212521477117,-0.1778738657374097,0.8805978229178963,-0.015880672835886622,0.8805978229178962,-1.05133056640625,0.8771890735706965,-0.03644130779970656,0.9939837922364632,7.767389956869639,1.3590518341019973,0.693476684629424,1.3590518341019973,0.016239095824354455,1.0278326881218212,-167.36871034045407,0.9264878175024673,-0.04474790260324735,0.9736350331372005
Train109.csv,16.54135798577626,1115,0.33268862990554454,0.7846576284072633,0.1356247688608335,0.020112534302904272,0.04743610706460632,0.008199131472606773,1.551055908203125,3.125,0.7061963915259221,4.830995132024365,11.93143257165137,2.054566755817791,4.945000879429577,23.06265189419846,4.783630622895081,0.2989476972617201,1.3942417493188766,0.289192134467344,0.9129341552878567,0.9859492871209183,0.05613535898504843,671.3646858808647,2304.6250367601647,497.746661923143,0.47911753282876296,2.0122595741438927,0.44437459760923176,1.3418093715694923,3.031439170637017,0.6089397846518932,0.08111845307521307,0.1832642261441727,0.036813167647753844,6.9240570068359375,17.24853515625,3.212626678812467,5.406043776351924,10.437504039361636,1.7050311479993592,18.96082944081386,39.08795182655354,9.537014608421059,1.1462680063582495,2.363043702951406,0.5765557227297685,0.6459908041151327,0.7645624894550306,0.08098218757107965,2058.1128435094415,5396.639922052119,1283.662374537836,1.9648618598712568,2.9933294284701404,0.6449238413642734,0.328210641159003,0.6349866159598027,0.11932543653500619,0.01984181960400276,0.03838781655688856,0.007213763019796373,1.4461517333984375,2.5634765625,0.45993528248983845,4.608663212118317,8.447935416311298,1.2372707167861334,3.8000119455347625,6.662807281071026,1.3570624659815615,0.2297279309717106,0.4027968735578001,0.08204057170810797,0.9235933908470255,0.9890463422832843,0.0486342553963212,634.5547676958242,1644.8695613663836,365.7064542811129,0.4219825587736489,1.1976975324773127,0.2337898416999646,1.4275591541967723,2.5341559289542523,0.5124410319890518,0.08630241576443212,0.1532012021705441,0.03097938104173155,7.50579833984375,12.255859375,3.2123875296558877,5.215521150510607,10.105785243655625,1.8784081611051582,20.844912173933743,90.59453721711147,15.21825875757802,1.2601693398968856,5.476850044295805,0.9200126598229746,0.6339536646360191,0.766672246075338,0.09558414937737808,2153.2231439044613,5324.606703765186,1379.5420359224916,1.9459224308638579,2.9971777612930857,0.6585561386941672,0.004477988746541539,1.0136436427860125,0.00027071469890151134,1.0136436427860125,0.1049041748046875,1.072540226853073,0.22233191990604873,1.0482421712485814,1.144988933894814,1.3013119301480731,0.0692197662900095,1.3013119301480736,-0.010659235559168811,0.9884589521051106,36.80991818504049,1.0580090483264408,0.057134974055114085,1.135396529707668,-0.08574978262727995,0.9399325888701769,-0.005183962689219057,0.939932588870177,-0.5817413330078125,0.9224944094328116,0.19052262584131618,1.0365299306326585,-1.8840827331198824,0.909614263787789,-0.11390133353863607,0.9096142637877889,0.012037139479113557,1.018987412094265,-95.11030039501975,0.9558288695417999,0.018939429007398978,1.009732879742278
Train110.csv,13.218251089979056,891,0.2782725342229062,0.8968481933761216,0.15291140346877763,0.021052144669416108,0.067849232645916,0.011568202361105239,1.4865875244140625,6.70166015625,1.263776848422316,5.058659250014917,11.174550409302185,2.0713794441476137,6.109560190748324,26.327847581975877,5.879543023437041,0.4622063954723986,1.991779956573483,0.44480491279927387,0.7928302329948794,0.9838811600285491,0.14326341091451014,436.19313898172095,1591.148611808917,345.9758112128445,0.5621218987205561,1.3743725416676051,0.3612284859741255,1.4251850280436202,2.9923708289335784,0.5578389734553455,0.10781948522101184,0.22638175115330783,0.04220217710028607,7.2254180908203125,16.0400390625,3.1394495676738274,5.098319088792484,8.66888427945882,1.398635260862227,15.84423141009925,49.896480722709036,9.90554638750504,1.1986632196835014,3.7748171360231058,0.7493840387866876,0.648649001657372,0.7669241487920903,0.09764151423989753,2405.8303563381064,4909.098712186611,1189.5657493198207,1.715050558867872,2.9539128039790747,0.4770932901221319,0.2735728141676115,0.5673441914793339,0.08314248276192208,0.02069659687241158,0.04292127510797897,0.006289976048719,1.46942138671875,4.47998046875,0.8738464836985308,5.24578932692209,11.540806803414409,2.2203193884969226,5.776565814086114,25.70064303024549,5.2339740235425625,0.4370143807046766,1.9443300672151336,0.39596569832982764,0.8081098359914318,0.9696166066850662,0.1362898473474052,460.9213300716837,1085.9412626063818,232.6206066940598,0.5011520086164076,1.3052031553992864,0.3135224675161825,1.5298789568690747,2.7464303804704673,0.581996842163691,0.11573989224859693,0.20777562491247992,0.04402979170254309,7.77740478515625,11.07177734375,2.9076762641249907,5.345507936535479,11.177654080180574,1.7081453979129668,18.007208420305872,48.887052043587964,11.547937815776448,1.3622988622116123,3.698450854867626,0.873635834057586,0.6460998661482689,0.720491130582897,0.06335108213299931,2580.37134266458,4700.368582249943,1261.1465510115067,1.784935316950726,2.988614632899546,0.4811765106577532,0.004699720055294732,1.0171790463522274,0.00035554779700452607,1.0171790463522274,0.0171661376953125,1.0116822429906542,-0.18713007690717287,0.9643275653586018,0.3329943766622101,1.0576457340536494,0.025192014767722037,1.0576457340536494,-0.0152796029965524,0.9810921704995627,-24.728191089962763,0.9463505169393723,0.06096989010414844,1.121659474682094,-0.10469392882545447,0.9315671816025808,-0.007920407027585091,0.9315671816025809,-0.5519866943359375,0.9290268785560133,-0.24718884774299532,0.953757650221879,-2.162977010206623,0.8798827136488554,-0.16363564252811091,0.8798827136488553,0.002549135509103184,1.0039454202711724,-174.54098632647356,0.9323581906834244,-0.0698847580828541,0.9608474562527897
Train111.csv,14.09353370985421,950,0.5706767067676032,0.9709557755183437,0.20115365865412735,0.040492095064035324,0.06889370654000357,0.014272762445197158,3.1200408935546875,6.005859375,1.0626729874131684,5.619465047125154,10.546954084968666,1.604211024099172,7.028478103485519,30.102881659102486,5.1969145079677475,0.498702330315583,2.135935690710026,0.3687446040827972,0.9230578379583352,0.9819327820177898,0.034175737404165164,933.129843055907,1873.328622840788,413.5053349514007,0.7768555914284158,1.8030946753934314,0.3000012076665503,1.3876203305597226,2.503307898884183,0.5085875205518579,0.09845794242429756,0.17762102467842172,0.03608658630420369,7.631683349609375,14.013671875,3.1740400353626175,5.606193847347887,9.883944469239315,1.8666258572597119,20.72339778979364,206.44958614692922,34.24132729658049,1.4704188613324012,14.648532468658269,2.429577138105465,0.6427210562223606,0.7345591944950465,0.07345276122497096,2012.5322741962,4101.447193817529,1133.8822670531993,1.5258788657488582,2.7054860127114,0.4063689110797804,0.73933486882908,1.860998867089656,0.36212424235218477,0.05245915496069921,0.1320462919663962,0.025694353865204664,4.56390380859375,11.23046875,2.295955972830842,6.365750745789798,13.48971319330599,2.17908846353919,9.077734633824848,46.86519046873657,8.59293845727774,0.644106355489659,3.3252973621490254,0.6097078727153822,0.9354151233282069,0.990773050066187,0.04802317508221389,1304.371508078256,3861.002093200382,806.8739343584865,0.7393913993456934,1.9526115508459443,0.3109360441738222,1.6232581452687964,2.7819003593122003,0.609131772610444,0.11517751180697945,0.1973884205752524,0.04322065602216842,9.48333740234375,18.34716796875,3.1504499964313624,6.311208088066426,12.255941628519613,2.2735053982724063,16.419977993941714,70.2650766615554,12.851458428323738,1.1650717507746728,4.985625188693876,0.9118691374994184,0.6202207285569835,0.7244177740811304,0.09021380864331321,2255.8765664305092,4204.405818264386,1187.3573294250034,1.4492124886566993,2.80516266259815,0.5115372058754449,-0.16865816206147677,0.771878523288657,-0.011967059896663884,0.7718785232886569,-1.4438629150390625,0.6836342360414577,-0.7462856986646438,0.8827654854129775,-2.0492565303393295,0.774254633672202,-0.14540402517407602,0.7742546336722019,-0.012357285369871684,0.986789517229629,-371.241665022349,0.7153865576462161,0.037464192082722336,1.0506689584378117,-0.23563781470907386,0.8548365117428353,-0.01671956938268189,0.8548365117428355,-1.851654052734375,0.8047465808527755,-0.7050142407185387,0.8882917135862438,4.3034197958519265,1.2620843826611527,0.30534711055772834,1.2620843826611525,0.02250032766537713,1.0362779356274125,-243.34429223430925,0.8921287202254355,0.07666637709215895,1.0529020952360288
Train112.csv,0.0445058959258554,3,0.07170898249286245,0.12723720750791023,0.028173232976978296,,,,0.2162933349609375,0.390625,0.084530627198578,3.4839992352149913,7.659266284382724,1.9846632780367215,13.11075731917316,21.694337770122033,6.488750805602447,,,,0.0,0.0,0.0,0.0,0.0,0.0,1.7035832592458422,2.881322738812054,0.8661221910028596,1.3127090646181,2.8447505217884514,0.6124834124793073,,,,6.47735595703125,15.90576171875,3.629092791190361,4.802418985292157,7.623289585888396,1.5112389275022768,15.678473661877334,34.37763784974741,8.459408176604207,,,,0.0,0.0,0.0,0.0,0.0,0.0,1.7357702066118064,2.997229311244175,0.5797826673803614,0.05445818635379601,0.1357806583475056,0.024849456829950996,,,,0.2117156982421875,0.3662109375,0.08789959835233253,4.436252915039505,10.472174745050827,2.354867346331415,16.685923819415937,87.67892740313648,15.895152788013728,,,,0.0,0.0,0.0,0.0,0.0,0.0,1.8038242634158395,2.9579587540205354,0.9513741380602849,1.4023914712419188,2.749675192399503,0.6638657703034646,,,,7.1868896484375,12.29248046875,3.588598591621067,5.050686615218488,11.516518074303566,2.0611979863914076,19.574482757112758,144.45779198614065,24.090206117347176,,,,0.0,0.0,0.0,0.0,0.0,0.0,1.6730319592921008,2.9995905192518304,0.7143552906305682,0.017250796139066438,1.3167714037884768,,,0.00457763671875,1.0216216216216216,-0.9522536798245138,0.7853472969054034,-3.5751665002427764,0.7857375750401863,,,0.0,,0.0,,-0.10024100416999726,0.9444286196815125,-0.08968240662381866,0.9360503764726988,,,-0.70953369140625,0.9012738853503185,-0.24826762992633178,0.9508447763956956,-3.8960090952354243,0.8009649019297975,,,0.0,,0.0,,0.06273824731970556,1.037499730337639
Train113.csv,16.98641694503481,1145,0.353683396368227,0.6784025850277415,0.116397621372899,0.020821542148216837,0.039937944960549254,0.006852393989241058,2.13165283203125,4.2724609375,1.104010032356741,5.824270866490908,9.993662244237868,1.8575794557076353,8.22113597554503,22.46571891590276,6.1720431125802495,0.4839829377877185,1.3225696148044668,0.36335167872965457,0.8685512702837412,0.9497163457988504,0.07029485882066588,652.3598824612822,1861.4022839040856,310.98016579212026,0.6606399334189558,1.9149632529925067,0.4580297728033388,1.2832276604070296,2.8918811053600546,0.6196382897402479,0.075544340196013,0.17024668090496634,0.03647845756673072,6.85577392578125,16.6259765625,3.0376884392921983,5.8833560476164495,12.812451120948042,2.0115851831652996,22.495517252138228,74.4600911361277,17.151333964842635,1.3243238597598268,4.383507797852133,1.009708758494594,0.6329711075110825,0.7158566146615408,0.10467797791090354,2183.3427629846465,5047.698883233796,1366.9975990325704,1.7457172744226421,2.956013001868008,0.5581125872187529,0.3305648399340627,0.5924457983181708,0.10611923785514403,0.019460539618432474,0.03487762017353193,0.006247299721802899,2.017974853515625,4.65087890625,0.9142927746809985,6.102769714213207,10.707631900726968,1.7436819151233607,7.3174382552797,22.046191653715226,5.049777974830027,0.4307817404316461,1.2978718069297954,0.29728329353802274,0.8880613583677167,0.9544421153920621,0.05054048834419194,606.7847746056489,1639.8531224786589,307.6399274576479,0.6598586144491785,1.2840977226748458,0.3274877202403679,1.4209843013686725,2.4913410913912983,0.5040649321673273,0.08365415178296509,0.14666666310222215,0.02967458845490468,7.5366973876953125,12.53662109375,3.1996248756207755,5.390812051653992,12.41990110223003,1.8371576214615073,25.197129547177536,195.48984235143354,33.1964616089453,1.4833693078835404,11.508597898191583,1.9542945234632743,0.6270459629549527,0.7094132608510129,0.09139352461285113,2284.013083812809,4738.712215136497,1398.6638037141788,1.7560764358843084,2.996469706597182,0.4848876340135186,0.023118556434164272,1.0699365257320643,0.0013610025297843623,1.0699365257320645,0.113677978515625,1.0563327032136105,-0.2784988477222994,0.9543651717557551,0.9036977202653302,1.1234991931244915,0.05320119735607243,1.1234991931244915,-0.019510088083975474,0.9780306981041991,45.57510785563329,1.0751091816455887,0.0007813189697772893,1.001184070273038,-0.13775664096164286,0.903055480043687,-0.008109811586952093,0.9030554800436871,-0.6809234619140625,0.9096522751429873,0.4925439959624578,1.0913673100161851,-2.7016122950393076,0.8927809499101484,-0.15904544812371357,0.8927809499101486,0.005925144556129802,1.0094492986259054,-100.6703208281624,0.9559239298839266,-0.010359161461666266,0.994100962093686
Train114.csv,14.138039605780065,953,0.4569049471622395,0.9659975543030686,0.20570489032507774,0.03231741881494254,0.06832613157400826,0.014549746362358418,2.6882171630859375,6.40869140625,1.4391416007324607,5.849190414884574,9.317611997511031,1.5920821433480203,7.966389727501886,22.17656574026303,5.77525240174562,0.5634720194336549,1.5685743114764346,0.408490325588317,0.9229567482900286,0.9812310730032516,0.09923355952383105,771.9001847492688,2181.581936189044,454.0896749391076,0.7907137387307391,2.4939117137049536,0.5026592740656558,1.3915508642572185,3.5198038018950597,0.6295395662409876,0.09842601259147057,0.24895982045884604,0.04452806639356226,8.50067138671875,25.18310546875,4.972043812158889,6.402425340334257,15.855005728634959,3.088485854485282,33.40916203737093,421.15458557100783,71.81617122588234,2.363068923905988,29.788754121103672,5.0796413950150265,0.6309787761089146,0.731377377080308,0.10400993764960738,1858.7210151156312,4353.06419973942,1144.8845794606161,1.7526404969616016,2.8537688037344546,0.4706679883539081,0.46402791807091565,0.7873913565125422,0.17444994150647314,0.03282123483946153,0.05569310728133994,0.012339047447225472,2.8652191162109375,5.9814453125,1.2520809821506216,6.344774623133837,9.46949539197405,1.636876037379883,6.914187439325925,15.758912478541314,3.3378935851680414,0.489048526678281,1.1146462252163012,0.23609309906045303,0.9326090514912782,0.9871860727984652,0.02915617303215947,754.5473327622474,1582.0467792149457,417.32895946007966,0.8042338406946397,2.2792714937668173,0.41197440072647257,1.4604106647664383,2.7627526011347294,0.5836861854689148,0.10329654644406128,0.19541270771410424,0.041284803391715356,8.135986328125,12.75634765625,2.7669263353533764,6.050704059703567,12.715168102476333,2.3992603635416994,19.37944401424855,70.98327862907507,15.232784250702265,1.37073063554905,5.020729932037743,1.077432563173372,0.6317016808943651,0.7144332161748702,0.0675179838760703,2102.127799273053,4270.684651954183,1197.3133248435684,1.6811133633843829,2.786917756374562,0.5130561813862219,-0.007122970908676141,0.9846496931945643,-0.0005038160245189952,0.9846496931945641,-0.177001953125,0.9382239382239382,-0.4955842082492632,0.9218909673414873,1.0522022881759607,1.152180179870643,0.07442349275537385,1.1521801798706433,-0.009652303201249546,0.9896502149686247,17.35285198702138,1.0229976983995106,-0.013520101963900522,0.9831888422498825,-0.0688598005092198,0.9528490155745114,-0.004870533852590703,0.9528490155745113,0.36468505859375,1.0448237059264815,0.35172128063068975,1.0581289841909607,14.029718023122385,1.723948427664239,0.9923382883569378,1.723948427664239,-0.0007229047854504511,0.9988556231409311,-243.40678415742173,0.884209331020885,0.07152713357721874,1.0425474778412456
Train115.csv,9.761626506404285,658,0.42744379204786204,1.138377693085958,0.23873878849419355,0.04378817318685878,0.11661762436199596,0.024456865701383352,3.362274169921875,11.328125,2.695882048588494,6.984333188789435,11.625692287301232,2.359594599132233,12.87313739312709,32.407699531098665,8.245977516783128,1.3187492253141877,3.319907754085554,0.8447339704477742,0.9138109104976292,0.9805795149495675,0.06276114681435088,757.087429962035,2544.275133714953,482.77957099356786,0.9833240045976563,2.5765464904659834,0.558252850650672,1.3311762764793384,2.2970769170642322,0.4225725283807824,0.13636828612588248,0.23531702586215472,0.04328915146502955,7.836151123046875,16.6259765625,3.0803726479699627,6.0183134431635645,13.172132103573103,2.0464416307675624,21.74136069799634,84.82044995447745,18.45119354767441,2.2272272641995206,8.689171819760725,1.8901761438597537,0.5952687265342016,0.6823849481455436,0.0787362726290628,2057.4970944313045,3941.6931991972797,1188.6452414376597,1.784495524518828,2.980630647815972,0.5851032616897605,0.4148616237698779,0.971043317962947,0.20012290503131863,0.04249923140346547,0.09947556560639531,0.020500979514021,3.08685302734375,9.2041015625,2.2465679455957916,6.73466370230763,11.082628070319979,2.3558354665720227,11.49919122658416,34.990950152747224,8.48617444378212,1.1779995084876393,3.584540970686678,0.8693402106928203,0.9190857098958223,0.9813860422897008,0.04160357852218711,807.7403011334402,2257.7490949166677,440.1210579464225,0.8652071012779236,1.8959605507864432,0.42120556844390683,1.4554695229939911,2.3465681744073934,0.5223812226000331,0.14910112797689043,0.24038700649608816,0.05351374817068813,8.2733154296875,15.6982421875,3.0050053439791,5.9092426140556595,12.483468112263456,2.0078596663399177,21.73981680038003,80.07788857888748,17.387096241519,2.2270691043257225,8.203334610922779,1.7811679467670571,0.5740774224830805,0.6710766516784037,0.07848893286095275,2094.8365961474615,3980.8590278221313,1206.0777616845476,1.8630758680075612,2.991618155093504,0.5842522973791806,0.01258216827798414,1.0303285904433606,0.0012889417833933103,1.0303285904433606,0.275421142578125,1.0892239248640632,0.24966948648180498,1.037072301976453,1.3739461665429307,1.1194819826429707,0.14074971682654835,1.119481982642971,-0.005274799398193086,0.994260818831803,-50.652871171405195,0.9372906476248271,0.11811690331973279,1.1365186475530222,-0.12429324651465268,0.9146026457091497,-0.012732841851007953,0.9146026457091495,-0.437164306640625,0.9471597196606418,0.109070829107905,1.0184576664441685,0.001543897616308243,1.000071017048142,0.0001581598737980805,1.0000710170481424,0.02119130405112113,1.0369136691693284,-37.339501716156974,0.9821754585609079,-0.0785803434887331,0.9578222525243861
Train116.csv,4.391248398017733,296,0.20700241677984002,0.49548387962105545,0.10700379313638134,0.047139764827078254,0.11283440031420755,0.024367510884759847,1.381683349609375,4.19921875,1.0263912110098705,6.2932161477552295,14.420832277807431,2.4910647254498395,11.797684942388518,37.061889865956815,9.004723618247333,2.6866357520822888,8.439943839817179,2.0506067528113836,0.7933415108304552,0.9776602974152431,0.14619110319246983,343.35126802149205,952.0498132064611,212.24576385630345,0.971159524984553,2.852590853241752,0.5985296408195632,1.3149881310692222,2.270939145699804,0.4886458465284161,0.299456558108356,0.5171511469779154,0.11127720462112714,7.0354461669921875,12.7685546875,2.733604474793113,5.638590944643003,13.946547844720572,2.259865124291139,29.732782875125118,172.55809586148757,38.759834114923684,6.770918012414622,39.295908639416204,8.826609337886781,0.34841094743216605,0.507907014396331,0.05689173967038677,2183.5531128328116,3972.3454505028567,1342.9161275194758,1.858714538949363,2.9968189536006773,0.6191499018345172,0.22243944901743237,0.4941470782797178,0.11292448288188768,0.050655173393936104,0.11252997632809437,0.0257158039460631,1.7330169677734375,5.57861328125,1.436154387423023,6.838920528910201,17.143867182432622,3.2265524942994075,17.50527048421151,103.40614047774804,22.485541962799175,3.986399515024844,23.54823300918867,5.120535192896272,0.8259426358047971,0.9749538664097123,0.1214514928955247,381.20894042560064,921.7302711686466,222.10374751125474,1.0567522281870152,2.350065133319233,0.5077640485449686,1.4047964757522164,2.3130136157905814,0.5353599875064757,0.3199082239088,0.5267325840266076,0.1219152138485594,7.6416015625,12.060546875,3.333746156858354,5.378278342252414,10.958749209715716,2.1236359552872095,20.70474911841404,122.70702866540657,22.888559364677704,4.7150029426166,27.94354077551116,5.212312602268162,0.32082346047886895,0.44107404991316956,0.09077119731469564,2224.181388043309,4035.919216107034,1302.5095906460394,1.6992983970464224,2.9988598509717916,0.6163038981469791,-0.015437032237592352,0.9306011936921199,-0.00351540856685785,0.9306011936921199,-0.3513336181640625,0.7972705260840854,-0.5457043811549713,0.9202060648536399,-5.7075855418229935,0.673950451267187,-1.2997637629425554,0.6739504512671869,-0.032601124974341866,0.9605285844790233,-37.8576724041086,0.9006904917763933,-0.08559270320246215,0.9190040002571779,-0.08980834468299426,0.9360702092914169,-0.020451665800444052,0.9360702092914172,-0.6061553955078125,0.9206769169329073,0.26031260239058884,1.0484007308334233,9.028033756711078,1.4360368582627199,2.055915069798022,1.43603685826272,0.027587486953297102,1.0859896184403701,-40.62827521049758,0.9817333804567803,0.1594161419029405,1.0938129184256422
Train117.csv,15.354534094420114,1035,0.4162470792395157,1.2480739357750235,0.25446526323359586,0.027109066069987836,0.08128373860777563,0.01657264633813079,3.079986572265625,12.744140625,2.9403420265469022,6.610738999910221,11.385189658087443,2.33884140718606,10.456463976294794,41.66411220272451,10.01312437704439,0.6810017101134124,2.713472902956097,0.652128180215067,0.9263146395951604,0.9817264839129772,0.04367317178200139,670.6637201894015,2222.433826564566,489.55220987455175,0.9654893344047981,2.2398542533634176,0.5701871040818016,1.5583376743737984,2.8777609401246713,0.47242261119894713,0.10149039135873901,0.18742092221283738,0.030767629176754182,8.903121948242188,16.95556640625,2.911721789932852,6.0167608009407445,14.964153738228624,2.2099653029868844,17.851231192809664,99.14984077434116,17.333213609590132,1.1626032469000058,6.45736563315018,1.1288661383668472,0.6483298966171169,0.74469228411102,0.0823126646686931,2613.4106966796753,4200.845606497981,975.2657909568626,1.5958793776231994,2.3573790550040807,0.3382085878189301,0.46383406972876684,1.2768207260860993,0.2605565799878384,0.03020828029535104,0.0831559406644647,0.016969357610305186,2.9811859130859375,14.73388671875,2.875723923846221,5.955245428025737,11.539510925636757,2.2620481946451183,8.789691215961792,40.474816776392686,9.43219573666829,0.5724492297787136,2.636017252461041,0.6142938417191036,0.9409185786091321,0.9924022619858044,0.03292106498686227,840.7870891773672,2225.933613496938,530.1278836842381,0.8337188987900177,2.172671508444426,0.41905864534644627,1.737120441905784,2.814015480868717,0.38071939900024415,0.11313403788246879,0.1832693498587716,0.024795242672885708,9.88006591796875,14.73388671875,2.4256344618744223,5.881844947651263,14.780776377820159,2.059914458563867,16.960013011817367,60.13095540761055,11.49478633620824,1.1045605752362548,3.9161693241778224,0.7486248860123657,0.6465067749910162,0.75093274379147,0.08356006696893806,2813.2480340979237,4181.51835913267,978.1366457693222,1.6898550314332632,2.7459085472910076,0.4024591899897621,-0.047586990489251135,0.8974051420649668,-0.0030992142253632032,0.8974051420649668,0.0988006591796875,1.0331413947536787,0.6554935718844837,1.1100699509040706,1.6667727603330018,1.1896281358901661,0.10855248033469878,1.189628135890166,-0.014603939013971723,0.9844790619018712,-170.1233689879657,0.7976617729056523,0.1317704356147804,1.1580513957474394,-0.17878276753198552,0.8970809604106413,-0.011643646523729775,0.8970809604106417,-0.9769439697265625,0.9011196911196911,0.1349158532894812,1.0229376759316575,0.891218180992297,1.0525482014884844,0.05804267166375099,1.0525482014884844,0.0018231216261007654,1.0028199574956134,-199.83733741824835,0.92896561732342,-0.09397565381006379,0.9443883338736119
Train118.csv,1.335176877775662,90,0.07306365722664418,0.12981728643299698,0.028475993857036707,0.05472208097878731,0.09722853098629605,0.021327506737891005,0.225830078125,0.42724609375,0.07756509415978292,3.5344840910089568,10.295854551037955,1.8198571700522128,11.904402629494989,31.685106859535104,6.7975459435927394,8.915974226071924,23.731018254540857,5.091120177962572,0.05783257188415921,0.39933042811280217,0.06831576051943113,13.052174357448676,39.036632320458246,7.2247978029970685,1.7643173928206195,2.8923455044668955,0.8185749079899064,1.3665759401758533,2.904850748552419,0.5861705486533512,1.0235167811267825,2.175629908594399,0.4390208955909138,7.1563720703125,16.89453125,3.1884954898850784,5.425148417999626,9.902196562800238,1.8469996853057087,20.289446526850654,69.15219920415686,16.506734455530317,15.196073916926917,51.79253801890351,12.36295709601391,0.1089374891127427,0.40298109162573664,0.08970276959824199,1023.8861847328756,2272.6910249313487,515.1814210765565,1.8956672701141306,2.9967194495591793,0.6045277849290588,0.0570547900379717,0.13280285070933026,0.02523031298746484,0.042732008760533756,0.09946461245687026,0.018896607189226703,0.225830078125,0.37841796875,0.08312889692307272,4.32537310947181,10.813005052813315,1.9105247586266842,13.301376620822463,61.16627348357224,10.154348269043336,9.962258066498194,45.81136364904116,7.605245745387663,0.04770411426277835,0.1263676681011039,0.02551844049956376,14.14753794604277,41.672583982565136,7.56082954538403,1.8083041944666425,2.7539743615949273,0.7295745368131102,1.5194546519796273,2.7304937200536914,0.562068165354945,1.1380174996072152,2.045042694719637,0.420969067627446,8.028411865234375,12.17041015625,3.054442845758336,5.287676225363265,10.49731779486318,1.592009963494194,20.602596170414415,73.45342128715744,15.680537944257358,15.430611863753445,55.01400039935321,11.744165290205109,0.13282562399678144,0.38607487975612154,0.07510673491688705,1517.576974251369,3297.653582356135,719.4361922469523,1.8653938494674875,2.9986598392506143,0.6326140044320401,0.016008867188672476,1.2805876102255058,0.011990072218253552,1.280587610225506,0.0,1.0,-0.7908890184628534,0.817151261071341,-1.3969739913274744,0.8949752321770515,-1.0462838404262698,0.8949752321770514,0.010128457621380864,1.2123183246960252,-1.0953635885940933,0.9225756741016213,-0.04398680164602298,0.9756751094309125,-0.152878711803774,0.8993858016067835,-0.11450071848043275,0.8993858016067833,-0.872039794921875,0.8913807849472584,0.1374721926363609,1.0259986025575756,-0.3131496435637615,0.9848004765528798,-0.23453794682652784,0.98480047655288,-0.023888134884038736,0.8201541678086333,-493.6907895184934,0.67468484439675,0.030273420646643068,1.0162289699064277
Train119.csv,13.485286465534186,909,0.3566977125354719,0.9296265189422718,0.23375510919721346,0.026450881369641126,0.06893635677063438,0.017334085545356922,1.863861083984375,7.26318359375,1.3083980097202683,5.597734173243394,10.5409372460536,1.876462843151088,5.705215474131098,17.700461933261682,3.5746816747323757,0.4230696536341692,1.3125758936230743,0.2650801437454502,0.899780244423083,0.9685600586556528,0.054870557947095666,781.909781973206,2577.8608489300477,743.75399415944,0.6253855339088916,2.794938118311703,0.42140088343371046,1.340838580826871,2.9953658302665676,0.5383122002273475,0.09942974398458632,0.22212103820872844,0.039918484609368185,7.501983642578125,16.259765625,3.4752433094289885,5.7412719966613075,15.31613574164535,2.618459220686923,18.040153012054084,102.9258764661531,17.441628435816625,1.3377656498555863,7.632457547654769,1.2933821228339566,0.5835280033284715,0.7605969636915945,0.1587618318118918,2246.973871416217,5496.378157188405,1463.7742110234756,1.6440714218923946,2.991322172923686,0.5959754729920794,0.3406434514917133,0.6925995222595642,0.20194681348468785,0.02526037932989654,0.051359644752799,0.014975344721139244,2.2144317626953125,6.50634765625,1.564899805188508,6.335809112504549,13.199951746667857,2.2419355731870874,7.395263866187435,27.207286700177658,5.601905236821736,0.5483950144543325,2.0175534846600613,0.41540869384859824,0.9113689263100214,0.959757513379276,0.05590489449727443,626.7068785952713,1361.223750046075,408.75698377724746,0.639910355679649,1.5300145580194302,0.28217081755134327,1.493545077760054,2.5279203844905025,0.5699382865489162,0.11075367820900725,0.187457670324719,0.04226371371535707,7.675933837890625,13.46435546875,3.785643063897604,4.8578903150955846,10.184878332484024,1.9773954429533194,20.658955945280432,177.47607068175896,29.787888951503827,1.5319627060263625,13.16071936145768,2.208917773280974,0.5851834404427535,0.7123738934894192,0.17527244549442803,2347.3284973592827,5576.971494971349,1517.9371094370015,1.6637087998931475,2.9968091628389693,0.7087445815759276,0.016054261043758566,1.0471292225740882,0.0011905020397445856,1.047129222574088,-0.3505706787109375,0.8416881998277347,-0.7380749392611552,0.8835073901130531,-1.6900483920563367,0.7714688180656322,-0.12532536082016327,0.7714688180656323,-0.011588681886938401,0.9872843131333663,155.20290337793472,1.2476483164279502,-0.014524821770757423,0.9773017866614604,-0.15270649693318306,0.8977556826324888,-0.011323934224420934,0.897755682632489,-0.1739501953125,0.9773382367557897,0.8833816815657229,1.1818447153532206,-2.6188029332263483,0.8732364336241001,-0.1941970561707762,0.8732364336241,-0.0016554371142819546,0.9971710800411073,-100.35462594306546,0.9572473021752331,-0.019637378000752825,0.9881966255140239
Train120.csv,5.207189823325082,351,0.11051751675414806,0.1869996069429724,0.03258976428579072,0.021224023034285396,0.03591180911157233,0.006258608844987396,0.4428863525390625,1.15966796875,0.21860545302165832,3.9425767664100606,8.469001256018384,1.1863473127451483,5.6744716447351,20.063783964982786,4.838210729902895,1.089737811999262,3.853092482841529,0.9291404565722986,0.3675691913592048,0.9810619873427907,0.28334079564134146,89.23018817774681,258.84631664395687,63.9049959623424,0.7274018649913465,2.6643088117374156,0.5776488633536921,1.198288617489161,2.833813315762389,0.6459343717688232,0.2301219387320101,0.544211640426206,0.12404663430463496,6.103515625,15.56396484375,3.673766338958438,4.928226538743586,7.785172705456482,1.5811178057578013,23.98704620221625,94.26560397634269,22.325879544666414,4.6065242512897635,18.102970541632533,4.287510212256885,0.32947133258039074,0.4343830331743434,0.08092874815256347,1900.5752944392432,4742.826941186501,1423.6044468475488,1.876785686899356,2.9675923346995354,0.699452784858476,0.09998295782057641,0.16543418941204563,0.03129070921038086,0.019200943544003875,0.03177033966977732,0.0060091354976569665,0.4299163818359375,1.40380859375,0.2526836003583303,4.195109390203485,9.254784630847341,1.4191518974127288,5.789595718364922,32.433807201890616,6.987427406665654,1.111846488182745,6.2286585091648945,1.3418806772447929,0.38185987048115266,0.9689119411097803,0.2849205366050819,92.65326530276666,246.09960689796992,61.231295278819545,0.6758081566108308,1.9569022020776856,0.43472179626662444,1.2505953793579965,2.4266101139798693,0.5606541448634218,0.24016704245274112,0.46601145652691855,0.10766923501655884,6.01348876953125,11.9140625,3.5861890882235152,4.574863699221168,7.110836588654145,1.6081015443007842,24.20841167807153,91.5471783002198,21.395005835774757,4.649035756221598,17.580918193176565,4.108743211153545,0.3211146133271593,0.4346704915441659,0.08149033890487371,1881.3367407976282,4954.294115713996,1535.8179270466808,1.8989683190609465,2.9672902416963933,0.68143456064973,0.01053455893357165,1.1053635455802013,0.002023079490281521,1.1053635455802011,0.012969970703125,1.0301685891748003,-0.25253262379342445,0.939803089668378,-0.11512407362982202,0.9801153518777413,-0.022108676183483,0.9801153518777412,-0.014290679121947869,0.9625761169825432,-3.4230771250198444,0.963054975841012,0.05159370838051569,1.0763437195538708,-0.05230676186883554,0.958174512130624,-0.01004510372073103,0.958174512130624,0.09002685546875,1.0149708195889369,0.3533628395224184,1.0772400803072177,-0.22136547585528277,0.9908558447039382,-0.04251150493183431,0.9908558447039382,0.008356719253231448,1.0260241013843783,19.238553641615,1.0102260021953637,-0.022182632161590554,0.9883185875514974
Train121.csv,9.702285311836478,654,0.32393433663338145,1.4708924595923207,0.2706336875378264,0.0333874263868732,0.15160268043219455,0.027893808400755025,1.7963409423828125,9.85107421875,1.9440777792012653,5.006913836183564,11.3839153376484,1.883812923843964,6.0367982368043736,24.893899725854737,5.19010252160975,0.6222037430129655,2.565776920153541,0.5349360851384147,0.6695743136456525,0.9895028330813291,0.19074448537990335,568.9710064779622,3747.7365380449432,733.3036458587633,0.5872147603087836,2.8261710495217662,0.5652018658481667,1.4579147456757635,2.9012495034359986,0.5559996485627425,0.15026508691690957,0.2990274363398247,0.05730605014103644,7.8765869140625,16.46728515625,2.8129063418690525,5.686418694915945,9.873430606049105,1.6995065007399184,22.932776610752832,101.11752414707688,23.68109553766289,2.363646901083766,10.422031603597219,2.4407750108907553,0.6119284282494405,0.6773752592850821,0.07291534647880986,2459.867833997292,4866.862431632193,1211.650922419855,1.7908310074238818,2.984719592782228,0.517138967007186,0.2619108471452024,0.583492109851724,0.0957866383389244,0.02699475832005059,0.06013965690535633,0.009872585196197822,1.3187408447265625,3.57666015625,0.8205624856544889,4.8074626936322815,11.199239688633272,1.726668331270297,4.53496176982004,17.992518521635777,3.101920039307314,0.4674117101346763,1.8544619069989088,0.3197102475973439,0.6845520527915826,0.8875074092583985,0.13155903945386527,400.1455836305127,1382.4372927323986,224.28537408345107,0.436269769532699,1.1738409767056164,0.26969176882603585,1.5293550805902019,2.778195954608533,0.5549275910006215,0.15762833512269914,0.28634449156212943,0.05719555477549475,8.136749267578125,11.99951171875,2.423126331010863,5.741149810813791,13.583731517222668,2.0345153496114463,22.114920755290484,112.28870653844423,23.562184551659133,2.2793517243108683,11.573428623198247,2.4285190338521607,0.6069625006970947,0.6644616096120006,0.07874473303313269,2592.6708838087097,5055.412854900354,1303.3565677665688,1.762614522866052,2.998771617026338,0.5128151176392498,0.06202348948817904,1.2368114576552587,0.006392668066822607,1.236811457655259,0.47760009765625,1.3621637257737924,0.1994511425512826,1.0414878190974763,1.5018364669843338,1.3311684956153294,0.15479203287828924,1.3311684956153296,-0.014977739145930147,0.9781203794731878,168.8254228474495,1.4219099991450608,0.1509449907760846,1.3459900302919592,-0.07144033491443835,0.9532872804876233,-0.007363248205789569,0.9532872804876232,-0.260162353515625,0.9680262541022034,-0.054731115897846294,0.9904668720201733,0.8178558554623478,1.0369820839293171,0.08429517677289766,1.036982083929317,0.004965927552345817,1.0081816052007206,-132.80304981141762,0.9487775133200378,0.02821648455782988,1.0160083127602677
Train122.csv,11.586368239364356,781,0.4471397117663808,1.1214543802627623,0.24992653595410969,0.0385918781907204,0.09679084568127681,0.021570739923921233,3.2215118408203125,9.31396484375,2.4343223020354303,6.615632979127437,15.156599552572708,2.4629802998796584,11.48738592246566,55.227385521550495,10.392096840435286,0.9914570023277521,4.766582968933874,0.8969244396297049,0.8814732167322694,0.9688216096127685,0.0722469526194847,923.8368110532224,2403.0461122176234,635.8638799288009,0.8842990057488664,2.2398178959609836,0.449521869869594,1.6327088499666036,4.499759919332019,0.7033348097595278,0.14091636104051325,0.38836672772441433,0.06070364718514364,8.642578125,18.59130859375,2.8365247528255937,5.617771962654432,11.674041545619891,1.6357358999465534,14.43607233355662,42.793774377522155,8.34562993997376,1.2459531783661488,3.6934588555654155,0.720297315566039,0.6336243569943039,0.7470427869606674,0.08542516196124446,2546.803524533977,4471.891484725069,988.3071782147498,1.5194802897625554,2.165062341714674,0.3697540395739092,0.4864980218790528,0.919658104727817,0.2434210220370663,0.04198882789053688,0.0793741477681768,0.02100925993445041,3.40728759765625,9.08203125,2.4596103048818097,6.514416856256451,11.087818321501999,2.144230650780302,10.017681659767163,28.770209173897968,7.168285584302432,0.864609293681205,2.4831084753678034,0.6186826998945525,0.8660163792468745,0.9653769366753114,0.0980037133900801,961.7570829865248,1948.8949302355259,484.31708728287055,0.9002437384593898,1.8552182868692941,0.4416074462681061,1.7417325619528425,3.784629417029175,0.6109120810363008,0.15032601467260082,0.3266450141098575,0.05272679656087094,9.838104248046875,21.81396484375,3.2923926145567557,5.841542793043343,9.871376370151825,1.3432961905986571,19.60483028520257,95.80360335657474,20.366812499040186,1.6920600036339013,8.268648240531897,1.7578254098505617,0.62583393333981,0.7520518148272997,0.0744002008718892,2670.4557734148393,3851.788944465353,1096.0987388607596,1.6330474106352026,2.8815481343638694,0.527136996679021,-0.03935831011267199,0.9190987252925423,-0.003396949699816479,0.9190987252925424,-0.1857757568359375,0.9454769368562472,0.10121612287098536,1.0155372499341637,1.469704262698496,1.1467110168414612,0.12684770864654715,1.1467110168414612,0.015456837485394948,1.0178482045557116,-37.92027193330239,0.9605718818149492,-0.015944732710523324,0.9822884269788869,-0.10902371198623895,0.9374050216618786,-0.009409653632087567,0.9374050216618786,-1.195526123046875,0.8784800310197751,-0.22377083038891055,0.9616931967603836,-5.168757951645951,0.7363528336408375,-0.44610682526775247,0.7363528336408374,0.007790423654493894,1.0124480684722859,-123.65224888086232,0.9536962004344516,-0.1135671208726472,0.9304569358286584
Train123.csv,18.410605614662185,1241,0.6961825081213269,1.501258158530587,0.36122969408952615,0.037814210064164744,0.08154311650318483,0.0196207393526394,5.389404296875,14.0869140625,3.838546056326535,7.0646704424386275,13.507748404766572,2.300009365496875,11.80931077985926,39.706851461929816,9.195319709619197,0.6414406471482036,2.1567379310057744,0.4994577528886966,0.8508941045039407,0.9462722138593055,0.07577838838300309,1224.993130456357,2954.0623704676013,708.8039453553288,1.0269830089999625,2.3403196595652274,0.5311318493833553,1.5109753277401772,2.881615416033999,0.644535860942112,0.08207091930407971,0.15651931698211402,0.03500894399849642,9.14764404296875,21.13037109375,5.252790430055967,6.108427096721224,13.596197487075315,2.5410308926735037,19.556064966382984,79.20112446799968,15.36690580499919,1.0622173640398096,4.3019293403865,0.8346768230568692,0.5641981182035432,0.7430763035990846,0.12286875390089243,1833.0439437332411,4305.948897692613,1178.574903410475,1.6925175897345908,2.7756616834801315,0.4612526375797309,0.6769642084894,1.4173297808554564,0.3288887847698461,0.036770338937154055,0.0769844192266384,0.017864093754087016,4.952239990234375,15.283203125,3.9650044120925103,6.442531992889567,11.553084737959907,2.141603097282544,10.101632097412228,39.861856518455795,8.908987908017522,0.548685486444145,2.1651572660222462,0.48390520629709294,0.8550548722204316,0.9420931868725493,0.06501265779867083,1215.4058358949337,2134.371136242927,494.5600464564375,0.8279751615816922,2.370640855934005,0.4565848870782136,1.5612942032025514,3.027216964035641,0.5861895710441961,0.08480406543276005,0.16442788615409634,0.03183977666532357,9.041595458984375,16.10107421875,3.993232313068709,5.856313701523966,9.549938711351318,1.9378212500584933,20.028155408790205,93.31645781846518,16.957928009265252,1.0878596732765708,5.068625105094211,0.9210956100086125,0.5757131452855069,0.7029213203562741,0.1084803452929016,1968.438180982638,3938.850889640585,1175.9651696389394,1.7745192643674126,2.9890629417349257,0.5149709439607729,0.019218299631926894,1.0283889449263666,0.0010438711270106885,1.0283889449263663,0.437164306640625,1.088276074564782,0.6221384495490607,1.0965673822397306,1.7076786824470318,1.1690497798751247,0.09275516070405854,1.169049779875125,-0.004160767716490987,0.9951339173055804,9.587294561423278,1.0078881426090602,0.19900784741827038,1.2403548519959258,-0.050318875462374235,0.9677710483013647,-0.002733146128680336,0.9677710483013646,0.106048583984375,1.0117289680195765,0.2521133951972576,1.0430498446713419,-0.47209044240722164,0.9764286609140238,-0.02564230923676125,0.9764286609140239,-0.011515027081963725,0.9799986726440766,-135.39423724939684,0.9312174298601501,-0.08200167463282182,0.9537893578957262
Train124.csv,10.013826583317465,675,0.1787027791495563,0.3459260512734454,0.057154779449039864,0.0178456035425325,0.03454484141454386,0.005707586303147776,0.7602691650390625,1.35498046875,0.26019227647277193,4.296640638460753,7.323590415175522,0.9734388082199905,4.556062561294069,24.290116595293135,3.7955077710788694,0.45497717814329247,2.425657803557259,0.3790267126656653,0.696686572043917,0.9836236122423715,0.18524955107348898,269.3272424703857,568.1353429347886,133.9726730362387,0.6040318090162408,2.855769113600867,0.523738975853848,1.3485709470234282,2.227825823650525,0.39743533817851306,0.1346708908730335,0.22247497548659084,0.03968865796424121,7.0514678955078125,12.36572265625,2.402531316798753,5.296041237561994,7.9045435185691915,1.491980432832753,20.525770659143575,73.93198186603834,14.807987638793355,2.049742971716574,7.382990033920232,1.4787541521302878,0.6497246662727627,0.7089511814714673,0.02752592225707296,2336.6394039095203,4557.275573751036,1093.3879831873564,1.8162490187056648,2.9618756464754625,0.496420903043333,0.18682994307575407,0.33949320899986146,0.05085239075864036,0.018657197777621135,0.03390244540138534,0.0050782176359392825,0.9120941162109375,2.4658203125,0.3914970483819176,4.854154663663385,8.445880066375665,1.28824818819518,4.750148479078355,15.79616023066426,3.0139047420081213,0.47435897152361967,1.5774349694631096,0.30097432953643677,0.7379603902707267,0.9772860477572224,0.17623787337670002,332.5667491064386,817.9086097036069,161.09199815973727,0.5360212398768571,1.477134560936859,0.3138671067369999,1.4757933239028385,2.7142443207850637,0.5002346410041827,0.14737556234111707,0.2710496630036373,0.049954394241013576,7.9769134521484375,12.75634765625,2.7850261947697947,5.524758873882695,9.932365854145218,1.4938047268052115,21.430747320865393,68.72313851022018,15.24356959092963,2.1401156833061146,6.862824908982296,1.5222522043995304,0.6419128085915474,0.7479134664859395,0.0354075373503653,2523.8714913890017,4288.011876315815,1115.9834910765069,1.8805555959623534,2.957731854645636,0.5270796209293929,-0.008127163926197778,0.9564996713460302,-0.0008115942350886349,0.9564996713460302,-0.151824951171875,0.8335424508573819,-0.5575140252026323,0.8851470412807404,-0.1940859177842862,0.959141083981033,-0.019381793380327195,0.9591410839810329,-0.041273818226809644,0.9440704151998348,-63.23950663605285,0.8098441687090824,0.06801056913938364,1.1268803623434922,-0.1272223768794103,0.9137939067626611,-0.012704671468083573,0.9137939067626613,-0.925445556640625,0.8839845057625173,-0.22871763632070152,0.9586013359964137,-0.9049766617218182,0.9577720436822698,-0.09037271158954052,0.9577720436822695,0.007811857681215284,1.0121696554059354,-187.23208747948138,0.9258155226530813,-0.06430657725668865,0.965804479593819
Train125.csv,3.916518841475275,264,0.1738279856711631,0.3395956822160713,0.06979343102651125,0.04438328850364614,0.08670855317222279,0.017820271994458594,1.0356903076171875,3.80859375,0.8046352254626032,5.598682027117588,14.19987582806695,2.952865908414154,10.041849931279053,55.36157280902757,11.345720179960837,2.5639733492247125,14.13540316026514,2.8968889565426243,0.73266740021821,0.9478504222129075,0.2005864486667003,269.45300998257477,545.4226185066236,132.94181882631017,0.9480492414822923,2.484001321464566,0.5340332131967493,1.1830289667070042,3.012712989891285,0.6986286353897208,0.3020613495277813,0.7692323493984407,0.1783800011355393,6.7455291748046875,17.68798828125,3.534454491252974,6.204540602711736,14.322201433994309,2.9382336907066615,34.936001806186844,238.65369576625045,45.53288681233823,8.920166918698428,60.935158344943474,11.625856699616158,0.36455774363815296,0.5904604796598791,0.08667837722455815,1838.3657375630178,4899.563942370391,1351.0244123435873,1.8397623067138196,2.987295879854392,0.683985604856209,0.16394358196817446,0.3673852428658065,0.06648139838325628,0.041859515708705275,0.09380402794830414,0.016974614721427986,0.971221923828125,3.60107421875,0.7379005089931369,5.4500031174394765,10.166966680717605,2.13173007905231,8.86619162056596,34.87427049897963,8.451074616281572,2.2637939403417353,8.904405138988984,2.1578026197106763,0.791369808634515,0.9752557129310017,0.15174908253765884,279.51641470874915,575.6653819069861,138.9073795915134,0.9778069932708197,2.2097152047611295,0.48143889971654347,1.2883348117628675,2.565565932612646,0.6167924909911423,0.32894896307394683,0.6550628342301675,0.1574848777591502,6.8695068359375,11.62109375,3.3237873855409235,5.853285087906862,19.79664773499482,3.1615005049757707,35.66544836759191,224.5165780568004,53.33162091750288,9.106415623461531,57.32554524676548,13.61709800875461,0.35030414949190986,0.6069413128523209,0.10903184347042572,1915.0876597625424,5138.685194527068,1440.198220048127,1.8136283195458232,2.9728731629510152,0.6670675001202566,0.009884403702988626,1.0602914953078642,0.0025237727949408637,1.060291495307864,0.0644683837890625,1.0663786331500393,0.14867890967811181,1.0272805182812381,1.175658310713093,1.132600146830353,0.30017940888297723,1.1326001468303528,-0.05870240841630503,0.9258217741240417,-10.063404726174383,0.9639970885550307,-0.029757751788527353,0.9695668449977168,-0.10530584505586327,0.9182620510643735,-0.026887613546165534,0.9182620510643735,-0.1239776611328125,0.9819524655708574,0.3512555148048744,1.0600099789314181,-0.7294465614050623,0.979547528636486,-0.18624870476310385,0.979547528636486,0.01425359414624311,1.0406891958514248,-76.72192219952467,0.9599381668988262,0.02613398716799642,1.0144097811477386
Train126.csv,18.351264420094378,1237,0.5227004655048408,1.2183653762537492,0.23525354541738216,0.028483076345000573,0.0663913585659883,0.012819473363360336,3.2085418701171875,6.8359375,1.52581515179005,6.063032703798251,8.990765690074348,1.3327918449128406,7.352519577594323,15.679440976424669,3.1029394339770877,0.40065465840835557,0.8544065748001484,0.1690858658534402,0.8743639882116255,0.9504889382964659,0.06185272367855174,1066.5059244514582,3853.63361562776,709.1324174067224,0.7534431208151512,2.5110714664527953,0.40675549975449143,1.3746219757236404,2.90428288603276,0.6853433435724033,0.07490611787046395,0.15826064185814961,0.03734583775175524,7.9914093017578125,17.37060546875,3.846214539138821,6.289724449806458,13.708794792536525,2.222081516840132,21.56036303528616,102.8212274193756,19.327268222294354,1.1748707087277248,5.60295056872418,1.0531845533832134,0.6030138030585979,0.7259505182506536,0.1032620425569793,1841.9732364554584,4955.688167116826,1234.5757730599908,1.7173046098330333,2.9599632956994237,0.47159340480172124,0.5455947252694862,1.604117221400526,0.3465160853227981,0.029730633965039905,0.08741180905464149,0.018882409265672608,4.1263580322265625,15.673828125,3.733585269641315,6.952510475250425,11.889163716721118,2.388955639295209,10.332599853022298,34.88128669136868,8.50670102356849,0.5630456635842621,1.9007565850979815,0.4635484961054658,0.8705383318860335,0.9527445887077298,0.0978348520178402,939.8059998916629,2304.8555493455356,510.27950554567695,0.8035763281784449,1.762302264138938,0.4391264668120212,1.4457829414314223,2.5199496816302234,0.5053589569009813,0.07878383245616091,0.13731749616505518,0.02753810011846488,8.165740966796875,13.96484375,3.3402307429777385,5.674970767340451,13.143439510445203,2.2061386279682282,17.819646485057376,51.64735979000143,11.879227023004484,0.9710309914964286,2.8143760891728147,0.6473247156744631,0.5757116894441676,0.7007466311711564,0.11814429466197839,1927.8646861282718,4952.392035202803,1324.464859024249,1.7664404741182227,2.7946959453954965,0.553417098317912,-0.02289425976464532,0.9580379745179224,-0.0012475576200393322,0.9580379745179222,-0.917816162109375,0.7775723398354442,-0.8894777714521735,0.8720637998865963,-2.9800802754279756,0.7115846623484313,-0.16239100517590654,0.7115846623484312,0.003825656325592064,1.004394586872819,126.69992455979536,1.1348149773191498,-0.05013320736329374,0.9376123890098452,-0.07116096570778185,0.9507803255464283,-0.0038777145856969675,0.9507803255464284,-0.1743316650390625,0.9786508455573204,0.6147536824660076,1.1083271980895346,3.7407165502287825,1.209920918092598,0.20383971723129624,1.2099209180925983,0.027302113614430246,1.047423239991513,-85.89144967281345,0.9554473660465719,-0.049135864285189346,0.9721836852103849
Train127.csv,16.778722764047487,1131,0.5741066678998888,1.695068218720738,0.3611225758720119,0.034216351028223235,0.1010248659899689,0.021522649903114515,3.3138275146484375,6.50634765625,1.460686137940123,6.213937545645715,10.30392163357254,1.824825145646395,7.12898090390058,20.782681782307677,4.365115284412406,0.4248822156580454,1.2386331233054073,0.2601577811253746,0.9254792193474087,0.991586202284267,0.051601863273525735,976.0337012325406,4387.867882792293,878.4807516052217,0.6853055118081204,2.3465285823104405,0.4499905832543559,1.419801758657521,3.7235203447622354,0.6112712247463431,0.08461917981622492,0.22191917687207918,0.036431332309521273,7.862091064453125,27.9052734375,4.710590529969098,5.65375284540697,14.062984768390042,2.273812915738735,24.736820002319035,157.4787060183734,30.69801492011429,1.474296962300594,9.3856194081596,1.8295799597983873,0.6558368219418409,0.7225534804455883,0.08262934279372042,2173.872773741696,4221.01912693955,1381.1341545778116,1.5862528642375247,2.8597338989199783,0.508593641997346,0.715134641696366,1.7988617197020618,0.37140000011238483,0.04262151844052855,0.1072108851787314,0.02213517711301602,3.99322509765625,10.0830078125,2.2236694605994183,5.654288444723992,10.591648073032482,2.0657529100518093,7.907566997740185,26.495541198416973,6.428140281321541,0.4712853957325095,1.5791155006857938,0.38311261063895774,0.9436825358325135,0.987611992627701,0.05166746460481831,1343.4486595588417,3364.4930838812033,907.4918616677489,0.7963430723028467,2.3017952858420427,0.5783298403673923,1.5993376781280473,2.8373635938811677,0.6703712799854011,0.09531939353304168,0.16910486178130987,0.03995365376808272,8.676910400390625,20.88623046875,4.101066829044784,5.533622720423154,13.389576777780302,2.145201210212528,24.9199015132228,153.87439647287303,32.206976292723674,1.4852084907571022,9.170805110540746,1.9195129894949448,0.633931452374306,0.7633849554993979,0.08647607493379278,2259.1348254511868,4125.587993042518,1424.2723004534953,1.6239905380093336,2.880319479467469,0.4749128599218333,-0.14102797379647714,0.802795214252318,-0.008405167412305313,0.8027952142523179,-0.6793975830078125,0.8298624379059992,0.5596491009217228,1.0989778123972311,-0.7785860938396052,0.9015391087976733,-0.04640318007446409,0.9015391087976733,-0.01820331648510476,0.9807103387061774,-367.4149583263011,0.726513584488631,-0.11103756049472635,0.8605656728153226,-0.17953591947052638,0.8877435816552105,-0.010700213716816759,0.8877435816552104,-0.8148193359375,0.9060933790556581,0.12013012498381581,1.0217091281883832,-0.18308151090376512,0.9926532008641118,-0.010911528456508224,0.9926532008641117,0.02190536956753486,1.034554792139578,-85.2620517094906,0.962258980407483,-0.03773767377180892,0.9767623807598859
Train128.csv,17.31279351515775,1167,0.35183177517017405,0.6652075376265925,0.11195432784822516,0.020322068467006044,0.03842288866000671,0.0064665663429882975,2.17437744140625,4.45556640625,0.9104000203056943,6.241272622770597,10.942760922981776,1.993191327205487,8.24431043915645,22.782798146052382,6.01324648986722,0.47619758370816156,1.3159515895632623,0.3473296487133913,0.8804503524761913,0.9560910531637999,0.060163872145869726,682.2040252068268,2176.6145745058893,386.7481030286724,0.7502638720505312,1.740796552414111,0.4191840382304681,1.2385159743056016,2.559362240760681,0.5610617598227324,0.07153761599601197,0.14783069170898966,0.03240735005194337,6.95037841796875,16.9921875,3.502368769895629,6.026195847388502,14.344705541639557,2.7273448243415066,22.490073823153175,58.15271965122099,13.234665178131792,1.2990436120815856,3.3589449097459023,0.7644442340598896,0.6117825718858635,0.7930292449630615,0.12009696239834144,1770.5124324951835,3968.830891034085,1347.4499220333626,1.8223909212457863,2.924560952431264,0.5698915056473622,0.37665499180212936,0.8372600823835005,0.14546294156119574,0.021755876165932393,0.048360773300418554,0.008402049122450376,2.37884521484375,5.6640625,1.2001432883997134,6.367663134522796,11.596617657915747,2.0047788746732067,8.287286037034125,23.91665857539037,5.238473849516815,0.47867988662710126,1.3814442224156827,0.30257819715405315,0.8793970517993386,0.9709450586935613,0.05742752518219746,731.9264197484274,1905.1553348502378,399.3371793641711,0.7247474940910399,1.4518640837903727,0.3185458522170762,1.3848257771322035,2.773158588622985,0.5708692773211688,0.07998858046332942,0.16017972987403914,0.032973839653396175,7.68890380859375,12.09716796875,3.276919717717312,5.8576421763364745,14.560299769375655,2.796542750911316,29.74222080327826,171.7093590121558,33.51590222202349,1.7179330867221547,9.918061973177252,1.9359037692374454,0.6141507358977798,0.7348726003609806,0.09076702995737175,1897.5325629606227,4399.911557474559,1334.3248146368596,1.8414635950306817,2.9869462642379054,0.6318306904866586,-0.024823216631955303,0.934095612238704,-0.0014338076989263496,0.9340956122387039,-0.2044677734375,0.914047466324567,-0.12639051175219862,0.9801511937610263,-0.04297559787767469,0.9948142736131436,-0.002482302918939694,0.9948142736131433,0.0010533006768527198,1.0011977532500222,-49.72239454160058,0.9320664028514085,0.025516377959491354,1.035207266209997,-0.1463098028266019,0.8943478629278618,-0.008450964467317454,0.8943478629278616,-0.738525390625,0.903949196269101,0.16855367105202745,1.0287750029752492,-7.252146980125087,0.7561665946839539,-0.41888947464056914,0.756166594683954,-0.002368164011916307,0.9961440019957731,-127.02013046543925,0.9330603685307743,-0.01907267378489541,0.9896426549857601
Train129.csv,13.1737451940532,888,0.39000690260140414,0.7950666890873261,0.19432735055426587,0.02960486155276924,0.06035236581365105,0.01475110894371843,2.483367919921875,6.9091796875,1.502655108009528,6.427151258364973,11.920379683706175,2.1695332431428533,8.340845380192821,22.604859708837857,5.359547276132485,0.633141544589612,1.715902302334038,0.40683550480024877,0.9113144880634787,0.9793924733852895,0.045293605761565436,673.1713244767416,1515.8824664744145,364.4362356989157,0.9263136729923428,2.492014467769215,0.43474821499784533,1.2882925065836135,3.0146117954233063,0.628997059418312,0.0977924263454834,0.2288348340595005,0.047746259712253235,6.7138671875,16.552734375,3.675107142125725,5.225914092413415,11.274305429181666,2.1472953894411932,15.381651339017122,43.065593793845,8.739011664602277,1.167598971472486,3.269047120577781,0.6633657730488958,0.6352431694303196,0.810490079905699,0.12999535474316232,2193.1722687317488,5422.8926117131305,1470.2009409347536,1.6095244989705697,2.8960235941417243,0.5249137101881627,0.4063440986182526,1.0249448842838085,0.2342972257330751,0.03084499454275779,0.07780208810676571,0.017785164528522985,2.984619140625,7.470703125,2.02503850187975,6.932172486936555,12.754120830564801,2.005239640702694,10.243005245682737,41.92796481031041,8.223811847431545,0.7775317568998195,3.182691344997111,0.6242576978901855,0.9118583216706627,0.9688665448131448,0.0365834373960028,653.8527896821599,1671.6921360934953,392.3593924516542,0.8795414363633963,2.2817046222641943,0.39713056555797394,1.4766584316662974,2.587833870319398,0.5675435691954024,0.11209101207854544,0.19643873721556265,0.04308141389068303,7.53936767578125,15.39306640625,4.112150230125039,4.743678538345447,8.859182674579174,1.988526196300742,13.440576804059223,38.82167564829199,7.19470682252446,1.0202548027212848,2.946897414246072,0.5461398195079896,0.6211584600422659,0.8588020190968889,0.14862740698369128,2301.5930419752585,5553.76912208043,1475.3800968448102,1.5000101752566883,2.4820763089614553,0.5784189731768158,-0.016337196016848465,0.9597946763041421,-0.001240132989988551,0.959794676304142,-0.501251220703125,0.8320552147239264,-0.5050212285715814,0.927148202165587,-1.9021598654899154,0.8142967010300375,-0.14439021231020743,0.8142967010300374,-0.0005438336071840189,0.9994035985698001,19.318534794581637,1.0295456945346557,0.04677223662894647,1.0531779796780623,-0.1883659250826839,0.8724377140689691,-0.014298585733062044,0.8724377140689692,-0.82550048828125,0.890507994333131,0.4822355540679677,1.101658565218917,1.9410745349578988,1.1444189905876414,0.14734416875120115,1.1444189905876414,0.014084709388053618,1.0226749055097717,-108.42077324350976,0.95289316083852,0.10951432371388137,1.073009053885345
Train130.csv,18.61829979564951,1255,0.7102698329185477,1.2602665223262781,0.33483554197138504,0.038149016865896355,0.06768966748622027,0.01798421690736902,5.780792236328125,12.98828125,3.6037705720225577,7.5475686212144,13.141332138435311,2.436848104864347,14.192687388612999,34.267516094057335,9.833741079589867,0.7622977148498473,1.8405287523656988,0.528176105633861,0.8633918455790238,0.9371042615734152,0.07072667367107814,1180.097296211192,3725.1688338750187,731.7418213761983,1.1247788714813653,2.4985159250532942,0.6417500245734775,1.5347033994539006,3.7263724300608168,0.6124461633341736,0.08242983603758011,0.2001456884334599,0.03289484915681089,9.768295288085938,19.54345703125,4.004456010588879,6.570223030609915,15.500294788645101,2.2835282972484436,18.16312401431148,78.6507949463169,13.502631573133597,0.9755522369747003,4.224381163133652,0.7252344049314707,0.5886292075498429,0.7726377382723448,0.12985059459871162,2130.1826146540284,4410.32942205504,1078.2078748324052,1.6098393301226568,2.6276222470197785,0.49043042639391476,0.7349814923658615,1.379142735548311,0.3124388995943711,0.03947629485145592,0.07407457988567634,0.016781279871074903,5.9421539306640625,15.75927734375,3.6557393104237885,7.797034099617591,21.8524027109993,3.2484326259891003,14.633705803676673,101.16425983424601,18.196017332657515,0.7859850772784363,5.433592806249946,0.977318956745413,0.8706138609016084,0.9625458371326991,0.05389444661171816,1275.270871574142,4060.695838335313,743.4129560841255,1.0144342226491245,2.504353537029808,0.5412228479805159,1.6091105181222698,2.940982935056625,0.6397423671062601,0.08642628681370071,0.15796194965900362,0.034360944561422684,9.58251953125,28.96728515625,5.020542302706038,6.0717825242358305,11.883488682206098,2.472589193849624,14.798599422239395,28.04851296649041,6.587013333090979,0.7948416119981775,1.5065023806870075,0.35379241957582774,0.6017051966694047,0.7299653203086238,0.1105145322609367,2290.5592573947415,4468.569749489583,1269.8989097584952,1.5857009035620346,2.4885000126136445,0.3673964080274362,-0.024711659447313794,0.966377848008433,-0.0013272779855595662,0.966377848008433,-0.1613616943359375,0.9728445785452912,-0.24946547840319067,0.9680050804939502,-0.4410184150636738,0.9698628344057,-0.02368736242858893,0.9698628344057,-0.007222015322584596,0.9917046860302621,-95.1735753629498,0.9253699135733638,0.11034464883224082,1.1087745724351485,-0.07440711866836924,0.9537588513465205,-0.003996450776120597,0.9537588513465204,0.1857757568359375,1.0193869426751592,0.49844050637408444,1.0820912976353374,3.3645245920720868,1.2273542580668726,0.1807106249765228,1.2273542580668728,-0.01307598911956176,0.9782684457572566,-160.37664274071312,0.9299836307561308,0.02413842656062215,1.0152225596305071
Train131.csv,6.497860805174888,438,0.13567353630130563,0.19983879536563048,0.03409712967022189,0.020879723399623365,0.03075455159126818,0.005247439225393529,0.511932373046875,1.123046875,0.19756302038976215,3.803623096141381,7.7043690089249095,1.1774056251822314,4.546134003928746,17.9845703160717,3.883368828453649,0.6996354862369796,2.7677678631941163,0.5976380450256705,0.44457394360014907,0.9546156123332278,0.293349436230945,128.2122704779839,303.7099090703015,81.75185448708739,0.6454829197588766,2.4403537115066105,0.5654199216601774,1.2526926030089762,2.2250380400288323,0.4340737035092128,0.1927853859244466,0.34242623945665546,0.06680255495216474,6.3053131103515625,12.451171875,2.9433598717316993,5.042102208073036,10.304897631442158,2.1203353298547607,18.59351967661117,71.27037771405485,13.732738971866471,2.8614832225712363,10.968283232120825,2.1134246152102447,0.5138718080450194,0.5914600675366312,0.11278637210692372,2058.4639398746212,4308.813848864689,1211.082989946605,1.7531945957561805,2.9644927776225605,0.5868208496524668,0.12759698915685247,0.19267896909633567,0.035044948742424406,0.01963676862010254,0.02965267722307723,0.0053933055498072,0.5390167236328125,1.0498046875,0.20886399409437473,4.25093197194801,6.800950063198781,1.10907002850325,4.644324089908443,11.646699026321462,2.929325474805976,0.7147466264912459,1.7923897380267129,0.45081382360069405,0.5103882007724785,0.9194402217027349,0.25344396265094843,134.31138651565516,268.42854887478,62.59522095882791,0.799545143109645,2.2108159808551036,0.5713398170326749,1.4455427608576734,2.7398668044017427,0.5463421775171851,0.22246440854910976,0.42165674004892756,0.08408031410615611,7.537078857421875,12.646484375,3.328390585321638,5.074598600604124,8.321853283371706,1.6187601138262127,17.683372476757732,36.16964857100519,8.703453738669092,2.721414478850442,5.56639325702387,1.339433699739716,0.5148983652530296,0.6159792865826714,0.12242665719863373,2401.0100996324463,4193.944953111568,1290.7584585046252,1.7865232469903565,2.998687340873247,0.5989651964182435,0.008076547144453161,1.0632973175763953,0.0012429547795208239,1.0632973175763953,-0.0270843505859375,0.9497523000707714,-0.4473088758066286,0.8947739275155591,-0.09819008597969692,0.9788580460624933,-0.015111140254266298,0.9788580460624932,-0.06581425717232942,0.8710505903688236,-6.099116037671251,0.9545897321448592,-0.15406222335076836,0.8073126643586638,-0.1928501578486972,0.866589793764195,-0.029679022624663154,0.8665897937641949,-1.2317657470703125,0.8365725275837635,-0.032496392531087714,0.9935962634508236,0.9101471998534372,1.0514690962399675,0.14006874372079414,1.0514690962399673,-0.0010265572080101482,0.99800629157658,-342.5461597578251,0.8573324786054574,-0.03332865123417594,0.9813444066343259
Train132.csv,9.835802999614044,663,0.4157158482058564,0.7565001696594613,0.13683632537315066,0.04226557284872105,0.07691290377502948,0.013912064462710375,2.8045654296875,6.75048828125,1.5243828114758708,6.425583527034407,12.737537896739623,2.2490397211868314,11.531438225120953,43.27757738267653,9.27270325805184,1.1723941833293576,4.4000044921980175,0.9427499979834589,0.9286592055923488,0.9841989223934718,0.045921484118297454,861.4425732902716,2044.680490000751,366.6251849790768,0.9834125932038571,1.9013803963314735,0.4407698842430605,1.3970036126964414,2.380882200486857,0.40715279171301216,0.14203249218709035,0.24206281892594664,0.04139497219789668,7.2849273681640625,13.0615234375,2.6484787636312683,5.204072827189909,7.58673467008297,1.0948066645407712,16.797388385022927,52.44287559908586,10.637845046925033,1.7077800750667793,5.3318346861098895,1.0815431182733592,0.6006699083499264,0.6741743738893758,0.0725485751987059,2310.851545714668,4036.996741838012,1190.8711489577431,1.6816723816699397,2.9740010631404648,0.4365790047569765,0.4160853124796813,0.8790571973242711,0.17176649454719417,0.04230313605264445,0.08937320088240536,0.017463393131596297,2.9613494873046875,10.7177734375,2.33029808518467,6.506857790380359,12.613361169784296,2.4218829389917094,10.558702423422384,34.153398314190554,9.71374697971428,1.073496736752119,3.472354856591854,0.9875906400418396,0.9221857212905061,0.9773425085428763,0.04716510071646439,843.1236538198716,1946.9008565191746,384.0821781008852,0.9485500661283233,2.0407857500993667,0.43077460294598635,1.5311597600206945,2.729053149459023,0.5315550128199145,0.15567206460731034,0.2774611436977856,0.05404286897986596,8.596038818359375,14.66064453125,3.0081423626575883,5.749614399567772,10.619542604672503,1.63419930128182,18.817040585348856,55.02238775449419,11.980853693447417,1.9131168635735418,5.594092089548079,1.218085975686738,0.5867522691556164,0.6621225933364432,0.07684537363202401,2394.3584562249735,3989.2448399237514,1198.9596211474789,1.7910939758632862,2.980723491370412,0.49313143985878677,-0.0003694642738248932,0.9991120468261111,-3.7563203923396404e-05,0.9991120468261112,-0.1567840576171875,0.9470565503027181,-0.08127426334595178,0.987509445270787,0.972735801698569,1.0921264529191341,0.09889744657723853,1.0921264529191343,0.006473484301842691,1.0070197186449426,18.318919470400033,1.0217274410312225,0.03486252707553383,1.0367534917980992,-0.13415614732425318,0.9123826586701573,-0.013639572420219986,0.9123826586701577,-1.3111114501953125,0.8474749267773143,-0.5455415723778634,0.9051168418496248,-2.019652200325929,0.8926689778254264,-0.2053367885067625,0.8926689778254264,0.013917639194309994,1.0237197875933886,-83.50691051030526,0.9651234716785201,-0.10942159419334652,0.938907954765128
Train133.csv,17.668840682564593,1191,0.405749504612186,1.1566705454441595,0.2791457306305215,0.022964127183091015,0.06546386184723192,0.015798757578134665,2.6546478271484375,8.837890625,2.462541618196303,6.011426700853158,11.950662581292864,2.489830659442645,7.995642842667278,21.609932776150178,6.372421255747034,0.4525278701820706,1.223053236168155,0.3606587081876439,0.890312869646317,0.9687962284986723,0.0504065470393664,857.5403831460949,4972.319279794604,929.7749564840598,0.71999561251408,2.5534720367524617,0.5224005118560676,1.4340626262831044,2.613564560020732,0.5217195115994264,0.08116336844319508,0.14791941401111658,0.029527659509333462,7.9010009765625,17.236328125,3.341253942176186,6.049234552103358,23.714326484445056,3.5505742031300103,38.52521082096385,360.35111021196843,82.31125453685236,2.180403995547941,20.394722929816144,4.65855434522516,0.6563976159954262,0.8236049702892936,0.08366490224463628,2177.6169685098357,4260.570196206395,1231.437967121389,1.8257658817819673,2.9927472454762323,0.6526824105334471,0.38804743242826323,1.3112611202953954,0.24683119792469366,0.021962246386158422,0.07421319507336623,0.013969858145150622,2.1678924560546875,8.1298828125,1.5833943563256723,5.698186038610682,10.349611810927247,2.0370965628346216,6.082667127380562,17.425184695651968,4.055100303633465,0.34425954914986967,0.9862098486657893,0.229505737047875,0.90096908435195,0.9815058130402214,0.046807732230328254,842.8736292761567,3124.103416316742,741.6870072266985,0.6020887905117807,1.5621510064982198,0.35798040610182497,1.5081741794318404,2.8482235996121386,0.598329536919195,0.08535784585573229,0.16120036683689906,0.033863542473933764,7.9498291015625,12.46337890625,2.941402219995015,5.679711917022537,18.98018712362872,2.608305848531064,38.04838053674081,351.35849692759996,80.43891103815199,2.153416923063125,19.88576971404335,4.5525856779912095,0.6513091563026042,0.9143126088187562,0.09327072203100548,2289.637544494103,4261.393917189363,1322.4150780777995,1.8365370765924394,2.994785085217799,0.6457565331910189,0.01770207218392278,1.0456183206087706,0.001001880796932593,1.0456183206087708,0.48675537109375,1.2245292979060356,0.3132406622424755,1.0549719963721733,1.9129757152867164,1.3144962029363128,0.10826832103220091,1.3144962029363128,-0.01065621470563305,0.9881724968251293,14.666753869938134,1.0174008930407914,0.1179068220022993,1.195829624899805,-0.07411155314873596,0.9508600835636536,-0.004194477412537215,0.9508600835636537,-0.048828125,0.9938579654510556,0.3695226350808207,1.065060101723352,0.4768302842230412,1.0125322097155383,0.02698707248481602,1.0125322097155383,0.005088459692822012,1.007812664145102,-112.02057598426745,0.9510749741793658,-0.010771194810472062,0.994135051806056
Train134.csv,18.45511151058804,1244,0.5755305007034259,1.0486128886350228,0.28585335742879614,0.03118542526135555,0.05681964522584511,0.015489115699181592,3.7639617919921875,9.8388671875,2.332420801758779,6.171615326426887,9.420472397859708,1.4865269050254062,7.997868997238248,24.667937396777827,4.622965472503659,0.4333687711748435,1.3366452639760737,0.2504978346975242,0.8646898051961442,0.9424152792221304,0.068937589255138,1069.8752332659305,2557.7540587080216,578.9617676121829,0.823095650974107,2.1793611817927556,0.40966504987264096,1.5662341969080025,2.8721843698131946,0.5657151510305585,0.08486723019849676,0.15563083258344818,0.03065357533635043,8.486557006835938,18.02978515625,3.212171512315824,5.54240577124917,9.453070829073791,1.400553609563847,14.956047066171331,68.28860935921125,12.31522533812123,0.8104013382737227,3.7002544969740665,0.6673070130763371,0.6267536820238311,0.7276914242603227,0.08789124813663295,2320.076857761942,3454.4619574263306,879.1971363602183,1.5550225850616077,2.5064627937504045,0.5230841702407898,0.6390832428288983,1.457460151114531,0.37810116634628393,0.03462906428185191,0.07897325086756367,0.02048761212466044,4.9640655517578125,15.19775390625,4.2690204493836115,6.9151906119185504,11.430389717793286,2.166775129567827,10.68546491114226,37.12712212492297,9.041567597359427,0.5789975804270708,2.0117527929117336,0.48992213307256977,0.8437112812787717,0.933820167795759,0.09913400439884527,1098.8985770281374,2551.145203496749,568.1596714460107,0.9060949944549114,2.432238090805494,0.5206054517658882,1.655424690761937,2.3911925091041537,0.5323931814722244,0.08970006438661664,0.12956803364381095,0.028848006752317943,9.04083251953125,14.6484375,2.8951721736655958,5.7665303042567135,12.067097301533792,1.4877287898941725,14.472293746364063,53.02804214281197,8.722216799875454,0.7841889082090368,2.873352572938332,0.4726179408274698,0.6172473955237096,0.7186796517078275,0.08132051900413557,2531.8256347689007,4156.608817100176,1048.120108780905,1.680992964706854,2.6136286442753534,0.48038804180624545,-0.06355274212547235,0.9005563941183053,-0.00344363902049636,0.9005563941183051,-1.200103759765625,0.7582417582417582,-0.7435752854916631,0.8924721924208296,-2.687595913904012,0.7484811436607196,-0.14562880925222732,0.7484811436607197,0.020978523917372538,1.0248645767608753,-29.023343762206878,0.9735886965649754,-0.0829993434808044,0.9083988500226347,-0.08919049385393452,0.9461222885271313,-0.004832834188119875,0.9461222885271313,-0.5542755126953125,0.9386919831223629,-0.22412453300754365,0.9611335549832972,0.48375331980726877,1.033426167840796,0.026212430064685988,1.033426167840796,0.00950628650012153,1.0154010961715858,-211.7487770069588,0.9163651816700692,-0.12597037964524627,0.9250619233452806
Train135.csv,9.272061651219875,625,0.24993329978026568,0.4661099954677507,0.08713486907157453,0.026955526093528866,0.050270372760779385,0.009397572228190551,1.07879638671875,2.96630859375,0.5180690344654834,4.2793251905980405,7.275771761354844,1.0283248976015105,4.04136593672251,11.920270001659635,2.219468551006299,0.43586486897342935,1.2856115985910586,0.23937163432409825,0.5546748931214963,0.9697065691321887,0.21167770238297373,359.1527595839403,966.8075193100944,169.88860774739146,0.5624538687446662,1.8806214949083355,0.39783719490710323,1.1790117523406551,2.3104047401029812,0.5571610987426913,0.1271574539396574,0.24917918225867422,0.06009031429049963,5.9375762939453125,15.72265625,3.871305877750212,4.650979477515589,8.833650160561703,1.8863722104674383,19.468354967809425,89.82383029478576,15.200794519350653,2.0996791975868794,9.68757905993519,1.6394190516788432,0.5829008519094732,0.7237760708975122,0.13968427299177286,1946.3187334609129,4660.094141384819,1491.5401147621726,1.6437197898293765,2.983422978126223,0.6631380506422809,0.2676211224163221,0.609035996750494,0.11235199990946527,0.02886317331389968,0.06568506764300541,0.012117261957019421,1.3957977294921875,5.89599609375,1.1559300035243336,4.739264971539351,9.680866361279191,1.704488350706325,5.782470061204826,20.615025171437267,5.125852316287829,0.623644479374666,2.22334858706694,0.552827678363576,0.6232712780111529,0.9611158514539323,0.21900387274194763,438.1635182915391,1087.7091963475264,218.41777742151248,0.5948668178244401,2.3431566920117564,0.46080500785934103,1.3662301339496066,2.722196874080174,0.586207621490318,0.14734912097676345,0.2935913259077639,0.06322300730314857,7.1929931640625,15.00244140625,3.8755281649855426,5.272225533216854,18.54216345078153,3.05682191765392,24.98068642998018,99.821227626607,25.549521022667903,2.6941889915813495,10.765807150718638,2.7555383024557965,0.5290388782658026,0.6727124882338344,0.1901630720116921,2064.4582573307966,4711.798835657187,1510.6034188076503,1.7759848627803225,2.999324036349961,0.5839098417439185,-0.017687822636056394,0.9339072249740418,-0.0019076472203708138,0.9339072249740418,-0.3170013427734375,0.7728887674227931,-0.45993978094131016,0.9029512416580671,-1.741104124482316,0.6988995868454972,-0.1877796104012367,0.6988995868454972,-0.06859638488965658,0.8899413669300688,-79.01075870759882,0.8196774596486882,-0.03241294907977388,0.9455122590325088,-0.18721838160895143,0.8629671700566831,-0.020191667037106037,0.8629671700566832,-1.2554168701171875,0.8254666949512092,-0.6212460557012651,0.8821662594312024,-5.512331462170756,0.7793362693366497,-0.5945097939944701,0.7793362693366498,0.05386197364367051,1.1018109932113702,-118.13952386988376,0.9427745640046846,-0.13226507295094603,0.9255257881286872
Train136.csv,16.941911049108956,1142,0.45582055332094673,1.2866346210152264,0.21626962979447217,0.026904907716707685,0.0759438895225988,0.012765362134624517,3.272247314453125,15.31982421875,3.07094180459166,6.504602429845249,12.732574240740684,2.8915464063294194,10.72007765523663,46.96544056986647,12.40939684877431,0.6327549250000603,2.7721453874789748,0.7324673593671696,0.9168260931158387,0.9808701015310493,0.048167060109603685,758.7724525621825,2802.8985617626395,525.7538857546593,0.7730562353781243,2.375222537442285,0.670429143949521,1.4546461794182892,2.378021225939602,0.3771661386577638,0.08586080845317594,0.14036322225081402,0.022262313712100412,8.254623413085938,17.138671875,2.8757903137115366,5.868533231343275,13.569259035026226,2.1773896058610935,21.25415792162005,167.99798158456412,29.426204793786198,1.2545313134988918,9.916117555899918,1.7368881650062633,0.652470054490575,0.7420027669869771,0.07509590178327338,2398.265929248823,4735.384019792053,1090.48857111796,1.6521939949151265,2.9946603300111496,0.5302633679727676,0.4573440925661254,0.9442550955946236,0.16065891895675846,0.026994834953414478,0.05573486325465543,0.009482927781350155,2.919769287109375,9.326171875,1.84580756578187,6.16948539453366,10.91871010545758,2.3032788954584564,8.147577277142812,23.365465494178242,6.794435045366262,0.48091252831665204,1.3791517041052537,0.401043012542768,0.9293425348410789,0.9873678843174066,0.04578074634162576,825.3633388372754,2032.0846853732337,442.8721869078461,0.7847169155993705,2.347637394208112,0.6282241189387697,1.5768746367562683,2.809538094896384,0.4758217453903027,0.09307536984378173,0.1658335996896967,0.028085482447113192,9.415435791015625,20.44677734375,2.9437022966558675,6.434450881149574,15.839042662775928,2.877775896458547,24.834184560210957,130.8343909811442,28.021596521340914,1.4658431677645414,7.722528503537699,1.653980854941077,0.6360443505933298,0.7212546393341699,0.06841021755743293,2510.127960180799,4432.773546701444,1163.8769250631362,1.7195236125540887,2.9968774827348486,0.458943375119062,-0.0015235392451786733,0.996668724337008,-8.992723670679312e-05,0.996668724337008,0.35247802734375,1.1207211915338384,0.33511703531158954,1.0543184745373597,2.5725003780938174,1.3157380765581324,0.1518423966834082,1.3157380765581326,-0.012516441725240135,0.9865319392409168,-66.59088627509288,0.9193193068535097,-0.011660680221246222,0.9851402716196838,-0.12222845733797905,0.9224868898967068,-0.007214561390605792,0.9224868898967068,-1.1608123779296875,0.8767117737622558,-0.5659176498062983,0.9120488041234076,-3.5800266385909083,0.8558427948414788,-0.21131185426564958,0.8558427948414788,0.016425703897245292,1.0258247775991134,-111.86203093197628,0.9554357257054261,-0.06732961763896217,0.9608440284580017
Train137.csv,12.446815560597562,839,0.39228363682979106,1.791006988870647,0.31254711188874335,0.03151678715892837,0.1438927876894371,0.025110608441741726,1.92413330078125,9.80224609375,1.9055331936379076,4.5771282887052385,8.757484348908127,1.1813060161096753,4.41689931874263,13.49935531604531,2.537726196135291,0.354861795552354,1.0845629751901953,0.20388557890814094,0.8349096460399852,0.9941642182864302,0.12216712739418052,854.4633406337173,4556.137264919169,862.7750032257384,0.5667577374764741,2.035744142156121,0.432675107278302,1.2965367698293233,3.206257035524706,0.6850826062972348,0.10416614302004468,0.2575965731889399,0.05504079360394607,7.2185516357421875,23.74267578125,4.6023144728652206,5.613506613969638,10.027850080185134,1.841379550325213,25.901873405674717,179.01712736497637,33.95407495496042,2.0810040350940326,14.382564479519122,2.727932682030544,0.6018087074959488,0.7214852692396739,0.12174341494102031,2100.174778836105,5233.980021771202,1418.987295141288,1.8062751053113404,2.931640892677957,0.4697417107434234,0.3860265222854339,1.012094059853676,0.23944771266735718,0.031014079095657548,0.08131349379496118,0.01923766858290792,2.2045135498046875,6.53076171875,1.5570720907912774,5.495035920840052,9.371777451233127,1.6385855667772653,6.261047193501842,19.72440968296982,4.192985421143502,0.5030240195188731,1.5846952649809223,0.33687214217402606,0.841692037276309,0.9841733200279122,0.1138905456346753,676.4392727099447,2056.3820805204477,500.0018899811812,0.6355573453749204,2.592033766805242,0.4588122027743709,1.4386736900869723,2.566421023925805,0.614300162352773,0.11558568399144034,0.2061909740231254,0.049354002183292646,7.2399139404296875,12.60986328125,3.6283043599569895,4.9864699978790235,9.979613990536928,1.9178452000209212,20.38427600938921,121.81789311313197,20.06030464379081,1.637710136391752,9.787073048528695,1.6116816824453477,0.606236129205185,0.7015869280001508,0.13213717569677913,2310.2997091507004,5516.333409934459,1594.5653132670714,1.659524358028059,2.8567362280267465,0.47312982614422083,0.0062571145443571785,1.0162090275748736,0.0005027080632708202,1.0162090275748734,-0.2803802490234375,0.8728153659802734,-0.9179076321348134,0.8329569368866858,-1.8441478747592113,0.7054569598719527,-0.14816222396651912,0.7054569598719527,-0.006782391236323848,0.9919419562786035,178.02406792377258,1.2631781966333417,-0.0687996078984463,0.8917491735417504,-0.142136920257649,0.9012028083664639,-0.011419540971395664,0.901202808366464,-0.0213623046875,0.99704937035671,0.6270366160906145,1.1257475962669627,5.517597396285506,1.2706790956786516,0.44329389870228075,1.2706790956786518,-0.004427421709236157,0.9926968692627396,-210.12493031459553,0.9090486271186692,0.1467507472832814,1.0884294024208594
Train138.csv,0.0,0,0.07177591265701735,0.12641251707632348,0.028616882973660593,,,,0.23040771484375,0.35400390625,0.06977455667220261,3.73924013085107,7.810801997706133,1.9045765422305365,18.271659285394986,62.00048067271409,12.798401197381486,,,,0.0,0.0,0.0,0.0,0.0,0.0,1.922455128950257,2.936157762143718,0.7912085457438008,1.3640120864510354,2.2440024915235544,0.3874905325475575,,,,7.6519012451171875,16.95556640625,2.9073068721325246,5.644169825684536,12.783662663682241,1.998957233797175,23.406334332185544,93.33240243249406,22.26237979298899,,,,0.0,0.0,0.0,0.0,0.0,0.0,1.796034175740347,2.9943698740123876,0.6860383091299408,0.05506307763552284,0.13486758811531877,0.024151824373980894,,,,0.2185821533203125,0.37841796875,0.07377174781891045,4.487514367750475,7.810474230268791,1.9695525613036815,15.344635767078474,34.466671578072074,7.078467879074959,,,,0.0,0.0,0.0,0.0,0.0,0.0,1.838368959646031,2.9070793716034027,0.7488708567296126,1.4960624866188892,2.767547203435028,0.5120998813186461,,,,8.08258056640625,12.3779296875,2.9498167726372344,5.513093169613658,11.601903462572906,2.0154047070242873,23.05646639781454,85.29256772165338,20.567235890780836,,,,0.0,0.0,0.0,0.0,0.0,0.0,1.8322295772492831,2.998406429027597,0.6596426730766576,0.016712835021494517,1.3035216289964977,,,0.0118255615234375,1.0541012216404886,-0.7482742368994053,0.8332541858190186,2.9270235183165116,1.1907522317731625,,,0.0,,0.0,,0.08408616930422586,1.0457395501936761,-0.13205040016785374,0.9117347026952808,,,-0.4306793212890625,0.946715121767038,0.13107665607087782,1.023775519846704,0.34986793437100516,1.0151743952579033,,,0.0,,0.0,,-0.036195401508936076,0.9802451603454213
Train139.csv,5.044001538263612,340,0.2528937540059752,0.5930667760990119,0.11848006804893146,0.050137525154885926,0.11757862712769394,0.02348930053850023,1.91497802734375,6.15234375,1.447996373321127,6.805027842555999,11.708665593026627,2.818216157550482,15.745695237568846,48.101948647797954,13.55398501884355,3.121667413882128,9.536465895757232,2.6871492635407646,0.8190588379835275,0.9514831981921631,0.11475893707030302,405.9610175010215,956.2447954658066,225.80770220018383,1.0933551841189042,2.326256520345539,0.583833636257758,1.4016870770802936,2.369018777983006,0.4089749225901553,0.27789188136584553,0.469670510607841,0.0810814428757974,7.354736328125,12.6220703125,2.438595107026785,5.29819237931107,8.420642553939187,1.3025455464081226,22.108240635676403,107.54247046470404,21.318716297700494,4.383075712400976,21.32086393092682,4.226548333892741,0.35722461935149474,0.5037316830130388,0.042613722747431616,2388.8245431926885,4011.5818123823497,1179.0391689841015,1.7345265787752142,2.97937802259066,0.5239706728631434,0.25532167551585333,0.6061608450508382,0.12906241926058218,0.050618873443830745,0.12017459559687366,0.025587307672592756,1.9138336181640625,6.40869140625,1.517855291128469,6.688033674606917,10.57259217347255,2.2515143836659264,13.481139263867114,48.14966648800455,11.753479908931281,2.6727072070854225,9.545926210121653,2.3301895964483377,0.8163673913105791,0.9676325199877722,0.08720605959639512,430.4181859532984,916.6323993002454,229.49104977849566,1.0501006880610024,2.5551644089805925,0.577129841101849,1.4999840957459094,2.7884015253771706,0.5686937753663522,0.29737978554667055,0.5528153598337467,0.11274655073997537,8.050918579101562,12.744140625,3.0593000432865933,5.553319805335029,9.550795939595002,1.3623693525828042,20.623234586172366,79.8068660206088,16.256496850472086,4.08866540379206,15.82213356106195,3.222936537023412,0.3386364460504531,0.37961480283301,0.0237107737403874,2506.5293972927225,4111.593659219425,1297.4374277231273,1.7983567783829337,2.982951839238377,0.5187023412686322,-0.0024279215098781393,0.9904907348544821,-0.00048134828894481896,0.9904907348544818,0.0011444091796875,1.0005979669124976,0.11699416794908224,1.0174930590426428,2.2645559737017322,1.1679795697809694,0.44896020679670556,1.1679795697809694,0.0026914466729484054,1.003296857152302,-24.457168452276903,0.9431781247855299,0.04325449605790177,1.0411908082240862,-0.0982970186656158,0.9344679593974395,-0.019487904180825022,0.9344679593974399,-0.6961822509765625,0.9135276000947643,-0.2551274260239591,0.9540585748764441,1.4850060495040367,1.0720064567611385,0.29441030860891626,1.0720064567611387,0.01858817330104162,1.0548912366575929,-117.70485410003403,0.9530407047181789,-0.06383019960771952,0.9645063758343241
Train140.csv,6.156648936409997,415,0.19850003086193935,0.41816113402808025,0.08391320217759754,0.03224157052191556,0.06792024985460908,0.013629687683073927,1.169586181640625,3.857421875,0.7741332001820397,5.562619187800793,10.985932730031616,1.852233664616037,7.372904374706781,24.39097292315273,5.808108428461804,1.1975515334492979,3.9617287220822677,0.9433879515385474,0.6721551483821627,0.9858123795272214,0.2318400807309754,294.1976654461322,693.8419529347998,155.9938805967669,0.6877214118557101,1.352408891847354,0.3561226288279257,1.3160079450266682,2.9370080911387224,0.6115309971562737,0.2137539363733878,0.47704654292848486,0.09932854763566613,7.0270538330078125,17.00439453125,3.712751057552389,5.34462191789947,11.12073516660611,1.790751576648591,24.22981632597663,200.88455943175853,35.444654465483495,3.935552696968503,32.62888001356405,5.757134251372732,0.49459381446396394,0.7533357101535824,0.1357073349717168,2274.7761965573923,4783.466765809696,1331.9108544981332,1.6938581883493928,2.9403868377231204,0.5658753292774057,0.2027273630445043,0.5866852249137157,0.11093354148225493,0.032928199275029095,0.09529294766899891,0.018018493928767258,1.3416290283203125,3.9306640625,0.9605737215409558,6.21777351595203,14.08758955752585,2.3994890133688793,10.43485320499894,37.54237400043107,9.040251697959787,1.6948917037136775,6.097858492208003,1.4683721276515154,0.7332206552704725,0.9851100057709038,0.1932579130103277,333.2061737832183,1522.3181245208036,276.7528761588194,0.7644119138286192,2.3942142801550603,0.4923012806726149,1.4445672772363385,2.6047787017050092,0.604706530474595,0.23463531738723437,0.4230838445733892,0.09822007665540296,7.704925537109375,12.75634765625,3.35856233445347,5.69224939202853,11.619575618575693,2.189995553233747,24.36496550328426,198.04798734366724,33.083380661416,3.9575044403119257,32.168146891148055,5.373601938834479,0.4955274634727445,0.7677923546131894,0.1200263902458122,2384.43802683142,4517.720918861904,1370.8535804033306,1.8355532300930801,2.809383099853494,0.5140268205905744,-0.0042273321825649635,0.9791476980754841,-0.0006866287531135384,0.979147698075484,-0.1720428466796875,0.8717657094114302,-0.6551543281512364,0.8946320050946849,-3.0619488302921596,0.7065652223238468,-0.4973401702643796,0.7065652223238468,-0.061065506888309806,0.9167160575068855,-39.008508337086084,0.8829298152126535,-0.07669050197290905,0.8996738530816475,-0.1285593322096703,0.9110049533617967,-0.020881381013846567,0.9110049533617967,-0.6778717041015625,0.9120209921774433,-0.3476274741290597,0.9389296831203707,-0.13514917730763187,0.9944531348796938,-0.02195174334342287,0.9944531348796939,-0.0009336490087805682,0.9981158481061021,-109.66183027402758,0.9540093602601395,-0.1416950417436873,0.9228052668695955
Train141.csv,9.464920533565248,638,0.26649513190240803,0.7965714961247695,0.16961880009941,0.02815608762454391,0.0841603997941562,0.017920784384601478,1.348876953125,5.17578125,1.1551699491246081,4.584317661310238,7.857737025754754,1.310922873551334,5.231035761482355,15.567337139775011,3.3362394015306123,0.5526761416465826,1.644740395291106,0.35248467112844495,0.8138606287664893,0.9796665899782679,0.15254793712091866,565.2836579198823,2163.866456047735,488.2028363783058,0.5613374826631563,1.5113361377433499,0.26696247979124527,1.4619530882214327,2.9349851013638903,0.5078419599686884,0.1544601545292366,0.31009083393311276,0.0536551741948323,7.666015625,16.357421875,2.9070952657793043,5.346775501578324,7.211612929287771,1.0682835293237956,15.896951623941785,39.05344303264354,7.152862817940548,1.6795652501853302,4.1261247671493,0.7557234941988684,0.6192277226777634,0.6818106734262646,0.044693811201776505,2420.7726492293978,4997.199676911087,1078.5106252243463,1.7343314409254724,2.8970593204616475,0.4272282859271068,0.2700034556665726,1.0288441221442,0.23178695430184734,0.028526753574852008,0.10870076705827922,0.024489054448990473,1.3782501220703125,6.84814453125,1.4701440901662135,4.628965272547447,8.074891985082026,1.220646318392644,5.013897403982129,16.217708711279638,3.4043003382126162,0.5297347596529153,1.7134542919580908,0.35967553305281513,0.8136556998226181,0.9905923081712598,0.10314485323854197,540.4164906928015,2645.1367106677562,602.5267695270696,0.5867927444649683,1.4291975137049995,0.2627595996724403,1.548012838874016,2.7738760829744815,0.5423564182560818,0.16355265037718286,0.2930691359887855,0.057301740287489446,8.703231811523438,16.83349609375,2.9068205174351283,5.980827242407283,18.1246289050552,2.678638192121487,18.40406853250017,70.23775521143133,12.221331025895475,1.9444504015891322,7.420849965126349,1.2912238388642807,0.6084362084625883,0.6779534230701049,0.049033753878515815,2577.7992663084833,5312.589331302184,1286.7185493244788,1.7847158820092663,2.620802170669241,0.4857576786534951,-0.003508323764164545,0.9870063745832314,-0.00037066595030809876,0.9870063745832311,-0.0293731689453125,0.9786880708552449,-0.04464761123720873,0.990354731865889,0.21713835750022614,1.0433072996922057,0.022941381993667354,1.0433072996922057,0.00020492894387125205,1.000251861990171,24.867167227080813,1.046014819413082,-0.025455261801812012,0.9566196718655376,-0.08605975065258331,0.9444063069172082,-0.009092495847946275,0.9444063069172081,-1.0372161865234375,0.8808240192855578,-0.6340517408289594,0.8939859462361341,-2.507116908558384,0.8637737680594371,-0.264885151403802,0.863773768059437,0.010791514215175102,1.017736476010268,-157.02661707908555,0.9390850097866796,-0.05038444108379392,0.9717689288296857
Train142.csv,0.0890117918517108,6,0.12827308629043072,0.24904970516715053,0.062457547016416294,,,,0.4787445068359375,1.25732421875,0.29135473026984143,3.696200701657666,6.148183336640215,1.2100931585428139,5.366720852149148,16.562266237407687,3.3642238326704694,,,,0.005360361252926108,0.0692396391291533,0.013667771583995143,10.94371730519384,21.095859930307576,4.873206313892237,0.9935545174615346,2.6245165231442127,0.6835078431633071,1.2769743797280415,2.3328772660429253,0.5226091449151621,,,,6.6196441650390625,12.744140625,3.004167246509682,5.451361966555265,19.589468171632106,2.9252162888451183,35.73160943093821,371.8654045899284,75.91555756374126,,,,0.2662075921452747,0.4275477977679948,0.05703025097002423,2843.503738433553,5003.3465040813235,1495.166259018599,1.8088556703194467,2.9894428830185187,0.6612536658517978,0.13403469492093845,0.6513307667033847,0.10823282963282269,,,,0.52642822265625,1.416015625,0.3383565512754914,4.092989795540735,6.556740769399024,1.2645119974428456,7.03305640919927,40.46217238775818,7.188443056458217,,,,0.006308000816589328,0.07891096362167024,0.016897326486392656,12.976323362478443,28.071186912895573,6.1367029615299025,1.101824314094081,2.8923827212847866,0.6822459954646537,1.3662286316765426,2.0060691129537003,0.4737439909377047,,,,7.48748779296875,11.6455078125,2.9130507002517474,5.932686091664978,25.888243140485436,4.037008205622845,48.607166912532655,605.5729486012588,120.36328499369715,,,,0.2844081874220653,0.6963997822953576,0.11788919130485458,2998.945258221139,5308.830262708603,1513.14169861128,1.9108002721433572,2.9972050949120637,0.6259236362297617,-0.005761608630507731,0.9570140504747202,,,-0.0476837158203125,0.9094202898550725,-0.39678909388306893,0.903056417507963,-1.6663355570501226,0.7630709239199975,,,-0.0009476395636632195,0.849771807072213,-2.032606057284603,0.843360403366491,-0.10826979663254654,0.9017358799877584,-0.08925425194850112,0.9346710719720649,,,-0.8678436279296875,0.8840941512125535,-0.48132412510971356,0.9188691062239175,-12.875557481594448,0.735109896349983,,,-0.018200595276790632,0.9360053750851387,-155.441519787586,0.9481679369233341,-0.10194460182391052,0.9466482168177847
Train143.csv,12.75835683207855,860,0.5558541005294315,1.3088129173191798,0.3063082408202793,0.043567844029243505,0.10258475558767957,0.024008439711462166,4.2957305908203125,14.3798828125,3.5436274781680477,7.168090308333936,16.411447045351924,3.5503248057393217,15.070995095786913,62.54341358705093,16.00918113769699,1.1812645855690178,4.902152715293005,1.2547996069090057,0.8875053874081049,0.9799173122159184,0.07756138818517591,950.7779210304313,2147.315769419576,553.5133169352498,0.8742834275069891,1.942166180060343,0.4282283733743407,1.3221834590163242,2.267230037550431,0.4826879107199161,0.10363273863699567,0.17770548883300524,0.037833078120709546,8.27484130859375,18.78662109375,3.100165015657617,6.859661121582565,19.713514134681155,3.2301605262894784,26.3944877487693,163.61392067296694,30.1934295260103,2.068799932167221,12.824058993364234,2.3665609861369026,0.6024023900627269,0.7327541456578431,0.11040766721499042,1907.6004425203787,3824.445722778795,1182.7417325131921,1.837761014431921,2.9956929681466438,0.5716125551176419,0.5408718053024473,1.035584559091299,0.2239994448399037,0.04239353173933215,0.08116911705177517,0.017557076337346055,4.1217803955078125,9.46044921875,2.5484655739455144,7.232238910475879,13.672226206704455,2.62588228106548,10.99319734013263,35.59348084834558,8.928710149738011,0.8616468001970482,2.789817005184578,0.6998322955890688,0.9003823475639632,0.98549928107853,0.06556885578410583,995.1321207226922,2050.6734673460805,481.1597749101936,0.8272355091262473,1.5871962981647478,0.3448330784092455,1.41502349752012,2.086481826997209,0.503972654148271,0.1109095407930826,0.16353844421023975,0.039501376296446275,8.437728881835938,14.27001953125,3.174209182128586,6.347837288372187,16.974465880422716,2.59484456314457,26.27821914837903,190.60127280532842,32.47346446122384,2.0596867993460775,14.939327635522504,2.5452701228402135,0.5878386609028792,0.7194203820040319,0.105107336366498,1984.9198483334653,4129.812732558091,1249.6000152285894,1.8353701119306822,2.987887174513818,0.5656227560332668,0.014982295226984244,1.0277002703415208,0.0011743122899113556,1.027700270341521,0.1739501953125,1.042202683942619,-0.06414860214194373,0.9911301876312432,4.077797755654283,1.3709382838755704,0.3196177853719696,1.3709382838755704,-0.012876960155858264,0.9856983422757036,-44.35419969226086,0.9554288332487453,0.04704791838074174,1.056873668818249,-0.09284003850379574,0.9343897548934691,-0.007276802156086934,0.9343897548934691,-0.1628875732421875,0.9806953298069533,0.5118238332103786,1.0806296396645083,0.11626860039027065,1.0044245235848657,0.009113132821143566,1.004424523584866,0.014563729159847716,1.0247750448013726,-77.31940581308663,0.9610465853933579,0.0023909025012387453,1.0013026813969002
Train144.csv,6.2604960269036605,422,0.1877244240031247,0.3220350885879679,0.059659222247045986,0.029985551176201317,0.05143922896908877,0.009529472104233964,0.8983612060546875,2.03857421875,0.5629551041100264,4.584831124563016,9.854042729930818,2.042339246698609,5.336983009471249,17.36144725637,4.605913646190548,0.8524856475487348,2.7731743909366697,0.7357106571743258,0.6685892855349005,0.9701025638810498,0.23640050922013522,325.3229914827915,690.7894069697102,129.91031486946792,0.7771444321535829,2.61405231605629,0.5475537360840365,1.2669281043216563,2.9072621105969247,0.616955944385944,0.20236864601098684,0.46438207102174445,0.0985474540251534,6.403350830078125,16.455078125,3.622432586616363,5.201433545605173,13.32389652630371,2.2748822374654067,26.911655690097582,187.15309275188267,36.94168668969922,4.298645917903034,29.894291434355488,5.900760344060145,0.5109121127399404,0.7895541862083965,0.1287529095096113,2156.7172110214224,5117.503243588543,1484.7186377943822,1.8470337802116998,2.94365466760309,0.5567095492814632,0.1781587991201513,0.2940942380684445,0.05757656262379622,0.028457617152784262,0.0469761879577294,0.009196805233382226,0.836181640625,2.1484375,0.5007115308103927,4.513311603973106,9.39072371615536,1.8391687314854124,5.059651903116446,19.93809725914832,4.534108635185525,0.8081870639919354,3.1847472106789882,0.7242411169499651,0.6936033556920236,0.9636652783122618,0.22805323053527637,353.5858819734631,709.0497491029756,141.3682657915316,0.692162099499336,1.9923783525163736,0.49360620721775167,1.3764295764321184,2.2113774033854083,0.6006094137813918,0.21985950801934748,0.3532271874117169,0.09593639404934555,6.9568634033203125,12.7197265625,3.720676491327904,4.885356945836792,11.31696503624109,2.0192966491201334,28.140027777896357,176.25072109154303,37.21338465096148,4.4948559438370825,28.152836505945963,5.944159135480934,0.498898437470999,0.7509323675201818,0.14783201709613292,2235.3584173076124,4313.600945192759,1615.8143922081777,1.8059201467720427,2.9969772615551715,0.672830073599053,0.009565624882973384,1.0536915657840862,0.0015279340234170546,1.0536915657840862,0.0621795654296875,1.0743613138686132,0.07151952058991018,1.0158463511641764,0.2773311063548025,1.0548122897909207,0.04429858355679939,1.0548122897909207,-0.02501407015712309,0.9639360594901304,-28.262890490671566,0.9200678196399461,0.08498233265424682,1.1227780785970762,-0.10950147211046213,0.9204452781417964,-0.01749086200836064,0.9204452781417966,-0.5535125732421875,0.9204364752974722,0.3160765997683814,1.0646987729397615,-1.2283720877987747,0.9563478722375802,-0.19621002593404846,0.9563478722375802,0.012013675268941426,1.024080402676426,-78.64120628619003,0.9648194197058968,0.04111363343965713,1.0227660306648358
Train145.csv,4.391248398017733,296,0.15911601627015193,0.3531675574728146,0.07045627339810452,0.03623480200800734,0.0804253199687449,0.016044702328820527,1.01165771484375,3.90625,0.9080492422523812,5.76756911641856,13.289387207210172,2.954562698951367,10.56239862624933,52.02067040624575,12.148109669469347,2.405329343477207,11.846442216689123,2.7664364591520636,0.7484242837363807,0.9098216717145313,0.12957188108020973,246.05068771022624,713.5234829868782,146.1382022027458,0.9631607614956643,2.4174126322959295,0.5910703985881145,1.3630528519780065,2.777758010787303,0.5144297078542359,0.3104021290604527,0.6325668144943064,0.11714885181317827,7.1746826171875,18.0419921875,3.314498411014203,5.213844643070194,6.899289388767361,1.2250557206658048,15.979683936879667,31.723574139994305,6.725838535676445,3.638984290684423,7.224272294483442,1.531646112006002,0.3358173232584938,0.41841348960737057,0.05239336821495694,2342.9693444061622,4044.611917998352,1123.1297847483888,1.739881631261702,2.729012629022965,0.4868706178199713,0.16638430079795485,0.5569227875435913,0.10384570340920529,0.037889976999038115,0.12682561701474085,0.023648332773906072,1.0204315185546875,4.39453125,0.9756029153087348,5.540179253894852,10.528379318464726,1.9542014033505337,7.821539896528172,45.84082099221993,8.585429328551934,1.7811654426242247,10.439131845265935,1.9551226781950002,0.78020251257343,0.981091564292028,0.11377512399608003,287.3610304941045,934.4214049762461,183.237307447962,0.9019302735504124,2.3875235025122254,0.5198763603748682,1.5008944183491857,2.7591208901482522,0.4920324981754244,0.3417921926317603,0.6283226636401976,0.11204843214916614,7.872772216796875,12.7685546875,3.323270290226786,5.034525700974445,7.78513474977779,1.6189392455673508,16.061851151384534,32.4642375825824,6.327799142342889,3.6576958749669153,7.392940375961693,1.4410023229839015,0.3278024248538165,0.3836376124740686,0.06148320431345419,2494.944274087937,4134.245125984756,1201.1673321644237,1.7162171651412281,2.784721735355956,0.49183014564849814,-0.007268284527802926,0.9563162840908349,-0.0016551749910307736,0.9563162840908351,-0.0087738037109375,0.9914018691588785,0.22738986252370808,1.0410437735139795,2.7408587297211575,1.350424438918706,0.6241639008529825,1.350424438918706,-0.03177822883704928,0.9592692559624917,-41.31034278387827,0.8562423627419244,0.06123048794525188,1.0678882722321987,-0.13784156637117917,0.9081603844441041,-0.03139006357130758,0.9081603844441041,-0.698089599609375,0.9113286171140614,0.17931894209574928,1.0356178422251459,-0.0821672145048673,0.9948843247437401,-0.01871158428249231,0.9948843247437401,0.008014898404677284,1.0244503938866576,-151.97492968177494,0.9390868440388987,0.023664466120473904,1.0137887364146754
Train146.csv,11.259991669241417,759,0.5143086515404307,1.3005261786853515,0.3074577496161624,0.045675757731273664,0.11549974608222491,0.02730532656218881,3.989410400390625,11.181640625,3.0286777349071397,6.98758173913742,10.643149729094846,2.095833673748645,12.294354189766157,32.58957147253667,8.021373130250222,1.0918617482950965,2.8942802472545894,0.7123782473269468,0.9017318005319972,0.9695476059437612,0.04931710667118411,986.7316749607019,2884.805969428364,641.4317470810033,1.0670403579583867,2.6646397122126397,0.5170338520742873,1.4262182452672056,3.994870792046279,0.8338198577845475,0.12666246007651705,0.35478452465990257,0.074051551926301,8.354949951171875,24.71923828125,4.6981867895188545,6.542747450237002,14.858011869504466,2.89796146457801,27.38306389309779,114.76669777116904,27.850224094127835,2.4318902444572217,10.192431854516713,2.473378747713061,0.6052584762123675,0.7098418841878729,0.10195928229715055,1983.8465093783307,4911.512176646177,1396.3162627300926,1.6359648832145308,2.971629071012858,0.5769853776975222,0.5419057274252401,1.4856386327378817,0.3301020062405968,0.048126654383372935,0.1319395854258184,0.02931636327425771,4.1271209716796875,13.83056640625,3.1117311938790877,7.036500903431024,12.479237558278331,2.2674003089764287,12.52432479545887,43.94696447589524,9.397933869953922,1.1122854406430154,3.902930460947307,0.834630623717598,0.9045115800162635,0.9762379323748358,0.05639486568280328,994.4412284549333,3121.858481554056,684.7362251008592,1.0431518552038996,2.565669417822793,0.4711574017328526,1.6003843504420916,3.1015941608648263,0.6819851841846517,0.14213015404032792,0.27545261594973985,0.06056711267803246,8.87603759765625,16.95556640625,3.6963574820148826,5.914314398292819,13.86535385541598,2.2443534123648354,24.598189784768863,95.41036823872521,21.999707272167026,2.184565540307015,8.473395988325183,1.9537942760884064,0.5876063954644872,0.7263039774019998,0.10912571093726425,2216.849372987146,5540.37080528596,1489.7828702862842,1.750942677749748,2.9896044500573775,0.5757508309444638,-0.02759707588480942,0.949074028030795,-0.0024508966520992714,0.9490740280307949,-0.1377105712890625,0.9666327756724281,-0.04891916429360421,0.9930477996144715,-0.22997060569271355,0.9816380835335652,-0.020423692347918854,0.9816380835335651,-0.0027797794842663315,0.9969267618616708,-7.709553494231386,0.9922473513027916,0.023888502754487062,1.0229003118149254,-0.17416610517488595,0.8911723267434013,-0.015467693963810869,0.8911723267434012,-0.521087646484375,0.9412927625924016,0.6284330519441825,1.1062562808844896,2.7848741083289283,1.113214595573749,0.24732470415020646,1.1132145955737487,0.017652080747880272,1.0300406545676324,-233.00286360881546,0.8948945893897833,-0.11497779453521728,0.9343337757447417
Train147.csv,10.933615099118477,737,0.2102794583888959,0.40505177514243257,0.062316135460154354,0.01923238164894333,0.037046463724069625,0.005699499652697542,0.856781005859375,1.416015625,0.25515391923677344,4.120925037225121,6.773041753489751,0.8041675210611237,4.806856029335803,37.28911157937809,5.9210650485755965,0.4396401360171675,3.410501580797784,0.541546871267947,0.7396112236535853,0.9889586694160155,0.1751984321181636,336.38798927452365,730.0871083139341,151.2944155666427,0.6479838583144188,2.513217138019546,0.46677097343450097,1.3440470341502837,2.8361961257326933,0.5588988832189012,0.12292796316367927,0.259401497128005,0.051117482932425753,7.222747802734375,15.72265625,3.039237373923891,5.440119163309287,10.73042811174402,1.8058189953225665,19.85361995708469,60.17522045919612,12.068874095630974,1.8158330778157166,5.503689302548043,1.1038319884339105,0.6386708146903923,0.737616769484358,0.06232225466180595,2290.0334773734703,4813.127119115164,1188.7052239438715,1.816827656015223,2.618107284666683,0.40338320452459075,0.19722439454275312,0.3272368809727417,0.05975767215893351,0.018038351702965506,0.0299294312088163,0.0054654998934205645,0.8197784423828125,1.55029296875,0.29457145637517246,4.16408399302312,7.033547055509578,0.8930865100014251,3.5286911347638976,6.637228010294207,0.9823334974953759,0.3227378230141281,0.607047893137315,0.0898452605647858,0.7583140508405012,0.9815862559231782,0.20845865613316147,322.5687041789047,798.8335372248366,148.2525954616506,0.519848163178676,1.2616895978147664,0.25185853630721766,1.4302661963698313,2.42005908629406,0.48252491647275236,0.1308136589228522,0.22134116340799095,0.044132239163207417,7.779693603515625,12.109375,2.8498017046501483,5.528022734709447,11.080378244634312,1.7933763638755549,21.150243661013775,68.07327924942086,12.858821865448398,1.934423653043998,6.226054112231304,1.1760814468844016,0.630949140530063,0.6907332245483843,0.043172998131714414,2318.5415294149534,4967.180795120839,1198.937618931621,1.79688410080698,2.5587181884639314,0.4036945030550688,0.013055063846142773,1.0661939608252304,0.001194029945977823,1.0661939608252302,0.0370025634765625,1.0451372731503024,-0.043158955797999,0.9896354262137096,1.2781648945719053,1.3622206777974142,0.11690231300303938,1.3622206777974142,-0.01870282718691585,0.9753363040468709,13.819285095618966,1.0428413696573442,0.12813569513574286,1.246486770968356,-0.08621916221954762,0.9397181011210493,-0.007885695759172945,0.9397181011210491,-0.55694580078125,0.9284103167598313,-0.08790357140015992,0.9840985510337666,-1.296623703929086,0.9386946209835326,-0.11859057522828143,0.9386946209835327,0.007721674160329317,1.0122381879367366,-28.508052041483097,0.9877043168389239,0.01994355520824298,1.0110989658149272
Train148.csv,0.0,0,0.07144919230011568,0.1261440612559298,0.02835293832190527,,,,0.22125244140625,0.3662109375,0.0840065283721973,3.502411654788868,8.884636741940914,1.8864377406753643,17.1847809468242,55.84417128921254,11.591626483149183,,,,0.0,0.0,0.0,0.0,0.0,0.0,1.8794808822073605,2.9281577212440704,0.9134166954029362,1.2350367292572146,2.2110955380681947,0.47894484705539214,,,,6.403350830078125,12.98828125,3.1331967166670545,5.308220677494143,16.926637587943315,2.7316121916951017,27.93568159651913,272.7707687050957,52.874264572935054,,,,0.0,0.0,0.0,0.0,0.0,0.0,1.6570020620572778,2.7412964854135304,0.602619473877767,0.05368823455776086,0.13576298835609663,0.024955591236064133,,,,0.2063751220703125,0.3662109375,0.0885724732564517,4.337112202180245,9.788805459303433,2.232761987392952,15.072761461519471,69.85468452079273,11.901924121148152,,,,0.0,0.0,0.0,0.0,0.0,0.0,1.6540232636067502,2.9165309651256432,0.8699706291791366,1.352769730032291,2.3650054442845074,0.5752405096365365,,,,7.074737548828125,11.9384765625,3.4455615274506433,5.368798874058039,24.417120735673908,3.8061456519877312,45.45102130639458,625.7336177718613,123.93686954651511,,,,0.0,0.0,0.0,0.0,0.0,0.0,1.6431182669715456,2.9817225637807474,0.5863989247626856,0.017760957742354817,1.330816572544336,,,0.0148773193359375,1.0720887245841035,-0.8347005473913773,0.8075446268206349,2.11201948530473,1.1401216021826315,,,0.0,,0.0,,0.2254576186006103,1.1363086140088376,-0.11773300077507631,0.9129689272598774,,,-0.67138671875,0.9051008303677343,-0.06057819656389629,0.9887166202376085,-17.515339709875448,0.6146326483666675,,,0.0,,0.0,,0.013883795085732231,1.0084496626717696
Train149.csv,5.592907588015829,377,0.279963841825459,0.4999705991445542,0.11355962273843183,0.05005694040526433,0.089393681421782,0.02030421939775316,1.7047882080078125,4.69970703125,1.1036635163675463,5.774458428876,13.784424045060312,2.591191145059263,10.545210049537292,46.39023859288062,10.444049560116724,1.8854611637304686,8.29447614909337,1.8673738830399507,0.8605610251762625,0.9641350057242833,0.09895076841956434,553.9095458622035,1081.570759094844,299.6214123865691,0.8332902734796193,1.9758505348336448,0.4067742170482191,1.210122290805673,3.0060981918358456,0.6481896385920224,0.2163672958585362,0.5374839731443347,0.11589493092661267,7.202911376953125,17.7490234375,2.8103822071051807,7.289750889661,20.993338544503935,3.6521080544691693,42.91415078257643,252.18604828620036,56.450087209878724,7.672959030206485,45.09032990757269,10.093155719368012,0.5146873712379627,0.5937087116398665,0.05684670962078038,1843.9982618956499,4894.663191789256,1287.5513292186417,2.0011001345787522,2.952134954780064,0.5862113075179063,0.3100821810711698,0.5643747928741515,0.10070253246252027,0.05544203550503795,0.10090901449604896,0.018005398958906463,1.7154693603515625,3.22265625,0.6274311968421801,5.756723863714797,10.689946360095762,1.935418294569184,8.685595723911801,27.440793133106048,6.705773320843074,1.552966071265474,4.906355540703847,1.1989780298197366,0.8929467277305939,0.952916790813435,0.05333796566262714,638.2546054388531,1643.6464692343166,277.19130146540635,0.8144022378521827,1.6886205550963753,0.4147534599106426,1.3236435033875469,2.58538891196947,0.5592394731257627,0.2366646476018621,0.46226204729527404,0.0999908302300703,7.720184326171875,12.109375,2.6723135759375585,6.846528462869683,23.446932538304065,4.367882034809342,36.635694325490675,263.4043792829688,54.019323711317035,6.550384348204072,47.09614366727193,9.658540367637512,0.5166629136888177,0.6360510466178522,0.06152679254491675,1928.3918307153483,5144.294737342174,1332.4014757295606,1.953645916442576,2.950990141381829,0.4849254858971685,-0.03011833924571078,0.902869816183349,-0.005385095099773619,0.9028698161833492,-0.01068115234375,0.9937736268623527,0.017734565161203086,1.003080669766529,1.8596143256254916,1.2141032560962857,0.33249509246499453,1.2141032560962857,-0.032385702554331375,0.963731652125946,-84.34505957664965,0.8678504489307125,0.018888035627436572,1.0231925143983516,-0.11352121258187386,0.9142358102530299,-0.020297351743325892,0.91423581025303,-0.51727294921875,0.9329973317521494,0.4432224267913165,1.0647368121223793,6.278456457085753,1.17137539147763,1.122574682002413,1.17137539147763,-0.0019755424508549613,0.9961763416755613,-84.39356881969843,0.9562362962363349,0.04745421813617634,1.0242900812971198
Train150.csv,12.995721610349776,876,0.5834515101241777,1.5116065227635063,0.386511297048735,0.0448956608657666,0.11631570512865286,0.029741426343029533,3.4961700439453125,8.63037109375,2.0746743375711993,6.225265306977642,12.672990710589284,1.6877253712846019,8.591695972563933,27.08785127665558,4.816375029280289,0.6611172684494502,2.0843668469385226,0.37061235795052233,0.9266293514467101,0.9749807379086591,0.04770360922415851,1085.3202530748792,3595.789069413145,778.1572259106509,0.927535881196218,2.1502257771666886,0.35958567111580564,1.4076612987235553,3.0246325922925617,0.6127537664852988,0.1083172863292559,0.2327406421113044,0.04715042264350311,7.4695587158203125,16.44287109375,3.502857494879859,5.304851209329868,9.0459154970562,1.5163314684637668,15.040159162017865,51.93265286559175,9.930939683970038,1.1573162008979865,3.996134606656444,0.7641699308225446,0.6238792934325765,0.7722347084345941,0.12370372837815984,2277.947482392772,5363.871070138619,1412.080753237411,1.4820452012113658,2.8540841362454823,0.520731053139301,0.5765129127872033,1.4510342313197615,0.34581917139230467,0.04436174689430628,0.11165476414669885,0.026610232333454633,3.2352447509765625,7.71484375,1.8300103944862647,5.971623223682253,14.381257137967737,2.2699220230696042,7.494716300648447,36.71908867170729,6.047476904896851,0.5767064365767627,2.8254751658010475,0.46534367895974693,0.9287350911776248,0.9706795084479954,0.03975414334147317,1224.519827101965,3089.6996289042368,852.288353519927,0.9068808245186966,2.1924287363014985,0.4113581037959617,1.6015550517269994,3.087288037062931,0.6021623357305453,0.12323710062021664,0.23756187841113946,0.04633542898079503,8.188247680664062,13.1103515625,3.5170681089314604,5.045176090555474,9.64127890555067,1.9075096748536176,16.7445544540477,97.45492963241877,17.085502217982448,1.2884666935857072,7.4990010215981995,1.3147020789038433,0.6473353523043404,0.7461286342823426,0.06347034874643746,2379.8373308167697,5482.099905642593,1474.3368780788894,1.5676972485367295,2.9633232475954183,0.6002216956370479,0.006938597336974439,1.0120354586741678,0.0005339139714603189,1.012035458674168,0.26092529296875,1.0806508666430845,0.2536420832953885,1.0424745624086755,1.096979671915486,1.1463670708683895,0.0844108318726875,1.1463670708683897,-0.0021057397309146575,0.9977326799095697,-139.19957402708565,0.8863231358560153,0.020655056677521433,1.022775932756637,-0.19389375300344414,0.8789340692382923,-0.014919814290960745,0.8789340692382923,-0.71868896484375,0.9122292103424179,0.2596751187743944,1.051469981248128,-1.7043952920298366,0.8982119651671097,-0.13115049268772072,0.8982119651671099,-0.02345605887176383,0.9637652125930299,-101.88984842399759,0.9571862130639708,-0.08565204732536369,0.9453644207098595
Train151.csv,10.36987375072431,699,0.18849325058749405,0.46097520900295197,0.07503228468689198,0.01817700534438313,0.044453309662593914,0.007235602524249744,0.9967803955078125,3.08837890625,0.7258476807891,4.893538988324622,10.889185398364997,1.9643456631848222,5.806049344019936,30.74352469118634,6.262339870150119,0.5598958563612598,2.964696140976546,0.6038974071128601,0.7036558755406748,0.9819918807060793,0.181741981488165,277.07675428084394,847.7281253530881,177.59877109046843,0.5361250488352278,1.4414856871862032,0.27375927889354884,1.3253613496801289,2.32056756335582,0.5565125225435299,0.12780882212645603,0.22377973147394722,0.053666277519015974,7.2818756103515625,16.90673828125,3.207401793755564,5.915591396315782,14.466324736073696,2.309760217371422,28.792226291378572,225.71715301834567,43.34572500535905,2.776526212709919,21.76662497965126,4.179966511388961,0.6134681265358197,0.692601226485164,0.06061333834746226,2339.532937947585,4286.68276579786,1289.4068848990719,1.8049948681565793,2.9961842155929777,0.5812751943181882,0.18254834419017754,0.5808898692024671,0.0868660066096362,0.017603719059494528,0.05601706280772159,0.00837676607235154,1.0540008544921875,6.26220703125,1.083187503608339,5.107523248186736,10.780368815603032,2.1714306473782035,6.785649923444964,31.624288325424182,7.409571561688703,0.6543618646245335,3.049630987379697,0.7145286181686795,0.744797235621696,0.9810141273113345,0.13525819951161097,261.3500275874782,913.019288035727,162.1627132876486,0.6498186782997795,2.094132162295141,0.3721589326090649,1.533400958581203,2.7371149939828747,0.5324860506707304,0.1478707451451951,0.2639487287674736,0.05134932820503602,8.370590209960938,12.841796875,3.1549585823090225,5.810768647315798,14.389367067644608,2.8569011943167664,30.10035321984929,166.060548507948,38.15217094669828,2.9026730646307874,16.013748334819322,3.6791355289193803,0.5944064476447461,0.6870847924199556,0.10425668762712774,2560.396307119712,4521.738157009902,1386.3548867994539,1.8799899090575098,2.9988384354842585,0.5930967343552976,0.005944906397316513,1.032566202797891,0.0005732862848886015,1.0325662027978912,-0.057220458984375,0.9457111834961998,-0.213984259862114,0.9581041045798309,-0.9796005794250284,0.8556364400644322,-0.09446600826327367,0.8556364400644323,-0.041141360081021205,0.9447616638283038,15.72672669336572,1.0601749570816545,-0.11369362946455164,0.8250379170970804,-0.2080396089010741,0.8643279777954717,-0.020061923018739075,0.8643279777954715,-1.088714599609375,0.8699357426058424,0.10482274899998423,1.018039394676022,-1.3081269284707169,0.9565411435900331,-0.12614685192086839,0.956541143590033,0.019061678891073575,1.032068425513557,-220.86336917212702,0.9137386003260626,-0.07499504090093057,0.9601088066804956
Train152.csv,16.496852089850403,1112,0.3492542400370794,0.7826503696171241,0.14017735684205132,0.02117096268638767,0.047442406912203895,0.00849721850438937,1.816558837890625,3.96728515625,0.8738288316438194,5.177375970473428,8.124659967685526,1.4076443439804949,5.6380208590331025,15.86650288615969,3.871361160603047,0.3417634363407952,0.9617897281094899,0.2346727205601171,0.9038336257676223,0.9705013198103887,0.06291128766208096,699.5554969295747,2535.9036051662256,467.23682560125087,0.48190379767504554,0.9010724142456324,0.20725289333469143,1.3420913406492765,2.2895907583425803,0.4670873006849236,0.0813543901187664,0.13878955487218306,0.028313723014604494,6.6577911376953125,12.95166015625,3.0687239862118654,4.887124670441658,7.630013333518851,1.4974049070246485,17.561888948225555,52.829203490721234,10.054915065017676,1.0645600053012787,3.2023808665426605,0.6095050746805147,0.6632049666276905,0.7369500722742968,0.08690646172393757,2225.65404483342,4080.5652753573804,1244.9218262829143,1.660052800961146,2.976274806945032,0.47446665256920834,0.3215946200089108,0.6220264509179299,0.12435412764222806,0.019494302201252693,0.03770576638076474,0.007538051924387213,1.7124176025390625,3.1494140625,0.60521239094867,5.554697192849034,9.222645829481449,1.560501590512286,5.52305068142898,19.93624442396197,3.5938179010608886,0.3347942171844413,1.208487796058233,0.21784870722529937,0.9029768123507784,0.9713508902180541,0.05090715597551551,599.7994943457661,1975.4962306890639,406.0205185317839,0.6549061443143107,1.6525154695261515,0.3983908457715953,1.457606926653285,2.513116257919631,0.5878894643854949,0.08835667063718596,0.15233913986934586,0.03563646331939841,7.6995849609375,11.6455078125,3.1445473024894457,5.406269204542339,9.473686118812944,1.7687042545700251,18.81769227298933,63.52520551028077,13.099229959491872,1.1406838207979575,3.8507471100722483,0.7940442145050874,0.6331423473216182,0.7212750196749053,0.15225461335315463,2416.4074174370344,4244.62479643022,1300.8821445630624,1.7101885265094818,2.9606102088557176,0.5242239844627338,0.027659620028168574,1.0860077199904719,0.0016766604851349773,1.0860077199904716,0.1041412353515625,1.060815326353308,-0.3773212223756053,0.9320716846885266,0.11497017760412209,1.0208164263258899,0.006969219156353901,1.0208164263258899,0.000856813416843849,1.000948876433065,99.7560025838086,1.1663155829976448,-0.17300234663926517,0.7358364276450646,-0.11551558600400846,0.92074983735894,-0.007002280518419557,0.92074983735894,-1.0417938232421875,0.8646948077685296,-0.5191445341006808,0.9039736064818051,-1.2558033247637752,0.9332647539057518,-0.07612381549667879,0.933264753905752,0.030062619306072236,1.047481612047032,-190.75337260361448,0.9210591015293533,-0.0501357255483359,0.9706840943140558
Train153.csv,4.732460266782624,319,0.26351561516776384,0.629538259971373,0.14507916682002944,0.05568258375403448,0.13302557749721294,0.030656182755161708,1.6941070556640625,6.298828125,1.375783512737351,6.1141928044873035,12.275533431020651,2.454882114698,12.498965359327686,40.78160660871463,11.306791321691026,2.64111363957106,8.617421871444494,2.3891994193916344,0.8344391246157665,0.9744761890247347,0.11696503222760027,479.4706170810897,1431.5316216390474,314.7892502704903,0.9740213848432512,2.603566707602354,0.5539444499854441,1.3968962278216417,2.3404036060692337,0.4208649432512611,0.2951733662988206,0.49454268480533137,0.08893153233748906,7.2788238525390625,12.890625,2.9423997918024267,5.114990160643714,8.379601228779203,1.6104896477287105,21.16962249723015,108.95432938518027,24.088487766252612,4.473280556800612,23.022766857639816,5.090055998004024,0.3401574607266158,0.467654581702346,0.0535698089607587,2348.2245586510476,4306.088581050358,1291.6793716062325,1.6739695499407268,2.979234296643511,0.5878574164472505,0.24195499198812204,0.45809673755581576,0.08544143044422538,0.051126682179756744,0.0967988555067688,0.018054336566530323,1.62811279296875,4.79736328125,1.000705542742021,6.5333806418834275,12.64331720638413,2.6080203206493233,12.505085117916458,43.867367326296126,10.947508223609233,2.64240678483669,9.269463419313496,2.3132805362255957,0.8391499735918253,0.964669562724076,0.09508696043085299,460.923726973096,1071.9861258385527,237.57889073348903,1.0037452547338686,2.1552101871214404,0.4898493420424262,1.4727940345101915,2.52134908701771,0.579155469031684,0.3112110723565513,0.5327776557819589,0.1223793621885862,7.9471588134765625,13.9404296875,3.4286705928122174,5.650157040518297,15.56158226653516,2.280113971098618,25.096483797484883,106.12936816506601,27.491451823634936,5.303052193303843,22.425833959979204,5.809124699175778,0.34708263195778255,0.4868745281956434,0.0676682171200818,2416.4245355570265,4112.432468510188,1363.8368254598713,1.7723511265779464,2.994825887298596,0.5661578658358052,0.021560623179641802,1.0891100572155181,0.0045559015742777376,1.0891100572155181,0.0659942626953125,1.0405342080599813,-0.419187837396124,0.9358390609129914,-0.006119758588772228,0.9995106183979504,-0.00129314526563018,0.9995106183979504,-0.004710848976058779,0.9943861656148366,18.546890107993704,1.0402385232580493,-0.02972386989061737,0.9703870381947676,-0.07589780668854984,0.9484667883559216,-0.016037706057730694,0.9484667883559218,-0.6683349609375,0.9159026544424711,-0.5351668798745832,0.905282830895353,-3.926861300254732,0.843529423008323,-0.8297716365032315,0.8435294230083228,-0.00692517123116676,0.9800474855451451,-68.19997690597893,0.9717764921261,-0.09838157663721958,0.9444909221644051
Train154.csv,15.339698795778162,1034,0.4686826163941368,1.2111973022358768,0.25218993373535914,0.030553573615352148,0.07895834972778124,0.016440344565616088,3.170013427734375,10.77880859375,2.2108241157893995,6.6719532701411355,12.238625590986413,2.5311673268170947,9.433092925908767,27.342996099681606,7.221701757110175,0.6149464244046937,1.7824988915171547,0.47078510818594127,0.9370546064229026,0.9725965530935015,0.0384231841094283,893.8668388792679,3228.7675497327705,660.2618633924908,0.8170495391465113,2.0247731105131046,0.5320763046189223,1.3020487866705226,2.3472324566426765,0.5138051225935546,0.084880987821539,0.1530168543653992,0.033495124606681685,7.1743011474609375,16.259765625,3.6729591300817748,5.329263722681688,8.70505160310542,1.7455586624543078,30.53356775081449,305.02881290237565,51.90525916916589,1.9904933048110456,19.88492844372711,3.383720883975336,0.6307849217261121,0.7916151783889888,0.11732108354259309,2024.4196053065732,4785.154529901503,1402.2347344043599,1.8709797276187645,2.9206135003943765,0.5354718441502845,0.4098054218454442,1.0275962794807298,0.15413907477220545,0.02671534997533538,0.06698933878438004,0.01004837688303424,2.79693603515625,9.4970703125,1.6042198546734532,6.738449363126401,10.85392815746828,2.1841400306896914,8.365976867071392,24.544520405002885,5.962368423860538,0.5453807782310498,1.6000653423363242,0.38868875479494547,0.9325954201227886,0.9763600730257412,0.037641079556590976,693.8623712430028,1928.0440198254043,352.3304673403411,0.7244907067698823,1.8970409447884875,0.43705203845844026,1.3305020844601583,2.787524517875239,0.6497192022195678,0.08673586764469868,0.1817196383701113,0.042355408073487436,7.154083251953125,13.04931640625,3.7466152849167123,5.4554124350440185,8.93200732578146,1.7183035250225578,32.02176576533089,253.5327182505927,45.29598644951239,2.08750942190234,16.52788112895481,2.9528602257808925,0.6178928704692643,0.7511504272699215,0.12626909976454456,2089.094591513968,4724.814118342102,1572.9144626098682,1.8639720582494093,2.975853251654911,0.538114808132882,0.05887719454869256,1.1436710970868944,0.003838223640016767,1.1436710970868942,0.373077392578125,1.1333878887070377,-0.0664960929852656,0.9901318405167308,1.0671160588373745,1.127554268412761,0.06956564617364391,1.1275542684127613,0.004459186300113993,1.0047814799471424,200.00446763626508,1.2882480386967403,0.0925588323766291,1.1277571009700036,-0.02845329778963568,0.978614616149827,-0.001854879823159683,0.978614616149827,0.0202178955078125,1.0028260637730617,-0.1261487123623306,0.9768764114786286,-1.4881980145163993,0.953525423131799,-0.09701611709129443,0.9535254231317989,0.01289205125684778,1.020864541206078,-64.67498620739502,0.9690416190486976,0.007007669369355263,1.003759535631632
Train155.csv,0.0,0,0.07014469231651696,0.12966349735816035,0.030608490011286217,,,,0.201416015625,0.341796875,0.08205767614592745,3.2397550675366213,7.894716622991808,1.7777691628951013,15.578700165426579,80.09081203190091,13.816058506583797,,,,0.0,0.0,0.0,0.0,0.0,0.0,1.7245271704570375,2.907246607178307,0.9713681065267807,1.3142326990642608,3.0750582783495357,0.5942550030684373,,,,6.8935394287109375,17.041015625,3.274428387173129,5.4473579605817815,10.71430450139833,1.8503561351521862,24.617974089277837,138.4774460902095,30.260647013909242,,,,0.0,0.0,0.0,0.0,0.0,0.0,1.9756739997029413,2.9892336083637794,0.6157638484742293,0.05325708755989007,0.12755424794667897,0.0260695222478228,,,,0.205230712890625,0.32958984375,0.0908602913673354,4.389624293961797,13.031551473445488,2.411336872300881,15.971140221356215,91.71186840801097,15.512515641891632,,,,0.0,0.0,0.0,0.0,0.0,0.0,1.6927351240702346,2.9641875917300924,0.9367067514371882,1.4189451705037701,2.542851566948927,0.5029954642137026,,,,7.3795318603515625,12.29248046875,3.39674625897275,5.03823986091345,10.492678232076553,1.7834690140478564,24.41991445556029,135.13391184747937,29.33824065996641,,,,0.0,0.0,0.0,0.0,0.0,0.0,1.9191132548679237,2.9945449652586795,0.6447007238855357,0.016887604756626887,1.3170959121194148,,,-0.003814697265625,0.9814126394052045,-1.1498692264251753,0.738048372839814,-0.3924400559296366,0.9754281754157492,,,0.0,,0.0,,0.031792046386802886,1.01878146553157,-0.10471247143950935,0.9262040044843077,,,-0.485992431640625,0.9341431894546395,0.4091180996683317,1.0812025848237716,0.19805963371754842,1.0081105785230322,,,0.0,,0.0,,0.05656074483501761,1.029472332959792
Train156.csv,2.0176006153054447,136,0.18533598572057597,0.32891894970657165,0.06679964263505657,0.09185960011839009,0.1630248064019234,0.03310845671255099,0.7946014404296875,1.74560546875,0.34401527073211646,4.277608196231727,7.738291241107032,1.2563283177949065,4.628380666536916,15.937005805788962,2.514472023015148,2.2940024063366105,7.898989366325237,1.246268465592474,0.5530394186957202,0.8773406116221742,0.20382998015796389,335.3977803264938,1239.0215622805033,236.3337584857165,0.6509540540555109,1.3612061691851511,0.2673577811465228,1.1490934588065453,2.9801177796868026,0.6935298761005118,0.5695346492708044,1.477060304740065,0.3437399209929951,6.346893310546875,17.7734375,3.833695292323289,5.923609644476893,16.75895984014865,3.3165137966351597,26.265820713917655,107.19177308168466,27.255934467016974,13.018344916563812,53.128340796752234,13.509083145719947,0.33549035067199934,0.5095397046767367,0.10325357250558716,1814.2638765337126,5378.449546474554,1425.3243760327168,1.7545470326924026,2.992920525012859,0.7299801040786349,0.18118226946908678,0.3695744785565528,0.07320515194982,0.08980085954308534,0.18317524080483238,0.03628327201849978,0.878143310546875,1.953125,0.41364477674902,4.792225413883636,7.06686624863669,1.0413809227771278,5.345795182469676,12.644655965741821,2.314189719089572,2.649580467966092,6.2671749155010765,1.1470008987577687,0.5790316724745392,0.9016356653146239,0.196039811772082,344.70352391680586,1453.536857995032,279.13527774506167,0.7371955160904842,1.90803351804227,0.3325989461167516,1.2615824098783757,2.531394586436758,0.6223070428401162,0.6252884739963189,1.2546559349921342,0.3084391619031624,6.4693450927734375,11.669921875,3.652017655802418,5.054805180330382,12.102641430524253,2.088396549388205,23.434165507775656,102.05013720382443,24.761429737628614,11.614868339157379,50.579949485381704,12.272711234220148,0.32938710458580583,0.5059877837531643,0.0998836137846687,1919.1705032892366,5475.762556780223,1505.3122542936126,1.6906936265432004,2.9905465610078537,0.7843791438362832,0.004153716251489192,1.022925622157514,0.0020587405753047516,1.0229256221575138,-0.0835418701171875,0.9048653344917463,-0.5146172176519093,0.8926141462041824,-0.7174145159327594,0.8657983533889667,-0.35557806162948147,0.8657983533889668,-0.025992253778819085,0.9551108255136734,-9.30574359031209,0.9730036308170785,-0.08624146203497329,0.8830141256252731,-0.11248895107183032,0.910835035277105,-0.05575382472551449,0.9108350352771052,-0.1224517822265625,0.9810719971696444,0.8688044641465114,1.171876943453185,2.831655206141999,1.120834480118459,1.4034765774064333,1.120834480118459,0.006103246086193503,1.018529098441386,-104.90662675552403,0.9453375160905578,0.06385340614920221,1.03776757961746
Train157.csv,0.0,0,0.07095945735304315,0.12631434613765777,0.029210787365928845,,,,0.21209716796875,0.37841796875,0.08043857027036866,3.4156151488036697,8.247479328536002,1.9404491140949254,17.71948444738334,85.61803993366358,15.013423212054464,,,,0.0,0.0,0.0,0.0,0.0,0.0,1.8807134535643817,2.9516199948575323,0.9209290629978534,1.2007456055573729,2.0070337908035656,0.48350700943814895,,,,6.731414794921875,12.92724609375,2.675580583656558,6.070558524838188,14.48647348361239,2.351569029864618,29.719020979184712,147.3919263050177,30.02366574497246,,,,0.0,0.0,0.0,0.0,0.0,0.0,2.0343786012346925,2.9904686700602414,0.599895086617696,0.052567920578986405,0.13615415342904275,0.026304312758771625,,,,0.19683837890625,0.35400390625,0.08953412232776245,4.119236353389826,8.877031782049931,1.925454780323675,16.966344462325758,88.73730331575122,16.910893517450237,,,,0.0,0.0,0.0,0.0,0.0,0.0,1.7317867249987695,2.9056374008751686,0.9623495693466966,1.2951556032089355,2.080021881632607,0.5715581019431695,,,,7.1147918701171875,11.865234375,3.2636165085926816,5.990466929604523,15.457659178154351,2.853211729000396,29.536031097507525,138.86854834599544,30.301153697024933,,,,0.0,0.0,0.0,0.0,0.0,0.0,2.0660533402716252,2.9973925102751244,0.5679884741068393,0.01839153677405675,1.3498623603804603,,,0.0152587890625,1.0775193798449612,-0.7036212045861561,0.8291864937521422,0.7531399850575831,1.0443902330717116,,,0.0,,0.0,,0.14892672856561218,1.0859959984770746,-0.09440999765156266,0.9271052857142044,,,-0.3833770751953125,0.9461154897860704,0.08009159523366538,1.0133698418128072,0.18298988167718733,1.0061954797201114,,,0.0,,0.0,,-0.03167473903693274,0.9846689635647217
Train158.csv,9.954485388749658,671,0.45352403406830777,0.9254251753032179,0.19338562466006923,0.04555976691480915,0.0929656470588739,0.0194269836267608,3.0498504638671875,7.38525390625,1.759155368136543,6.389151017225421,11.157762898699731,2.0376876037527927,11.08281471477044,30.811750509257497,8.004961682681806,1.1133488354200605,3.095263020234101,0.8041562541976143,0.9173134276942307,0.9751723342225991,0.05293004094425062,922.346651058926,1853.0999774674992,423.46749531486165,0.9846408153466116,1.9727323763002516,0.4995030904351902,1.473368214559637,2.998138935775607,0.4767206255004663,0.14801048542647977,0.3011847241409424,0.04789003216974385,8.135604858398438,17.73681640625,2.6837186388231284,5.649043308209151,8.426019530058857,1.0661927767583683,14.45555301101507,28.08032135055688,6.445812268891834,1.4521647726111913,2.820871220755685,0.6475284273536379,0.5953044894061046,0.6835831159495899,0.06936903165506109,2432.928111888033,4595.214582626264,1109.4227241567473,1.6290545710013347,2.775453286139737,0.4949328754194048,0.4899022507312552,0.9740526906713721,0.22467788527708601,0.04921422168994613,0.09785063241664156,0.022570517360044756,3.2306671142578125,7.70263671875,1.9955173632939351,6.344788758683547,15.387412457983048,2.2916147100456583,10.510535971961762,65.04906568453983,11.078317146440492,1.0558592997525054,6.5346487682886005,1.1128970221766525,0.9307157431696385,0.9724696843750112,0.03321899150789975,1038.0952797636971,2388.2174102271747,519.4720760954467,1.0081244840324655,2.3344862472001906,0.5149564268625109,1.6720858958993992,2.803043744494728,0.44496606757888113,0.1679731126823647,0.2815860021918026,0.044700057331117496,9.47113037109375,15.56396484375,2.7310397890791225,5.791535416252369,10.645048051556667,1.6540807513469802,16.680082868805663,57.57641666353191,10.088097939332481,1.6756348738687312,5.7839671680671225,1.0134223463458822,0.5976307356384287,0.6850485279713507,0.06354864668705272,2680.5013252680883,4370.843969592531,1146.3772889179972,1.6935069777997418,2.809208968561646,0.5057463049815678,-0.03637821666294744,0.9257439282864137,-0.003654454775136984,0.9257439282864135,-0.180816650390625,0.9440311725115126,0.0443622585418737,1.0069919204924134,0.5722787428086775,1.0544481027737602,0.0574895356675551,1.0544481027737604,-0.013402315475407711,0.9855999905730992,-115.74862870477114,0.888499031870062,-0.02348366868585383,0.9767055864054408,-0.1987176813397622,0.8811558175168543,-0.019962627255884935,0.8811558175168543,-1.3355255126953125,0.8589898501691638,-0.14249210804321777,0.9753964885299066,-2.2245298577905928,0.8666355631871105,-0.22347010125753997,0.8666355631871108,-0.002326246232324136,0.9961075525510932,-247.57321338005522,0.9076392124688487,-0.06445240679840714,0.9619414577894767
Train159.csv,11.764391823067779,793,0.23386182425489413,0.4142891065835655,0.07985910574782372,0.01987878572663099,0.035215514139134825,0.006788205199969191,0.87432861328125,1.55029296875,0.289398532872462,3.8018177402985813,6.186676339831544,0.788715625386432,3.6754305190052676,16.838126464382643,2.481227486322268,0.31241993417784963,1.4312789575204574,0.21090996658722666,0.8685146647675609,0.9870237449522197,0.12363920470345267,357.4385765271809,740.4498842722041,168.24606246850524,0.5849993544149431,2.6046688812288274,0.48155049372275116,1.1382155807280472,2.412347292267117,0.5258594616923384,0.09675090713114626,0.2050549937938104,0.04469924749201451,6.21185302734375,15.6494140625,3.2247763942253393,5.6719052720915,12.743647609441775,2.6214507575515413,37.89202408306514,275.07906144411254,62.6152227889309,3.2209080293267642,23.382344415351227,5.322436019697518,0.6101300524323362,0.73348315785845,0.1288521156377971,1613.609521851071,3979.2359656514777,1260.1284623794058,2.0379891485682755,2.982757876269305,0.7227612922812453,0.21442103762450082,0.40929334787158567,0.06215837663241913,0.018226274749202177,0.034790863312546064,0.005283603059746629,0.9731292724609375,1.91650390625,0.31431971223977384,4.634355475049055,7.2437206077729295,1.2276148165376257,4.009291110533301,12.235254140774373,2.264039847324571,0.3407988420337912,1.040024365457067,0.19244852444349997,0.8827553060891292,0.979861230032395,0.09629925352165485,336.6156791067811,665.654077928099,126.76396797425454,0.5716858782622138,1.5924362252433824,0.2868865421881186,1.3518318346859288,2.1597216239610137,0.48137146903494593,0.11490877344251989,0.18358123874505797,0.04091766716670098,7.5382232666015625,12.75634765625,3.4635649436774116,5.460772605441761,12.417518987333096,2.4253681161502585,38.7943879560551,266.32065264037954,62.35044361239553,3.2976110061198862,22.637859792987715,5.299929188871279,0.5916519191138676,0.7086655190142179,0.1421998022123651,1888.5218418664003,4316.831541549943,1400.9604380365608,1.9628280992498506,2.9971138833682645,0.7769851992722544,0.01944078663039331,1.0906664142929785,0.0016525109774288144,1.0906664142929783,-0.0988006591796875,0.8984711877695022,-0.8325377347504741,0.8203552275536953,-0.33386059152803327,0.9167282738210485,-0.02837890785594155,0.9167282738210487,-0.014240641321568326,0.9838679629300008,20.822897420399784,1.0618595588763242,0.013313476152729264,1.0232880969409268,-0.21361625395788164,0.8419801572378925,-0.01815786631137363,0.8419801572378924,-1.3263702392578125,0.8240473660239866,0.21113266664973906,1.0386635155690866,-0.9023638729899588,0.9767398347922869,-0.07670297679312199,0.9767398347922868,0.018478133318468593,1.0312314263192854,-274.91232001532944,0.8544298964826177,0.07516104931842493,1.038292221997
Train160.csv,10.162179569736983,685,0.4221259029268267,1.2684266199743492,0.24061940508148155,0.04153891397313225,0.1248183631542715,0.02367793281256781,3.1970977783203125,10.791015625,2.6336039748890863,6.793547299926308,14.238270448009787,2.359055785749972,11.928915970215652,53.01725261035251,10.17486494423544,1.1738540820258696,5.217114325379383,1.0012482926926654,0.9071132658153604,0.9828129692772967,0.059853540395448865,792.11216680549,2676.103969432705,526.2525928171733,0.9446934833231901,1.954096032367114,0.45206934707124347,1.4198866372371792,3.104516030766309,0.5878633478024675,0.13972264783291255,0.3054970648237285,0.05784815587722216,7.6297760009765625,17.431640625,3.2654656862667166,5.682810458349168,12.634063913555426,2.151563037503326,18.992002571503747,105.39048326022616,18.486880743849074,1.8688906686969022,10.370854257887698,1.8191846165465417,0.5932699474207757,0.68218338713935,0.06958690101520758,2317.885714295186,5144.540938945572,1302.63205440378,1.6575862763541935,2.5644667621766746,0.4274873751426056,0.4152811087090432,0.914805566722223,0.17014035293981264,0.04086535824910556,0.09002060635166477,0.016742506051210842,2.996826171875,9.75341796875,2.0254293822476828,6.702403015223409,12.325057383625628,2.164067296323966,10.375352219398158,34.01916121779614,6.984790510876276,1.0209770599110455,3.347624491807383,0.6873319313975728,0.9057941063488825,0.981331236858871,0.05240887357531859,815.0949922061403,1969.1029354381376,400.5743626104501,0.894248997787729,1.955353293616606,0.39082656635175106,1.60057280519792,2.871315990332368,0.5687050784671518,0.1575029051803447,0.2825492278136041,0.05596290387947464,8.9874267578125,20.80078125,3.507601005193581,5.97365576155058,15.287886423191326,2.609529195763746,20.785388324818765,119.22997357899575,24.732951488412898,2.0453671559512436,11.732716663860494,2.4338235039722917,0.5760956324801649,0.7660633227483349,0.12794374834217376,2528.66043749017,4337.216550865236,1373.8889313701256,1.6527933929113492,2.526477057984033,0.388765419095079,0.006844794217783501,1.0164823154105456,0.0006735557240266921,1.0164823154105453,0.2002716064453125,1.066827902240326,0.09114428470289937,1.0135987472695809,1.553563750817494,1.1497360010499587,0.15287702211482412,1.1497360010499589,0.0013191594664779815,1.001456356866568,-22.982825400650313,0.971803500671198,0.0504444855354611,1.0564098876937575,-0.18068616796074077,0.8871115594529935,-0.01778025734743216,0.8871115594529934,-1.3576507568359375,0.8489388794567063,-0.29084530320141155,0.951312008121821,-1.7933857533150181,0.9137189199792997,-0.1764764872543414,0.9137189199792998,0.017174314940610724,1.0298115694206413,-210.77472319498384,0.9166456990151715,0.004792883442844342,1.0028998684671662
Train161.csv,0.0,0,0.07010770579908665,0.12744748623547544,0.03066184247619255,,,,0.2178192138671875,0.4150390625,0.10492498018117964,3.3802378360452923,7.818368769671519,1.7876814227768727,15.22815625369346,37.66998832981591,8.705347370359355,,,,0.0,0.0,0.0,0.0,0.0,0.0,1.770715000924186,2.8801116465815633,0.899524224566426,1.3525257362937095,2.6985798147165423,0.5101726426344589,,,,7.375335693359375,16.19873046875,2.9272887224429307,5.445833077680387,9.574751937196034,1.607035852945308,21.283028240100272,64.42786729865561,14.969059573621667,,,,0.0,0.0,0.0,0.0,0.0,0.0,1.9243876683717405,2.994994034930752,0.6170439234534718,0.05257776559541463,0.1351038792748533,0.02749372270570202,,,,0.1983642578125,0.37841796875,0.0922620633412535,4.11789196241976,10.491307899679965,1.8472795988483877,14.38538439172885,39.72575477519392,9.145299018053947,,,,0.0,0.0,0.0,0.0,0.0,0.0,1.7589706877693465,2.93954551756591,0.9458661722369893,1.4569435278851894,2.0503238821912904,0.4492090321788432,,,,8.006668090820312,12.4267578125,2.7691610021816104,5.53666790938252,10.457342154525444,1.7338666147660116,20.507035802725284,67.13049175979312,13.809953156938976,,,,0.0,0.0,0.0,0.0,0.0,0.0,1.9774712171822841,2.9980355077334697,0.5811480850153147,0.017529940203672018,1.3334097599081087,,,0.0194549560546875,1.0980769230769232,-0.7376541263744678,0.8208660807261668,0.842771861964609,1.0585852862193363,,,0.0,,0.0,,0.011744313154839592,1.006676810043795,-0.1044177915914799,0.9283309273194368,,,-0.6313323974609375,0.9211491733765306,-0.09083483170213302,0.983593953405043,0.7759924373749882,1.037840302462039,,,0.0,,0.0,,-0.05308354881054367,0.9731558424975799
Train162.csv,0.0,0,0.07162575898238885,0.12883710451680702,0.0289198570438716,,,,0.23040771484375,0.439453125,0.08243983556665099,3.7251945157982496,11.647436162240535,2.1078390657920996,16.04185906734095,51.41005088748034,9.338218360669506,,,,0.0,0.0,0.0,0.0,0.0,0.0,1.9113887395214573,2.924246495171225,0.8084417656595626,1.420876403988227,2.837027865571339,0.46732498522439836,,,,7.6099395751953125,17.02880859375,2.889423022795748,5.503268634505401,11.211668434669162,1.5006971155756912,27.881769132589493,125.5237323248683,31.8373197147487,,,,0.0,0.0,0.0,0.0,0.0,0.0,1.8849016632587174,2.980263492288064,0.5433125156136187,0.05530686685202022,0.1350142355760093,0.02397549264360296,,,,0.2262115478515625,0.3662109375,0.07714276202367026,4.577147287939004,8.478183866088742,2.025585913916395,16.766135495658954,55.48939734927357,10.17056744182165,,,,0.0,0.0,0.0,0.0,0.0,0.0,1.9496930825122987,2.918233281904674,0.8468636425805567,1.5263604964974582,2.7932832580830613,0.5178531366352641,,,,8.400726318359375,12.39013671875,2.6972246945553735,5.715757308003924,14.760101820876773,1.9280615460937651,28.341015734407065,138.47993878379634,32.210423760604286,,,,0.0,0.0,0.0,0.0,0.0,0.0,1.9421653878568421,2.9986255111425195,0.5552752784688556,0.016318892130368627,1.2950608678309634,,,0.0041961669921875,1.0185497470489038,-0.8519527721407547,0.8138681762796469,-0.724276428318003,0.9568012301638902,,,0.0,,0.0,,-0.0383043429908414,0.9803536549755391,-0.1054840925092313,0.9308917567302837,,,-0.7907867431640625,0.905866860412315,-0.2124886734985223,0.9628240560177443,-0.45924660181757204,0.9837956901008305,,,0.0,,0.0,,-0.05726372459812468,0.9705155261461463
Train163.csv,12.906709818498065,870,0.4608142066270161,1.6312800795606326,0.3503258676014119,0.0357034606888404,0.12639007946259553,0.02714292585235939,2.5299072265625,11.03515625,2.331471067588166,5.073822850062378,7.847644652974183,1.4317171177433605,5.326690476491289,16.55931791064369,3.1897291830207397,0.41270707650504446,1.2830007138543285,0.24713728191588982,0.8887418706031922,0.9904509697614045,0.07085167463501434,944.5546485280122,4435.23217675046,912.7814037559978,0.6188991763245639,1.9774452575748622,0.39792358517534926,1.2712325343666144,2.9115623968471778,0.6590994066941993,0.09849392697623584,0.2255851752918694,0.05106641552826805,6.8393707275390625,17.22412109375,4.432289497152205,5.140887149674717,9.158579071645848,1.9194687765991498,21.746465039915215,89.90342888309124,19.34627430061399,1.684896100224389,6.965634940846076,1.4989315303956599,0.6054090305640459,0.7592367318478261,0.15497452436521228,1960.8675267629765,4267.2255581723475,1467.8406841679,1.6050977624388136,2.9887749356041775,0.6307120040107422,0.4328406189521832,1.1654192551161429,0.2532875133413923,0.03353609285705257,0.0902956114691483,0.019624483458857762,2.6336669921875,7.958984375,1.86280006817306,5.734739673634675,12.253144047359493,2.061809631334239,7.448890656150931,23.920748015496727,5.229283605530468,0.5771331935792873,1.8533575444001382,0.40516008177667323,0.8982846988467202,0.9821277227341317,0.07305560937247382,828.2797606457648,3078.3696637771095,653.6653070715439,0.7200198714002282,2.228141528792255,0.45794968567875904,1.3907578330908943,2.3550794827002877,0.6487445314037673,0.10775463713437192,0.18246939117860672,0.050264129319307856,6.9580078125,12.43896484375,3.8264418813901773,5.053461142367678,16.479981582856958,2.6672763196650346,23.843438546419733,149.7522988146508,29.365488235362147,1.8473676778761234,11.602670310292702,2.275211006392593,0.6217948344078348,0.7578219600737869,0.13446724427675913,2121.119791060063,4681.7392336299,1536.564355488139,1.7469001614591289,2.960957056568563,0.6465731277914324,0.027973587674832934,1.0646279171824289,0.0021673678317878295,1.0646279171824287,-0.103759765625,0.9606025492468134,-0.6609168235722978,0.8847520792250001,-2.122200179659642,0.7150984921617513,-0.16442611707424282,0.7150984921617513,-0.009542828243528034,0.9893766104935554,116.27488788224741,1.1403811772384662,-0.10112069507566424,0.8595584662420301,-0.11952529872427986,0.9140574326598323,-0.009260710158136079,0.9140574326598324,-0.1186370849609375,0.9829495614035088,0.0874260073070392,1.0173002235189006,-2.0969735065045185,0.91205238697338,-0.16247157765173448,0.9120523869733802,-0.01638580384378885,0.9736475716151713,-160.25226429708664,0.9244492154698165,-0.14180239902031522,0.9188262717304506
Train164.csv,18.514452705155847,1248,0.7555630189218068,1.6617761943664267,0.33061281762071343,0.040809362877434655,0.0897556206942947,0.017857012728690887,4.0767669677734375,7.6416015625,1.7454493642912146,5.391185977506323,8.778145819403116,1.1411388585180386,4.735260811626199,8.234180371142928,1.126259175162222,0.25576023699083145,0.44474338519603657,0.060831351220475706,0.9262384085892492,0.9775298431508141,0.06425893005604774,1237.2135723925885,3481.3156873134176,787.144067944146,0.5218887334769774,0.9876243442639159,0.19260768061628258,1.2406135650614165,3.304016162327659,0.6706443248693472,0.06700784434832006,0.17845605349206822,0.036222746388965,7.0568084716796875,18.26171875,4.061403951259694,5.976743741098171,16.596919765215713,2.892796088741892,19.216758707649383,82.73623125372436,15.185010935691096,1.0379328524411613,4.468737616569364,0.8201706622125764,0.592424318744921,0.7528500962429444,0.14401871546464506,1714.031264019286,4654.463784859327,1350.0880613025533,1.4577298074540654,2.2683195975663146,0.4560754024193582,0.8274467904544764,1.5862927156473134,0.29571159010056197,0.04469193897500689,0.08567861772147159,0.01597193256586046,4.21905517578125,9.11865234375,1.6791817269574767,5.155829309254443,8.520957771771917,1.577875614586836,4.702371060497742,9.152821702755126,1.5178378970442286,0.2539838004062761,0.4943609108254265,0.08198124574438788,0.9323151099687779,0.9935710890315066,0.06556154284060611,1616.5000191416489,5640.345135258983,1115.2238794841978,0.5116859983875888,0.9501024304038747,0.165837133815489,1.6225780361006397,4.232663422765431,0.901567762422252,0.08763845531598076,0.22861401793349972,0.04869535042595055,8.271026611328125,18.78662109375,4.785271991089038,5.182816590117119,11.742517185902264,2.347150739030745,16.78823417740521,54.05386531850316,13.12531891323624,0.9067637291125584,2.9195497257907284,0.7089228681105514,0.5693193817007969,0.7911097759499256,0.15587017759718977,1902.5129455823474,4526.878457813696,1447.7772667241431,1.4132084268551202,2.567261675301698,0.5770195994522617,-0.07188377153266967,0.9131258077716545,-0.0038825760975722337,0.9131258077716545,-0.1422882080078125,0.9662748643761302,0.23535666825187995,1.0456486540059475,0.032889751128457156,1.0069942909024656,0.001776436584555341,1.0069942909024658,-0.006076701379528648,0.9934821378367105,-379.28644674906036,0.7653656404220404,0.010202735089388626,1.0199394455223305,-0.38196447103922315,0.7645940826629481,-0.020630610967660695,0.7645940826629479,-1.2142181396484375,0.8531961996125819,0.7939271509810526,1.153184496726154,2.4285245302441716,1.1446563411363806,0.13116912332860287,1.1446563411363806,0.023104937044124085,1.0405834366205835,-188.48168156306133,0.9009301450480443,0.04452138059894528,1.0315037610538602
Train165.csv,0.0,0,0.07157369971929294,0.12819829798043206,0.02802157357115155,,,,0.2223968505859375,0.35400390625,0.07239386900488412,3.7137209132359157,8.44882728911005,2.1015338193002187,17.2239848541744,56.90401414861205,12.263396775218958,,,,0.0,0.0,0.0,0.0,0.0,0.0,1.8622965169127652,2.9380969650847595,0.8111637263137792,1.3919108518202097,2.9815846600222295,0.52685953021586,,,,7.088470458984375,16.97998046875,3.249520886477773,5.145311752690138,9.819933093054729,1.6224405944239455,17.757640535980396,57.141416974462594,11.853055258556758,,,,0.0,0.0,0.0,0.0,0.0,0.0,1.7780169207838041,2.991650485457858,0.6011977275359892,0.05529253459778527,0.13507812314670578,0.024327293045419376,,,,0.217437744140625,0.3662109375,0.0814560695560874,4.3530313913648335,7.614735135913391,1.8917504544122479,14.146885692575829,24.688171028412427,6.058615748973524,,,,0.0,0.0,0.0,0.0,0.0,0.0,1.8138595188744944,2.947288068593209,0.8514330819276681,1.525951633438931,2.7977365653220208,0.5531595766243995,,,,7.8891754150390625,12.2802734375,3.2022381845501453,5.118811978611539,7.35784009713363,1.1378773463564078,18.4581132941262,41.383019775881635,10.58978409514218,,,,0.0,0.0,0.0,0.0,0.0,0.0,1.8585890711064361,2.999454450752551,0.5734858237850083,0.016281165121507665,1.294455033395409,,,0.0049591064453125,1.0228070175438597,-0.6393104781289178,0.853134420441551,3.0770991615985714,1.2175107107293168,,,0.0,,0.0,,0.04843699803827084,1.0267038309936627,-0.13404078161872124,0.9121592200686972,,,-0.8007049560546875,0.8985058749576906,0.026499774078598826,1.005176938357831,-0.7004727581458035,0.9620506848677373,,,0.0,,0.0,,-0.08057215032263199,0.9566487549210291
Train166.csv,8.88634388652913,599,0.1727261788909513,0.22444458597035033,0.03354655101878164,0.01943726026097056,0.025257247394014026,0.0037750678397259745,0.7274627685546875,1.9775390625,0.289914733476373,4.151405762729607,8.810812049443856,1.1308333587114854,4.229820278448257,25.764034990060996,4.150558814841908,0.475991063643201,2.8992840384127914,0.46707159522981867,0.6208810489631816,0.9834959731756593,0.23045583650884338,220.85597545161778,690.2986800397822,127.01929152270397,0.5935808439641321,2.147591983630617,0.4390751959251685,1.3483476484103927,2.971937192853759,0.5908683032144042,0.15173255341314917,0.33443868826176526,0.06649172154029574,7.151031494140625,15.90576171875,3.1841717492263006,5.518118736859634,10.803093324390993,1.7637948811164943,26.270058998192628,102.84951108060305,28.18030507546777,2.956228043123066,11.573883747230775,3.171192273819888,0.6043992325945455,0.6826188362070902,0.07030542087609593,2239.104770860512,4869.929999304332,1297.6885155078455,1.8177967776076909,2.9920751808207178,0.6231310633263706,0.16984023879887766,0.23946891346791097,0.028925790770448465,0.019112499017322485,0.026947968312471406,0.003255083433615176,0.797271728515625,2.3193359375,0.42501069149250353,4.609516452355272,10.468902935668362,1.7694490792174349,5.446965280694794,34.49715563561657,6.685360106241156,0.6129590920909427,3.8820414870407,0.752318410316704,0.6471919546238685,0.9821997338169356,0.22633005539863377,234.69956403321362,448.9678262683965,107.18721875056282,0.672274326245345,2.436492111910689,0.5416403001535138,1.4302882629724305,2.7320907588474053,0.6251343885504504,0.16095351262971203,0.3074482367252297,0.07034776017368584,7.7503204345703125,12.0849609375,2.7536789810048687,6.251244832132306,18.870646977088754,3.2987275225973733,29.246083337443565,125.06262206842868,32.985148008470034,3.291126667039963,14.073574426712428,3.711891912991624,0.594906143036243,0.6511362491616608,0.06503840493328715,2321.8987571911985,4462.312567274461,1361.3669747389413,1.9446639917305393,2.9960831221453748,0.6191139877662919,0.00288594009207363,1.0169920868722466,0.00032476124364807374,1.0169920868722466,-0.0698089599609375,0.9124401913875598,-0.4581106896256646,0.9006163239982387,-1.2171450022465375,0.7765462161911774,-0.1369680284477417,0.7765462161911774,-0.026310905660686834,0.959346055721632,-13.843588581595839,0.9410157038909678,-0.07869348228121287,0.882944388608864,-0.08194061456203783,0.9427104195123935,-0.009220959216562852,0.9427104195123936,-0.5992889404296875,0.9226755918688783,-0.7331260952726719,0.8827231831483712,-2.9760243392509373,0.8982419524380978,-0.3348986239168972,0.8982419524380978,0.009493089558302525,1.0159572895143631,-82.7939863306865,0.9643421203985473,-0.1268672141228484,0.9347613702612191
Train167.csv,14.197380800347872,957,0.28705096371943334,0.7729655665911775,0.13357585448554632,0.020218585931878356,0.05444423710690622,0.009408485717469333,1.5590667724609375,7.70263671875,1.2808669057438837,5.098266618332925,9.96504508308057,1.4130306558072963,5.934150160600229,25.84894968955783,4.775501711880596,0.41797499440564606,1.8206843961616122,0.33636498020561534,0.927117277578482,0.9858901322937829,0.039146798143049964,517.1422911486002,1555.5421730078367,294.3235376230568,0.6339330053109374,1.638774952258653,0.36451189781104654,1.3108766785577504,2.911612500912623,0.6221752417627645,0.09233228980697838,0.2050809611897767,0.043823241097225456,6.8256378173828125,17.32177734375,3.501273518202469,5.598288771313905,23.50138761278613,3.4947930371086136,26.787949233406003,178.96777119396435,33.83281216675073,1.8868233239718153,12.605689296548219,2.383031957973666,0.6242144837836097,0.7254944380451394,0.12808555527621446,2126.6644539401414,5415.168294356919,1360.2232213941236,1.751609261500059,2.727094448593287,0.5406984598607787,0.3212822805510694,0.745391135396004,0.1375862282815554,0.022629686775971887,0.052502017511408865,0.009690958509627647,1.6078948974609375,5.09033203125,1.1670379724459294,4.759785427068323,11.235765205098357,1.783912497811582,5.172730775379782,19.455599699139952,3.65204475594454,0.3643440186694885,1.3703654197021495,0.25723369734895435,0.9385415924631693,0.9925536499561952,0.0280599504565709,642.1248938999038,1549.2434189113753,348.02642269787196,0.5858087840623034,1.7328534403151088,0.3128720546120431,1.4719391092759244,2.550137793567249,0.5438511033760917,0.1036768070093505,0.17962029964743667,0.03830643912592427,7.4962615966796875,12.3291015625,3.277756044666867,5.1120076473880225,12.755865562034359,1.9469934563654074,22.801825997223247,153.1011552958045,29.928796170675756,1.6060586327771487,10.783760571672003,2.1080505335140702,0.6124833505016898,0.7075210484993373,0.1351431195906084,2308.982077245515,5372.28266103014,1443.1161608941688,1.7128809357586565,2.9246148751939187,0.5160973969723275,-0.03423131683163605,0.8934540779126634,-0.0024111008440935305,0.8934540779126635,-0.048828125,0.969632265717675,0.3384811912646022,1.0711126996061,0.7614193852204467,1.1471987269943589,0.05363097573615755,1.1471987269943587,-0.011424314884687314,0.9878275880617026,-124.9826027513036,0.8053609135253581,0.048124221248634025,1.082150050593157,-0.16106243071817405,0.8905780614814944,-0.011344517202372117,0.8905780614814944,-0.670623779296875,0.9105389038725764,0.48628112392588285,1.0951252731741017,3.986123236182756,1.1748159659085275,0.2807646911946666,1.1748159659085278,0.011731133281919881,1.0191533913082058,-182.31762330537367,0.9210398274191594,0.03872832574140239,1.0226100512492708
Train168.csv,9.954485388749658,671,0.4436716211822976,0.9368428470216958,0.22568540843570412,0.04457002083540407,0.09411263470038292,0.02267173034286321,2.7873992919921875,7.666015625,2.026451314478209,5.799575836392634,10.311305523562687,2.1379961727104413,9.419353459132175,32.799517755260105,7.952799883189349,0.9462421301836177,3.2949486060152746,0.7989162244567087,0.9166477029400648,0.9808549221987266,0.052979682801756654,914.2727599142489,2080.9141199749515,519.9197383496175,0.9416702250794212,1.904166166446664,0.5285679792186809,1.3057321692370443,3.0394366458161253,0.6245923162301066,0.13117023314060555,0.3053333775798426,0.06274481219652069,7.6526641845703125,17.4072265625,3.836835613520394,6.147447237141998,16.44504435961128,2.681254237966238,19.792185338636344,103.05751010288401,18.553690261486356,1.9882680586386756,10.352871703378796,1.8638522773317174,0.5691961910120875,0.6811242400046817,0.10772939422419983,1918.0176241254032,5063.519680953156,1308.1710479406227,1.5192369047159375,2.817185997918333,0.47766558158737216,0.4260844176236337,0.866643434260523,0.17607189624221534,0.04280325913232893,0.0870605963458427,0.01768769447802977,2.690887451171875,6.84814453125,1.4499990975931047,6.285642400688213,12.661987357932677,2.362216751809059,9.875051847423862,45.871617423651124,9.003849295177382,0.9920203266945802,4.608135491915456,0.9045017339975541,0.9236280329199457,0.9719112075507742,0.04640202256967881,967.439130619214,2551.9185944579444,519.0880661472709,0.9154270258199033,2.2481325428438232,0.4878778048149744,1.4768077985541415,2.617522323598825,0.49684610980197785,0.1483560164971659,0.26294903466904396,0.049911782518009665,8.300018310546875,13.916015625,2.992448795198162,5.944531550335832,17.436183672895236,2.927517324430236,24.153161863457157,82.38525542536897,18.671573404134225,2.4263596680501966,8.276194319244166,1.87569449097152,0.5760722121414092,0.6854527216074483,0.07785991613461445,2124.197941867345,5276.991950447493,1445.0346535252602,1.6715421188481037,2.8439580393163206,0.46620573751301897,0.01758720355866389,1.04127633593538,0.0017667617030751384,1.0412763359353803,0.0965118408203125,1.0358661752197336,-0.4860665642955784,0.922670344045923,-0.45569838829168674,0.9538535700538558,-0.04577819651096249,0.9538535700538558,-0.0069803299798808505,0.992442487959343,-53.16637070496506,0.9450442213651874,0.026243199259517902,1.0286677130118735,-0.1710756293170972,0.8841585008661332,-0.017185783356560347,0.8841585008661333,-0.6473541259765625,0.9220056990532218,0.20291568680616656,1.0341348489932236,-4.360976524820813,0.819444901273203,-0.43809160941152103,0.8194449012732032,-0.00687602112932173,0.9880639597182412,-206.18031774194174,0.9029373328736529,-0.15230521413216613,0.9088834122605759
Train169.csv,16.200146117011364,1092,0.5207786940287521,0.9261734932282404,0.1982263941908834,0.032146543016787696,0.0571706876307547,0.01223608680805236,3.0101776123046875,8.53271484375,1.6865314163583633,5.574974205955264,10.078283511475393,1.6689711208154692,5.719107373422209,19.572011653492705,3.780854033994235,0.3530281351855659,1.208137970616242,0.23338394645860971,0.9509547387595927,0.9907846315750402,0.04425274042786674,916.8100360278855,2353.6641798378164,465.33898691533045,0.6254159136429895,2.488889741368531,0.47329606982864175,1.3031408140007823,2.192656835070586,0.40706326799549264,0.08044006545301385,0.13534796656976644,0.025127135586020775,7.7564239501953125,15.71044921875,2.983784095597158,6.422502310438196,16.610760146302784,2.9050637602639453,42.62714783692415,640.1697272197362,112.52583143122132,2.6312816890066473,39.516293408459454,6.945976327525885,0.6524363188312381,0.8390368100596965,0.09147346518958901,1890.8234374394729,3597.5658940915127,1096.3032257667492,1.6599494072682681,2.8157304190871235,0.47946223931110055,0.649374982452303,1.4076910741349344,0.30965128921406865,0.04008451391499554,0.08689372700513816,0.019114104711000824,3.4389495849609375,7.373046875,1.712044930052977,5.391609591412441,9.764333582669122,1.3413142314922653,5.34667336520007,10.268224422210231,2.0932659797431707,0.3300385889473961,0.6338352967957387,0.12921278392329344,0.9621977619592634,0.9882558267913215,0.0244351585960198,1286.2344065279976,3448.6293389026155,759.8776433588065,0.6258082094499278,2.2551893396469507,0.41030896172857156,1.5236823951829437,2.5483568069995655,0.51929974867838,0.09405362051537074,0.15730455692147124,0.032055250917340586,8.65936279296875,12.7197265625,2.359655669078102,6.266917852792197,18.256645526239,2.92480101403929,32.34718935648228,250.0776137484595,54.67205790300697,1.9967220741617457,15.436750504729048,3.3747879499430704,0.6378406594972588,0.7976638446892812,0.08390398289900168,2227.3698729867256,4274.856021242757,1260.6791717913661,1.5673214402581919,2.3481646990291747,0.4421940413284575,-0.12859628842355086,0.8019691366336301,-0.007937970898207844,0.8019691366336299,-0.42877197265625,0.8753189129229063,0.18336461454282293,1.0340092529761205,0.3724340082221387,1.0696571461885445,0.02298954623816979,1.0696571461885447,-0.011243023199670743,0.9883152677711728,-369.4243705001121,0.7127861231007501,-0.0003922958069382254,0.9993731373270366,-0.22054158118216138,0.8552575117495653,-0.013613555062356883,0.8552575117495654,-0.9029388427734375,0.895726872246696,0.1555844576459986,1.0248263119607797,10.27995848044187,1.3178006709377919,0.6345596148449015,1.3178006709377916,0.014595659333979327,1.0228829239977952,-336.5464355472527,0.8489041089992069,0.09262796701007625,1.0590995341675522
Train170.csv,13.144074596769297,886,0.30438394459645124,1.584489913399739,0.249395084419832,0.023157502824220598,0.12054784851793167,0.01897395534267062,1.48773193359375,7.70263671875,1.4006064007995334,4.780805041713116,8.436768439598215,1.4271544040462185,4.566991407432904,25.25684726710867,3.9383376695436523,0.3474562909552744,1.9215386432238137,0.29962837174643414,0.7924925757251295,0.987840743246693,0.12472076685283422,474.5644618801972,3412.534225190883,564.9989339712552,0.5395813044282227,2.146628420892599,0.4894745611139216,1.2533890732674173,2.833527094980209,0.6378750415769082,0.09535772671097666,0.21557448370512644,0.04852947515481178,6.899261474609375,15.576171875,3.614696583118299,5.851139163548528,13.551195968647837,2.669799983060263,32.31141061279794,200.03134865345848,41.924360646997684,2.458249181021829,15.218366814703296,3.1896015454220215,0.6702037124516436,0.8011741567686627,0.05592136510392285,1904.8004645650985,4848.918585859688,1318.320246417406,1.9061034365571392,2.9865033695273175,0.6050234158150071,0.27018482317024434,0.6448088077203924,0.09679964875317627,0.02055563677618305,0.049056995452451325,0.007364508474181119,1.132965087890625,3.30810546875,0.47105379516399365,4.216592658871659,6.388559399822738,0.738893983737019,3.4684040045742255,6.047029016181626,0.8322042444865755,0.2638758612513299,0.4600574176342498,0.0633140232398806,0.8001694166253287,0.9737666463163672,0.13224931474076482,416.1325705580972,1248.8900099686807,216.51874782238585,0.4581514959969738,1.124498657304456,0.23631523668162102,1.3116052156812525,2.4245995055646645,0.5695152827179549,0.09978680553164496,0.1844633098902688,0.043328670917459414,6.7974090576171875,12.2314453125,3.541113735549107,4.943967532142586,6.51524535146832,1.3055881796416078,23.60374888573263,107.10911697993677,21.98421266960328,1.7957710687014996,8.148851879329968,1.6725569006590097,0.6336188125296245,0.7248218274201115,0.09949328186135822,1971.6308808880217,5041.945892732144,1445.838139139527,1.9390379161156188,2.9801925359404597,0.6175623230614121,0.0341991214262069,1.1265767670623672,0.0026018660480375475,1.126576767062367,0.354766845703125,1.3131313131313131,0.5642123828414567,1.1338076566761461,1.0985874028586786,1.316741475736342,0.08358042970394453,1.3167414757363423,-0.0076768409001991555,0.990405980607737,58.4318913221,1.140416529385657,0.08142980843124892,1.1777355506698743,-0.058216142413835215,0.9556145845428058,-0.0044290788206683,0.9556145845428059,0.1018524169921875,1.0149840058364668,0.9071716314059426,1.183490612652304,8.707661727065311,1.36891011547444,0.6624781123203294,1.3689101154744403,0.036584899922019076,1.0577396049463235,-66.83041632292316,0.966103991892832,-0.03293447955847961,0.9830150409722489
Train171.csv,2.6555184569093724,179,0.0774621280757029,0.13535418046893782,0.028773717511857113,0.029170246538544962,0.05097090555584762,0.01083544248656642,0.2407073974609375,0.62255859375,0.09637151475514212,3.272315951674045,5.521306978263361,1.0248928517651927,7.379365952980892,25.115649184912172,5.666958903646333,2.7788795569394664,9.457907972570842,2.1340310736314096,0.21560876772090035,0.8775634240128731,0.20361457207933717,35.55753778578203,149.05116447686785,26.76852814114103,1.209085117834455,2.752648143787486,0.7714466876910626,1.1774789495386058,1.9780360108437327,0.4683395229252408,0.44340830939243997,0.7448775231432101,0.17636462729403063,6.15692138671875,15.58837890625,3.2981748137282394,5.204295485921959,11.236234959171158,2.2851770072172872,19.507660384291576,46.12596733779389,12.973797979422093,7.346083524117391,17.36985379174417,4.885598872666718,0.32932765518759866,0.4108584133091732,0.08166451096443857,1751.3221119751497,3690.4778496738786,1181.9651340576238,1.839016462810315,2.9936813900098667,0.6488734798382939,0.06251495253553031,0.14510119672238386,0.023405587098071,0.023541524395310886,0.0546413813637206,0.008813942541868685,0.2346038818359375,0.40283203125,0.07880004915668784,3.9690047303182756,7.526967129665575,1.3546065760194397,7.7250251735210265,20.320960901422378,5.399293072444199,2.909045935426035,7.65235159580587,2.033235001020543,0.2069572412648577,0.4667927333143217,0.1458861451495154,37.566264622236204,70.45117993319153,20.122321518819035,1.2675300025316767,2.5296936462832935,0.7642049961847139,1.3789978811858763,2.357384751730004,0.4886027952766682,0.5192951597070895,0.8877305091201093,0.18399525486459206,7.2681427001953125,12.6953125,3.7388552762305483,4.893810865067221,8.347087219676505,2.0553912434002752,17.715790536861448,43.061982027092895,11.223876242891244,6.671311393361577,16.216035672827,4.226623322345183,0.3070979711931079,0.40079736080147815,0.1017376986835774,2047.5125603029899,4357.597307394983,1368.0352290093053,1.779639226691638,2.9989631840144244,0.7191436622105642,0.01494717554017258,1.239097606795388,0.005628722143234077,1.239097606795388,0.006103515625,1.0260162601626017,-0.6966887786442304,0.8244676371075117,-0.3456592205401341,0.9552546156451444,-0.13016637848656876,0.9552546156451442,0.00865152645604264,1.0418034488823258,-2.008726836454173,0.9465284383035206,-0.058444884697221644,0.9538907287555419,-0.20151893164727053,0.8538656698486199,-0.07588685031464953,0.8538656698486198,-1.1112213134765625,0.8471106912297276,0.31048462085473805,1.0634443441758294,1.791869847430128,1.1011453507367772,0.6747721307558141,1.1011453507367772,0.022229683994490768,1.0723862938857138,-296.19044832784016,0.8553413277796889,0.059377236118676846,1.0333647602436027
Train172.csv,5.652248782583636,381,0.24137921620626945,0.4237870403012645,0.09178930518105885,0.04270498795984265,0.07497671397746791,0.016239431191332324,1.3759613037109375,5.2734375,1.0085412464938284,5.26798855657672,13.756749352062078,1.9981376625473752,7.137732060859571,42.420409771676596,7.1756048133368555,1.26281279105286,7.505050008129026,1.2695132661971922,0.8538803681795126,0.969299794764047,0.07929657424073643,486.29745320194917,1061.7618129778289,231.09376717101443,0.8269325828424996,2.099664451447378,0.45935618552120233,1.4424725362304436,2.8523208602617918,0.46679715599845756,0.25520329902589517,0.5046346985027788,0.08258609519043235,7.7999114990234375,17.71240234375,2.7468015530067604,5.769577992112853,18.750958849454893,2.6165613966712526,18.068095396040334,82.74569998223502,13.702395202437762,3.1966206886918784,14.639429926934685,2.424237808615072,0.5211160396240688,0.5820824455046736,0.04908437019040536,2463.582555743463,4239.509616108672,1036.603434694603,1.7459577294190547,2.983059657723881,0.4981628517204626,0.2878267432267664,0.5779045818892469,0.13400635494467614,0.050922518505139305,0.10224330246572894,0.023708502597690327,1.4148712158203125,4.60205078125,0.8500685458153667,4.973282427737939,10.635143774721525,1.6394870843808433,5.762159563686288,32.31016599282869,5.424482184222088,1.0194454960017545,5.716338263875879,0.9597033663728021,0.8629426788854675,0.9652685098791066,0.09762549811623955,572.8745309586296,1528.9872430095074,359.46604105883546,0.7091064778920538,2.2694660793337094,0.4027649429049305,1.5938131656162053,2.773395121613294,0.45990089776427223,0.2819785941707391,0.4906710989365861,0.0813660041258927,8.454513549804688,13.36669921875,2.840442104110158,5.258095841206289,7.907903650343523,1.3082572460076827,15.655333381888369,34.15153387004662,7.397880302963098,2.7697530636173333,6.042114419180961,1.3088384088397353,0.5045164845946611,0.5684650385334612,0.09062874701493086,2694.3613604696443,4255.892184717423,1120.3390413664324,1.7092021253438134,2.967370464513838,0.49863018535170933,-0.046447527020496926,0.8386267846420966,-0.008217530545296656,0.8386267846420968,-0.038909912109375,0.9724993259638717,0.2947061288387811,1.0592578710581748,1.375572497173283,1.2387251657941374,0.24336729505110544,1.2387251657941374,-0.009062310705954868,0.9894983630689592,-86.57707775668047,0.8488725312821899,0.11782610495044576,1.1661613715625685,-0.15134062938576176,0.9050449371038732,-0.026775295144843947,0.9050449371038732,-0.65460205078125,0.9225736588007039,0.5114821509065646,1.097275166971704,2.4127620141519657,1.1541175748415098,0.4268676250745451,1.1541175748415098,0.016599555029407687,1.0329019081363497,-230.77880472618108,0.9143474932085743,0.036755604075241255,1.0215045391824842
Train173.csv,17.40180530700946,1173,0.4120551168981875,0.9223065012978251,0.16221242713786163,0.023678871796836583,0.05300062177608201,0.009321586138681963,2.5821685791015625,8.85009765625,1.6584667819994843,6.097008753929273,12.34144794112248,1.977937942209774,7.158130527665736,29.015346853081,6.275456574036659,0.41134413363321765,1.667375674028119,0.36062100818407045,0.9077448738633032,0.9793519985163878,0.05654336956219397,635.1290841560359,2135.105291141009,435.85077987445345,0.657665648113452,1.886743071901124,0.4675910337348458,1.205308324055276,2.9124790650339802,0.6192144425787194,0.06926340703109561,0.16736648949065253,0.03558334504117796,6.3922882080078125,17.24853515625,3.6416763045509275,5.722342678419347,19.2301970006202,3.1254836453086536,28.154448609245055,138.04741450418464,31.14218261178746,1.6179038963218617,7.932936386121907,1.7895949335350492,0.6130178654591176,0.7525819821433906,0.15655771336480556,1706.7869067047445,4410.232938269688,1282.1113774610626,1.9044967214058293,2.8697127742764423,0.5470515402004885,0.44366492225760784,0.961654101258821,0.15679595626241347,0.025495338812858644,0.055261743496892585,0.00901032700321362,2.771759033203125,6.79931640625,1.427214625413303,6.222192771105743,10.69778734853087,2.1105765933118725,7.147656591402846,24.640266272824185,5.509116317696513,0.4107422457211244,1.4159603465336477,0.31658303380037456,0.9210562073673432,0.9851550274372959,0.04473794987563052,732.0685996185738,1622.7099357696875,354.8970221419954,0.6846682981517808,1.6328857451573051,0.4014076193380396,1.3003090814695506,2.4575540959689963,0.5358175393356474,0.07472265426080736,0.1412240886857349,0.030790916797570404,6.8355560302734375,12.19482421875,3.558487648192176,5.426658452549617,12.248550606780721,2.4470215906097765,20.58512002581856,73.41419048153888,14.944119528132553,1.1829301421690346,4.218768638445092,0.8587683441161733,0.6120916806733441,0.7349459209172319,0.11770805706914611,1787.0548237035082,4873.631563899853,1368.731905886946,1.6477792373778388,2.6548458326614837,0.46892007742864605,-0.03160980535942032,0.928752976010426,-0.0018164670160220608,0.9287529760104258,-0.1895904541015625,0.9315992292870906,-0.12518401717646999,0.9798810448692955,0.010473936262889616,1.0014653664636726,0.0006018879120932574,1.0014653664636726,-0.013311333504040013,0.9855477511604989,-96.93951546253788,0.8675813776017086,-0.0270026500383288,0.9605609751302627,-0.0950007574142746,0.926939864707467,-0.00545924722971175,0.926939864707467,-0.443267822265625,0.935152631285228,0.29568422586972964,1.0544873476846157,7.569328583426493,1.367708741748058,0.43497375415282713,1.367708741748058,0.0009261847857735539,1.0015131471559207,-80.26791699876367,0.955083685215423,0.25671748402799044,1.1557960424580376
Train174.csv,12.372639067387803,834,0.3675115248651117,1.1358407749411303,0.2746864757201792,0.02970356791816633,0.09180262745520604,0.022201122511058016,1.987457275390625,6.79931640625,1.8522496595643514,4.796104335535311,10.591992370835287,1.567389334131028,5.306078372184199,17.087105487298555,3.629950529630604,0.42885582803188127,1.3810396791042983,0.29338530849077643,0.7970472081479261,0.9700002786538596,0.14624225058976098,641.8558788063134,2815.818381463169,644.3996490282847,0.685359416276552,2.154453005220233,0.47661699848584127,1.34058702525306,2.987547641039107,0.5772707675239209,0.10835093612215861,0.2414640582956776,0.04665704417463447,7.40966796875,16.44287109375,3.1261620745063747,5.886488046870304,11.815962854553383,2.344971890160752,21.05066858044043,50.33193187652743,13.940925115063678,1.7013887227928963,4.068002921801376,1.1267543681775711,0.5985992933971753,0.7307493721176296,0.170056322890577,2190.0256861134417,4923.374713812881,1452.5715131707802,1.7755715322836498,2.9827861935824935,0.62611382514972,0.3427927067923715,1.3490582788722574,0.2856974723342785,0.027705706513003796,0.1090356124933886,0.023091069801537252,1.7902374267578125,7.36083984375,1.8732787451534236,4.5589727069902555,8.594222955534352,1.3530423940646386,5.386412886120069,19.072597183264165,4.243592685232256,0.4353487446601225,1.5415140682100978,0.34298201556834007,0.8027106262174086,0.9791147184259035,0.1372339488384749,582.0924683223292,2114.8030168487753,564.5806478945117,0.598458674781002,2.0203607387046696,0.39591089725946765,1.4043612904544451,2.1859220160644184,0.5715741103082564,0.11350539547832648,0.17667386918496164,0.04619662039724651,7.6953887939453125,12.40234375,3.2601428356150066,5.612231210147722,9.645210028666654,1.7109398595873433,19.78166262182961,48.090306624616666,12.205195086066675,1.5988232190471594,3.886826922105457,0.9864665912899309,0.5918140730090772,0.7018472308060518,0.15314296376010306,2216.9473939432883,4122.521413250342,1492.6852032468887,1.7213637255244694,2.9971245678094682,0.5938772717280362,0.02471881807274018,1.0721101049787278,0.0019978614051625355,1.072110104978728,0.1972198486328125,1.110164074152994,0.23713162854505576,1.0520142680787412,-0.08033451393586954,0.9850857118393432,-0.006492916628241252,0.9850857118393432,-0.005663418069482562,0.9929446329916297,59.76341048398422,1.1026699600773577,0.08690074149554994,1.145207589358363,-0.06377426520138507,0.9545884199209536,-0.005154459356167873,0.9545884199209534,-0.2857208251953125,0.9628711644277004,0.27425683672258216,1.0488677010003946,1.269005958610819,1.0641506218597843,0.10256550374573692,1.064150621859784,0.006785220388098145,1.0114651217291923,-26.921707829846582,0.9878564065600308,0.054207806759180466,1.0314911984930228
Train175.csv,15.057828121581078,1015,0.4202597787488103,1.2923697210521936,0.20413319699964141,0.027909720801400865,0.08582710007162003,0.013556616223230426,2.9571533203125,9.08203125,1.9099567129687396,6.8720984118593424,13.455645781206377,2.639210687440477,9.801492994291124,32.04733624788737,8.057820701968934,0.6509234210372938,2.1282841050600587,0.5351250284508401,0.9311887345287273,0.9854917092740402,0.044703094734956206,709.3717067666016,2300.3543020016273,400.19912009311696,0.8254098876484304,2.373102529631801,0.5149547854987437,1.2605604395393653,2.94314150899379,0.5921154885263387,0.08371462533382976,0.19545591072165586,0.03932276844611547,6.911468505859375,16.44287109375,3.4762501274907107,5.642032670239993,12.157230816808593,1.958385039272762,22.017334885967923,78.76578699637035,17.724865840466915,1.4621852971221254,5.230886311119608,1.1771196813611786,0.6111653343022243,0.731152796278083,0.1340982969544749,2010.9713573311801,5325.985500076326,1423.3896122232509,1.7822746441100938,2.6364299845021497,0.48417749855924497,0.3685515692698419,0.573872130740568,0.10185648578465913,0.0244757455254539,0.03811121538292012,0.006764354391764976,2.4776458740234375,4.13818359375,0.9575445607399476,6.678015413189188,11.699473076999064,2.2476742837126857,7.832242116542288,20.502336246790957,4.86480808914223,0.5201442102607756,1.361573268153243,0.3230750178486845,0.928540950281021,0.9729113200569885,0.03806916259994675,579.3356477969498,1187.6554047079444,220.10817109831126,0.6928563259856351,2.3137228181107035,0.41278730541694375,1.3991462785796607,2.5700419727100408,0.5248374763859935,0.09291819957583297,0.17067813179688396,0.034854792613404156,7.2967529296875,13.07373046875,3.6163252818351017,4.984376004651139,9.033848979075525,2.017331888049776,19.995192377906417,68.03319169112365,13.198290648889726,1.3278935193349062,4.518127789864833,0.8765069266512453,0.6070596754153209,0.73933043637026,0.14134882268733046,2120.2684926371257,5334.604913058862,1506.6427668787367,1.759244067135386,2.6514538819870004,0.5182442717953962,0.051708209478968425,1.1403011512918273,0.0034339752759469655,1.140301151291827,0.4795074462890625,1.1935334872979215,0.19408299867015444,1.0290629755491185,1.969250877748836,1.2514287541736777,0.13077921077651822,1.2514287541736775,0.0026477842477062863,1.002851553554967,130.03605896965178,1.2244572027703495,0.1325535616627953,1.1913146444527716,-0.13858583904029542,0.9009497140063293,-0.009203574242003215,0.9009497140063294,-0.385284423828125,0.9471978251777499,0.6576566655888536,1.1319436304514678,2.0221425080615063,1.101131435489256,0.13429177778721924,1.101131435489256,0.004105658886903396,1.0067631882880288,-109.29713530594563,0.9484512760126879,0.023030576974707895,1.013091177855844
Train176.csv,8.708320302825706,587,0.27473869957940866,0.8136560578624212,0.16289071802830818,0.031548988786076294,0.09343432827090699,0.01870518221240126,1.5552520751953125,5.76171875,1.3391058316635234,5.146937818548901,12.265535249048524,2.0705922071927043,5.9396841814478325,22.86422439026252,4.892467757090176,0.6820700175119307,2.625560796476843,0.5618153199420848,0.6412909758407179,0.9865885241594218,0.22802365985318615,385.2252074949898,1046.4765942826575,260.7412973367249,0.6484494539789123,1.7173277777526048,0.4015170088619061,1.2969162548790907,2.9199898574723173,0.6311108499079516,0.14892840522394,0.33531034182617614,0.07247216776157929,7.2765350341796875,16.44287109375,3.0104865526065447,6.3949680997575795,13.385618382068092,2.636665701794071,27.653989572620624,97.68998509852013,25.83352191963478,3.1755825016734125,11.218005505243225,2.9665332717782817,0.6079023817087053,0.6992390897257866,0.06727628842833094,2203.479185638019,5371.162515718901,1422.0624022171003,1.944659111180425,2.9931236855644454,0.6133543168562627,0.32934228358257,1.5887694372718386,0.3237660181490015,0.037819266187958646,0.1824426964125687,0.03717892852929913,1.944732666015625,9.38720703125,2.1361921851951142,5.49469939580638,14.982566516362228,2.556718957824748,7.520644483244238,35.55139459268665,6.880820299715711,0.8636159697529631,4.082462904028784,0.790143226298532,0.6762824692083619,0.9832704573130447,0.21845040279512318,522.3858472778336,2631.7989957394066,586.2480919187535,0.7096209807530944,1.9388180337421432,0.38040235217679824,1.4421231859407617,2.5022268063709636,0.622188786422067,0.16560291029635377,0.28733747948603044,0.07144762305311358,8.270645141601562,18.3837890625,3.549639062251207,6.396494846652798,14.938208545516474,2.95770221302954,31.286443557623436,115.69162132164533,30.967573551977672,3.59270702841184,13.285182135997605,3.556090322255281,0.6077119555347203,0.7357305453481715,0.060626736700319955,2298.5055618989063,5515.927753686719,1491.628108615156,1.9044245663472346,2.9509239557074327,0.5912191135563993,-0.05460358400316134,0.8342041495273972,-0.0062702774018823515,0.8342041495273973,-0.3894805908203125,0.7997253825029423,-0.34776157725747936,0.9367096264587477,-1.5809603017964058,0.7897839333691765,-0.18154595224103232,0.7897839333691763,-0.034991493367643955,0.9482590559997747,-137.16063978284382,0.7374342346799947,-0.06117152677418214,0.913796902243134,-0.14520693106167104,0.8993103137947637,-0.016674505072413776,0.8993103137947636,-0.994110107421875,0.8798025921313593,-0.0015267468952187002,0.9997613150746119,-3.6324539850028117,0.8838968712339403,-0.41712452673842737,0.8838968712339403,0.00019042617398490336,1.0003133493956315,-95.02637626088745,0.9586573215936091,0.040234544833190444,1.0211268776638194
Train177.csv,15.6660753659011,1056,0.5784968810173599,1.4714153535886763,0.38628232600918694,0.036926726541640455,0.09392367387631557,0.024657249310186008,3.8639068603515625,12.70751953125,3.412366068561001,6.132380101105287,11.465817757791742,2.29628385812721,7.693087043018025,25.538622013211977,5.757157146332034,0.49106664326171046,1.6301863368281464,0.36749198582710163,0.9299111670427225,0.977762930611532,0.07609607917572188,1136.8088590293614,3465.738614255471,981.2635465591378,0.7105797693711097,1.6685314227511086,0.38828919736194306,1.2871854063441335,2.926001946614368,0.6400212916621328,0.08216387169602357,0.1867731310027479,0.040853964806987206,7.4787139892578125,25.45166015625,4.524056349242741,6.052881645014125,11.580255963278134,2.3826520711137773,27.44269903700296,148.11942864016342,31.37868321474388,1.7517277554233492,9.4547884636481,2.00297027059138,0.6176175046675926,0.7321497414191787,0.1559963499359444,2027.3791464014485,5310.798158734141,1432.9923420498,1.701146741126354,2.9847366859769995,0.5970715132360019,0.5182161803074211,1.2941376568328138,0.30643361525930923,0.03307887701315254,0.08260764911482832,0.019560330721138684,3.8051605224609375,12.79296875,3.541008697276537,6.423012126911866,12.905758616523434,2.693285490751867,8.854044771810848,28.79076514190872,7.530174907573381,0.5651731250497256,1.8377777758285856,0.4806676038316282,0.9281804265337599,0.9746399297694331,0.040465977817722286,870.8562122168355,2354.3302201667234,586.4680004813661,0.7565549803863119,2.010686227662831,0.43370766286098617,1.4597731913239862,2.5024733110580484,0.6761552024721215,0.09318052908779817,0.15973836794535987,0.04316047169949444,8.485794067382812,26.91650390625,5.134217800546988,5.9527693270969735,12.371875624467856,2.415444800039976,28.70634941031106,143.89534901057058,35.1592474214977,1.8323893342676956,9.185156183007667,2.244291987642648,0.6109064454320825,0.8132400592821388,0.14620852350384198,2257.518194486633,5435.044127476902,1566.9637615441925,1.7134012369185114,2.989707333093324,0.5631642554700634,0.06028070070993874,1.1163234630655077,0.0038478495284879136,1.1163234630655074,0.058746337890625,1.015438596491228,-0.29063202580657865,0.9547514437052274,-1.1609577287928232,0.868878263131328,-0.07410648178801515,0.868878263131328,0.0017307405089626027,1.0018646595634708,265.9526468125259,1.3053921452033073,-0.04597521101520219,0.9392308395197844,-0.17258778497985272,0.8817708216553019,-0.011016657391774598,0.8817708216553021,-1.007080078125,0.8813216453135536,0.10011231791715147,1.0168177721017075,-1.2636503733080993,0.9559801089561668,-0.08066157884434633,0.9559801089561666,0.006711059235510075,1.0109854123911943,-230.13904808518464,0.8980566142734814,-0.012254495792157538,0.9928478540063408
Train178.csv,0.0,0,0.07087655191786518,0.12878591527266522,0.02901005850485932,,,,0.215911865234375,0.4638671875,0.09686326890334546,3.510206474007222,8.668008591076468,2.1729913046203833,14.651709211470964,79.3681014696688,13.43274974922979,,,,0.0,0.0,0.0,0.0,0.0,0.0,1.6226211564636701,2.8397953426551266,0.9061535802640506,1.2560944439816084,2.9588115503180665,0.6589530628181398,,,,6.687164306640625,16.97998046875,3.492574408852081,5.504362036117443,13.314094370311164,2.3146512711471474,30.402178749324943,169.55354397297333,39.32995621401262,,,,0.0,0.0,0.0,0.0,0.0,0.0,1.9209745364249324,2.9961445693281648,0.7708666944425712,0.05299865646388903,0.12667381665896893,0.02590921051337877,,,,0.2033233642578125,0.3173828125,0.08720818456888876,4.2105972626385935,7.462562464605689,1.7469470485590077,15.976232781425965,71.81350495652639,13.880521412605043,,,,0.0,0.0,0.0,0.0,0.0,0.0,1.7248117411109267,2.957944268435731,0.9911866904482812,1.3628245282781888,2.4853813244549667,0.5148148978525902,,,,7.4573516845703125,12.3291015625,3.1624477872415606,5.916762054018145,18.666931919258428,3.270617514254705,31.780878097216842,208.78200373374918,44.67487933013807,,,,0.0,0.0,0.0,0.0,0.0,0.0,2.0357505618037783,2.9985393938615807,0.6887221327875487,0.017877895453976153,1.3373273333099938,,,0.0125885009765625,1.0619136960600375,-0.7003907886313714,0.8336599905086939,-1.3245235699550015,0.9170941242484337,,,0.0,,0.0,,-0.10219058464725661,0.9407526153657575,-0.10673008429658037,0.921684646789103,,,-0.7701873779296875,0.8967210599007622,-0.41240001790070213,0.9302997122183346,-1.3786993478918994,0.9566185885841638,,,0.0,,0.0,,-0.1147760253788459,0.9436197992365289
Train179.csv,13.381439375040523,902,0.8034242850066127,1.8533043776180975,0.35778792701049167,0.06004019915116042,0.13849813354719812,0.026737626422898033,4.1259765625,10.05859375,1.9461985795291166,5.194706773140707,9.72171547767114,1.4281107623402558,6.2384497005628,20.308032340527063,3.877017167803347,0.4662016936831885,1.5176268988227257,0.2897309518910858,0.9462869932046687,0.988789755476729,0.04059925893251888,1424.5334839317427,4422.279532871031,965.2544681718362,0.6293285086159519,1.3646106474014965,0.3086790616613587,1.4435172184793577,2.6664599205626542,0.5355680502156708,0.1078745849397824,0.19926555326598258,0.04002320192957934,8.785247802734375,18.54248046875,3.433799102678045,6.455630412944716,17.84856813600636,2.5956256978834538,16.722370800593453,86.59185290650146,14.497930405212651,1.2496690626409395,6.471041752654447,1.0834357948259765,0.6208074760031151,0.7391147956458805,0.09531251470790088,1984.4990820410242,3950.443216272345,1086.2918209493002,1.3735489134884096,2.5425203525702758,0.47326635269071476,0.9439617654061023,1.8026209554815342,0.4076326509719619,0.07054261794637796,0.134710542338505,0.03046254140136008,4.5162200927734375,8.82568359375,2.004341664645099,4.889226003496033,7.886026296588674,1.1507092106858792,5.324185639205597,17.947159466780157,3.43130803395357,0.3978783963357808,1.3411979805592331,0.2564229405958938,0.9497379153634566,0.9917893022437544,0.048025240419103346,1702.190472364946,4146.181669037324,991.7587339050626,0.58962642861748,1.4290020620213255,0.2290902803143765,1.6613218838406971,3.144922326926219,0.6324095873305207,0.12415120954323094,0.23502122894135186,0.0472602064401316,9.848785400390625,22.42431640625,3.7193234174624137,6.160197827069551,10.847310499918693,2.0437129527277285,15.066089706521538,46.44751471747347,8.618507379858789,1.1258945532140043,3.47104025327117,0.6440642996847034,0.6011561877918312,0.7253181863872903,0.09564181899874055,2033.795875732786,4032.938593119495,1078.5136016789613,1.4269068330509458,2.618823778343665,0.4994464702257254,-0.14053748039948966,0.8511195203557541,-0.010502418795217544,0.851119520355754,-0.3902435302734375,0.9135906748880818,0.3054807696446744,1.062480394529981,0.9142640613572031,1.1717190427442754,0.06832329734740766,1.1717190427442754,-0.00345092215878795,0.9963664479400433,-277.6569884332032,0.8368825387399571,0.03970207999847186,1.0673342951935905,-0.21780466536133947,0.8688967698072985,-0.016276624603448545,0.8688967698072984,-1.06353759765625,0.8920133240374932,0.2954325858751652,1.0479582951990527,1.6562810940719146,1.1099343709174234,0.12377450942693513,1.1099343709174234,0.019651288211283924,1.032689155680934,-49.29679369176188,0.9757611890750836,-0.053357919562536216,0.9626058840516947
Train180.csv,18.54412330243975,1250,0.5538698138252272,1.2700040611724048,0.2920220822441632,0.029867673159418507,0.06848552721849716,0.015747419140906136,3.7567138671875,13.90380859375,2.865826452614334,6.34478453638453,10.947845773748702,1.81001974621199,9.309845683206218,34.193680020992424,7.438240551806093,0.502037520532522,1.8439092246811013,0.40111039117322334,0.8745438658456954,0.960166309058233,0.06647379772414919,1061.9318216187926,5202.761752071713,902.5271920925206,0.8012914555496796,2.16327728472036,0.48353351095567865,1.4004784680429423,3.7995556132326165,0.7312139745166926,0.07552141695793668,0.20489270650679559,0.03943103497486401,8.608627319335938,20.42236328125,4.664592334206239,6.493895686197825,14.372316619165705,2.412179601703822,26.48881409991019,212.13538356062847,36.35792450896528,1.4284209432766874,11.439493800859216,1.9606170599707924,0.6172679671494823,0.8644288477860236,0.13352408129814158,1871.697401839865,5438.606168634611,1262.7354050546587,1.7828830854189577,2.973384939612128,0.5585827453782728,0.5696445798985736,1.0653921972124574,0.26467369334134017,0.03071833435359161,0.057451742519005436,0.014272645248563382,4.035186767578125,8.94775390625,2.6172411925587227,6.540048783175809,11.082169923292005,2.2369598101562045,8.87508167652267,22.416990100950628,5.9138433220352375,0.47859268037519054,1.2088460443962505,0.3189066005216426,0.8826944198624873,0.9535279440837426,0.05113161262388119,1048.6569605551836,2112.7432900897675,560.0486300031706,0.7818735835113819,1.72559416533726,0.3970356525375053,1.4693721333574004,2.8728056235196364,0.67057707553643,0.07923653814165929,0.15491730596623443,0.03616116354490621,8.783721923828125,19.86083984375,4.577205319739905,6.044231702039831,11.05182531668726,1.9671099718744083,20.836089272278436,74.08771392363457,13.914095859413852,1.123595272338226,3.9952125379735395,0.7503237350445814,0.5717843112451413,0.9101328170645114,0.13127418129188467,1902.0354785767615,5444.171141156447,1360.0876885501264,1.78678058980018,2.99371846610762,0.556949818782401,-0.01577476607334649,0.97230770443536,-0.0008506611941731038,0.9723077044353596,-0.278472900390625,0.9309888447721687,-0.19526424679127885,0.9701433042374862,0.4347640066835474,1.0489870428836314,0.023444840157331504,1.0489870428836312,-0.008150554016791878,0.990766278982412,13.274861063609023,1.0126589166552435,0.0194178720382977,1.0248350531950348,-0.06889366531445806,0.9531135348558425,-0.0037151211837226084,0.9531135348558426,-0.1750946044921875,0.9800660123338835,0.44966398415799436,1.0743955570078891,5.652724827631754,1.2712949034612016,0.30482567093846136,1.2712949034612013,0.045483655904341,1.0795468763479954,-30.338076736896483,0.9840496788421647,-0.003897504381222383,0.997818700066773
Train181.csv,0.0,0,0.07052683002127663,0.12295898447195044,0.028803977363306553,,,,0.1983642578125,0.37841796875,0.07038917599286375,3.231603366001301,7.591834142973885,1.7703808585502672,15.052903173190458,38.52355783492551,8.996015822245818,,,,0.0,0.0,0.0,0.0,0.0,0.0,1.6810678161319177,2.644056725259223,0.8112359839954434,1.1714853189719934,2.296753902876073,0.49249724201993444,,,,6.0977935791015625,9.43603515625,2.6746824618470897,5.2135437293001345,10.927606350323453,1.7903788919070736,19.57657553908018,76.77849189363641,13.699924128609172,,,,0.0,0.0,0.0,0.0,0.0,0.0,1.8080411909230925,2.6616449810647795,0.5556937604880283,0.05522506181196914,0.12734800694377185,0.024275782625770615,,,,0.2208709716796875,0.30517578125,0.07607141466322712,4.5828342229289145,10.327129452574411,2.2367805990053604,16.752307461290687,55.70668076878495,10.89878727703231,,,,0.0,0.0,0.0,0.0,0.0,0.0,1.9607716924007788,2.9093110991441704,0.8463864772492472,1.4120359479032818,2.305195542282929,0.48223034298373696,,,,7.555389404296875,12.41455078125,3.400074489864204,5.180530949056403,10.309494136937444,2.0268454588071743,19.068530971367238,80.03727303741356,14.309410864008528,,,,0.0,0.0,0.0,0.0,0.0,0.0,1.776897051585813,2.7484191888982483,0.6246822863198477,0.015301768209307495,1.2770801463546952,,,-0.0225067138671875,0.8981001727115717,-1.3512308569276135,0.7051538870493914,-1.6994042881002294,0.8985570022501665,,,0.0,,0.0,,-0.27970387626886106,0.8573501048832513,-0.24055062893128842,0.8296427018812944,,,-1.4575958251953125,0.8070786630314046,0.03301278024373122,1.0063724704221184,0.5080445677129433,1.0266430889970395,,,0.0,,0.0,,0.031144139337279553,1.0175272615312658
Train182.csv,5.592907588015829,377,0.2581687680231532,0.6106105407595949,0.13791160670114957,0.046160027492022734,0.10917586803471903,0.02465830241798718,1.505279541015625,5.84716796875,1.3911076974405232,5.234948220743946,11.222978594795647,1.974052433349776,9.259006480057488,55.88546635891604,11.167588676318111,1.655490696806286,9.992202710208247,1.996741140555835,0.8465157811897415,0.9755175558031671,0.1221913599996594,522.4671523960776,1487.1563975924455,324.07070858931934,0.8374583463074143,2.5356940974618323,0.5633997276290945,1.2822615934668544,2.308912042276356,0.4573500626681406,0.22926564998399276,0.4128285701025642,0.08177322000601706,6.722259521484375,13.037109375,2.7325069270758915,5.539411677423155,11.409405458403494,2.081968869533004,19.797961138737108,67.20329229365207,14.006136547620025,3.539833409934946,12.01580595353507,2.5042674721877387,0.49938552563957406,0.5609489966815285,0.056117854314806155,2034.0856022956311,3973.9391555445013,1298.8407296395303,1.7097886520582224,2.989290298644122,0.5597831952649229,0.30383960833198503,0.7200429109859479,0.16244491433790256,0.05432587675559589,0.12874214344767929,0.029044805726091468,1.5285491943359375,6.787109375,1.1388035495871143,5.123012184762397,10.982703903934624,2.2042408023092683,7.631808306468284,38.78046755961345,8.99552512689522,1.364551118781454,6.933865247963345,1.6083807903728518,0.882155487825813,0.9831247174960461,0.07933048791435685,659.9077393082742,2657.8982554349577,498.8551956617347,0.6736144523263397,1.6645668193630858,0.3782945376657548,1.381227702578664,2.331227689666967,0.5462240753451911,0.2469605801351486,0.4168185604679383,0.09766370474556196,7.3818206787109375,12.51220703125,3.256004253576866,5.5132860210621395,11.836694770722236,2.1222720238969925,29.396799084294265,244.89276035141296,45.32373854364664,5.256085251128428,43.786305512387784,8.103788205040939,0.50744127997771,0.6576855047217122,0.08643095355443545,2074.7457299059333,4339.523704120079,1271.867474129201,1.7749289421067642,2.9957188620945856,0.5333406690488226,-0.04567084030883184,0.8496876672545918,-0.008165849263573152,0.849687667254592,-0.0232696533203125,0.9847766408784627,0.11193603598154933,1.0218496524982872,1.6271981735892043,1.2132126631390996,0.29093957802483184,1.2132126631390998,-0.03563970663607152,0.9595992915898418,-137.44058691219664,0.7917275723175121,0.16384389398107468,1.2432309660448002,-0.09896610911180947,0.9283491715905741,-0.017694930151155835,0.928349171590574,-0.6595611572265625,0.9106506123714537,0.026125656361015714,1.004738672410829,-9.598837945557158,0.6734733629320377,-1.7162518411934817,0.6734733629320377,-0.00805575433813599,0.9841247556003133,-40.6601276103022,0.9804023562867409,-0.06514029004854183,0.9632997758370974
Train183.csv,17.253452320589943,1163,0.3976240774611459,0.9385580053329171,0.1827589591378254,0.023046058845082783,0.054398272756859205,0.010592602323404246,2.3342132568359375,6.31103515625,1.303492661305442,5.816384066765882,10.04084051452816,1.7365912765641345,6.712917188547695,17.17999276666997,4.221846351192146,0.3890767519342565,0.9957423272423972,0.24469574394417712,0.8899630985624452,0.9690780254509231,0.0517264966211706,837.485174691069,3976.262078548652,679.427130132453,0.640052415446914,1.5762532836000942,0.33222128057624756,1.4190231013678352,2.2663365200483856,0.434971083170059,0.0822457485609648,0.13135553847062728,0.02521066944097749,7.9769134521484375,14.12353515625,2.667653528009946,5.700552423604654,13.226886763561987,1.7199247507120774,18.154021815377796,76.51583708298348,14.840173786868956,1.0521964809160618,4.434813141232664,0.8601277884055106,0.6633143801909194,0.7293708075609745,0.06994427620337751,2383.0069671732754,4074.672873648712,1017.0405588627627,1.6869224590138434,2.919313708107435,0.5259905044743709,0.4322458771159797,0.956333863875549,0.20982421824537686,0.025052718092839057,0.05542855111578326,0.012161288903031692,2.6020050048828125,5.79833984375,1.4461761850892565,6.068267177688368,9.400656837526439,1.7548357133763488,6.936837778293521,19.446091069175107,3.761269371419749,0.4020550582804364,1.1270840587636197,0.21800097172037394,0.8705140443667281,0.9641121903098173,0.06751853073027202,855.4826423507945,3175.8150740256942,666.0393294664395,0.5600317491415776,1.3731048532295838,0.30176733588884946,1.5646563753296316,2.135027908588355,0.4126704317871752,0.09068656789704635,0.12374496819053732,0.02391813673688379,8.7188720703125,12.1826171875,2.000426664141375,5.871660054597162,10.67833453372454,1.6625240484828503,17.755920390479446,62.28339316807945,12.751082541503267,1.029122755292856,3.60990902057043,0.7390452823338067,0.6361612809045905,0.7179462571854031,0.08866551608340022,2523.0399830360147,4241.241709401202,1064.6167097025398,1.7285161494535037,2.9903549619272236,0.4678619122062556,-0.03462179965483381,0.9199025335167185,-0.0020066592477562747,0.9199025335167186,-0.267791748046875,0.8970825392171236,-0.2518831109224857,0.9584917566173417,-0.22392058974582607,0.9677200769424781,-0.012978306346179913,0.9677200769424782,0.019449054195717075,1.0223420337920748,-17.997467659725544,0.9789622059305961,0.08002066630533644,1.1428859460700094,-0.14563327396179648,0.9069231581719562,-0.008440819336081554,0.906923158171956,-0.7419586181640625,0.914901995099755,-0.17110763099250814,0.9708587300011449,0.3981014248983499,1.0224207709960114,0.023073725623205865,1.0224207709960118,0.02715309928632892,1.0426827285805866,-140.03301586273938,0.9444982969733855,-0.041593690439660325,0.975936764922439
Train184.csv,0.0,0,0.07076856731988548,0.1274438032019858,0.02925108358997819,,,,0.2140045166015625,0.45166015625,0.09109302180008977,3.4636149003987113,8.532869040433217,1.987527970687779,14.85828046242521,35.29720699011877,8.911336185057134,,,,0.0,0.0,0.0,0.0,0.0,0.0,1.7501482391372292,2.92828129351838,0.9641619837052005,1.3361376762118882,2.8597201597624604,0.5447805792761814,,,,6.5074920654296875,15.869140625,3.634257079844043,4.732626629736352,9.457192974716353,1.9695403897837571,16.03215747768863,55.5883738552548,12.385052978591343,,,,0.0,0.0,0.0,0.0,0.0,0.0,1.675004905639655,2.9846461999019,0.5565530877168879,0.052695101753644606,0.13565488793621458,0.027324335666867573,,,,0.1903533935546875,0.3662109375,0.09911681739151407,3.894601436431638,8.783007715147965,1.8606516151065002,12.222535206038582,40.97324254593414,8.025009954123435,,,,0.0,0.0,0.0,0.0,0.0,0.0,1.5149428103319178,2.9214521322902915,0.943743359459216,1.431313066251447,2.274294924205622,0.5800930910264185,,,,7.04803466796875,12.36572265625,3.771719260484969,4.489457757955316,7.265784479629579,1.756374638774674,15.374492379203051,52.61678056355349,10.711751207801507,,,,0.0,0.0,0.0,0.0,0.0,0.0,1.620476734367653,2.9955503412229483,0.580539989182553,0.018073465566240877,1.3429818894882548,,,0.023651123046875,1.1242484969939879,-0.4309865360329268,0.8893374474724657,2.6357452563866275,1.2156463623916933,,,0.0,,0.0,,0.23520542880531137,1.1552569689107794,-0.09517539003955888,0.9335048409158875,,,-0.5405426025390625,0.92330591037021,0.24316887178103563,1.0541644191551063,0.6576650984855803,1.0427763780594927,,,0.0,,0.0,,0.054528171272002046,1.0336494626029173
Train185.csv,18.395770316020233,1240,0.4961481826742129,1.1439795287220502,0.22468901195597904,0.026970775028764892,0.06218709567849945,0.012214167066453598,3.179931640625,7.80029296875,2.067623911814942,5.863323321027549,10.35061918256,1.9272667873485876,7.814087094379428,21.604322673540064,5.230972782614369,0.4247762915138385,1.1744179396894088,0.28435736545693324,0.8869567589186139,0.9628605546789601,0.049991985273588405,976.5721164683289,5236.114530037719,873.8027792358731,0.7028948395820702,1.959121582955784,0.43009817159045916,1.509851862325497,3.452295510101128,0.5816375762903991,0.08207603358749373,0.18766789597794906,0.03161800600347088,8.819198608398438,18.27392578125,3.4327174973448433,6.028692802780082,12.441850695818678,1.8477851562514735,16.033089696729,57.960609654919416,9.758127426356896,0.8715639204717806,3.1507574110361416,0.5304549501718274,0.6148761222287902,0.7180792580400593,0.10491779264375918,2342.8146246280494,3890.891650870188,1024.146520791275,1.5728757357828973,2.6763137901870704,0.501277369984022,0.548602354220622,1.111726652534154,0.25373389479264774,0.029822200690495865,0.0604338189396717,0.013793056253354054,3.971099853515625,11.4013671875,2.959057201930812,6.478165985183373,11.702731881481107,2.276086036318695,9.857755008516754,37.19053505518275,8.112329941448587,0.535870737629942,2.021689465365569,0.4409888687501084,0.8848454639449272,0.9478096730831265,0.04932059705465196,944.7779963701589,1959.6146008530297,514.8377736726392,0.8117422005685151,1.8693020526483288,0.474998866011682,1.6734649172874732,2.378333115087039,0.3588626272255208,0.09097009195804708,0.12928695424164063,0.019507888012332917,9.651947021484375,25.10986328125,3.3925534390477616,5.799253219299798,12.198739946121044,1.5270170850838602,15.388511266229447,34.28362254204919,7.173469368773897,0.8365244293590754,1.8636687647808245,0.3899521055949896,0.5902892742531862,0.7320540739394461,0.12303702885434446,2532.280733755214,4394.119501032913,1139.6858926558698,1.7305816643131215,2.783178361839927,0.4108621236899797,-0.05245417154640908,0.9043858066906609,-0.0028514256617309733,0.904385806690661,-0.791168212890625,0.8007684918347743,-0.614842664155824,0.9050900107280255,-2.043667914137327,0.7926842458174636,-0.11109444611610347,0.7926842458174637,0.0021112949736866726,1.0023860606848498,31.79412009816997,1.0336524773230569,-0.10884736098644487,0.8659089537168179,-0.1636130549619761,0.9022309620764699,-0.008894058370553348,0.9022309620764697,-0.8327484130859375,0.9137222353964114,0.22943958348028382,1.0395636429043507,0.6445784304995534,1.0418869908432338,0.0350394911127051,1.041886990843234,0.024586847975603954,1.041652201806835,-189.4661091271646,0.9251796585577626,-0.15770592853022425,0.9088711432795523
Train186.csv,4.628613176288962,312,0.24957183323389245,0.6375319898283272,0.12753273419755867,0.0539193541841812,0.13773715053446633,0.027553119982216653,1.7459869384765625,6.3720703125,1.3840436128388713,6.409953473825572,11.727985794713831,2.55046281058675,12.35628748043003,59.25062150225062,12.17912192200789,2.6695442046718654,12.800944742104246,2.631268040370707,0.7936110018505222,0.9858523059265217,0.11261464022417585,410.1191730176602,1199.8829652118811,276.79864987635386,0.8441475657933843,2.6778494568499878,0.5475553088190327,1.2402140154679961,2.5646425541848106,0.6211003168130531,0.26794505572884153,0.5540844431162941,0.1341871297421805,7.3085784912109375,17.34619140625,3.769225115988666,6.1795977022446005,13.196328314049751,2.661311777990006,25.14587175733005,103.55119464493842,21.40726810299559,5.432701070408093,22.371969897031157,4.624985343916575,0.3467024181032826,0.48108563158231415,0.060389308980460424,1926.8442873381093,4328.4567645143825,1251.6872357750676,1.902018797239553,2.9911276985621473,0.6397552528391002,0.24662386977584128,0.4459889444137761,0.08020211906418656,0.05328245424336249,0.09635476706034708,0.01732746203010411,1.7887115478515625,5.078125,1.0891825145612852,7.031922626073473,18.88405297337291,3.359685620520384,14.628223116531911,82.46342048552782,16.86304942724244,3.1603900692043227,17.816010399824275,3.6432185592062294,0.8426387438211631,0.9682569328375956,0.07676347276972591,471.1529299803009,860.3783593138473,202.4099419581942,1.035284058912523,2.3880058390628047,0.5764468423047194,1.3439063465862193,2.338037245637515,0.5097585750291006,0.2903475177987783,0.5051269476599599,0.11013203212583102,7.17315673828125,11.669921875,3.087227874488567,5.653812248844136,11.638911053886057,2.4203164191703297,19.00921029443559,52.07104201971233,10.661007305965821,4.106891107646291,11.249815017262002,2.3032832729637165,0.33422184920146014,0.5257945408387489,0.07819853108251854,2001.7591245964375,4839.797271315643,1333.6669959679678,1.7910611472517246,2.989954419953043,0.546826082727415,0.002947963458051178,1.0119532771127573,0.0006368999408187109,1.011953277112757,-0.042724609375,0.9761143100874387,-0.6219691522479005,0.9115506262907789,-2.2719356361018814,0.8446882018408456,-0.4908458645324574,0.8446882018408457,-0.04902774197064086,0.9418164161924102,-61.033756962640666,0.8704587129168601,-0.1911364931191386,0.815377729934419,-0.10369233111822318,0.922842591389183,-0.02240246206993679,0.922842591389183,0.1354217529296875,1.0188789619229952,0.5257854534004647,1.09299662427028,6.136661462894459,1.3228256917485306,1.3258099627618023,1.3228256917485304,0.012480568901822475,1.0373421693753466,-74.91483725832813,0.9625754985513398,0.11095764998782842,1.061950788312329
Train187.csv,0.0,0,0.07157369971929294,0.12819829798043206,0.02802157357115155,,,,0.2223968505859375,0.35400390625,0.07239386900488412,3.7137209132359157,8.44882728911005,2.1015338193002187,17.2239848541744,56.90401414861205,12.263396775218958,,,,0.0,0.0,0.0,0.0,0.0,0.0,1.8622965169127652,2.9380969650847595,0.8111637263137792,1.3919108518202097,2.9815846600222295,0.52685953021586,,,,7.088470458984375,16.97998046875,3.249520886477773,5.145311752690138,9.819933093054729,1.6224405944239455,17.757640535980396,57.141416974462594,11.853055258556758,,,,0.0,0.0,0.0,0.0,0.0,0.0,1.7780169207838041,2.991650485457858,0.6011977275359892,0.05529253459778527,0.13507812314670578,0.024327293045419376,,,,0.217437744140625,0.3662109375,0.0814560695560874,4.3530313913648335,7.614735135913391,1.8917504544122479,14.146885692575829,24.688171028412427,6.058615748973524,,,,0.0,0.0,0.0,0.0,0.0,0.0,1.8138595188744944,2.947288068593209,0.8514330819276681,1.525951633438931,2.7977365653220208,0.5531595766243995,,,,7.8891754150390625,12.2802734375,3.2022381845501453,5.118811978611539,7.35784009713363,1.1378773463564078,18.4581132941262,41.383019775881635,10.58978409514218,,,,0.0,0.0,0.0,0.0,0.0,0.0,1.8585890711064361,2.999454450752551,0.5734858237850083,0.016281165121507665,1.294455033395409,,,0.0049591064453125,1.0228070175438597,-0.6393104781289178,0.853134420441551,3.0770991615985714,1.2175107107293168,,,0.0,,0.0,,0.04843699803827084,1.0267038309936627,-0.13404078161872124,0.9121592200686972,,,-0.8007049560546875,0.8985058749576906,0.026499774078598826,1.005176938357831,-0.7004727581458035,0.9620506848677373,,,0.0,,0.0,,-0.08057215032263199,0.9566487549210291
Train188.csv,12.209450782326332,823,0.3065306582316866,0.9332481127530056,0.1876678330632663,0.025106015307044115,0.07643653505724594,0.015370702287028585,1.8260955810546875,4.541015625,1.197105671522548,5.844333795022198,12.06267728513357,2.266048057121545,8.628791909653385,51.39122343773277,9.497812910679178,0.7067305535269373,4.209134739469495,0.7779066462537071,0.7889490295030919,0.9713655047283558,0.11741115693820807,516.1885929976654,2141.6202690938658,419.8811549595446,0.6768198281682551,2.7641156420877704,0.5347177642786559,1.1551484419068823,2.8746792417387512,0.6505831833213935,0.0946110076940566,0.23544705597240823,0.05328521281752809,6.5746307373046875,16.29638671875,3.083158852709608,6.982900052984493,19.37912590472158,3.9528582423003544,60.794773628927885,407.11361551632524,102.04967636020716,4.979320914003007,33.34413830519211,8.358252814117415,0.6290183684661206,0.767304680770924,0.12753720043599323,1730.336089481776,5147.34968960831,1449.5465053248013,1.715073962595612,2.895292307078474,0.6487261379554891,0.42637692650700604,2.9512902595208894,0.6473815851088519,0.03492187602117236,0.24172178684671058,0.05302298986666646,2.3227691650390625,11.73095703125,2.633962664356662,5.781109976020496,11.051127901779756,2.5547819222285373,7.263692609518866,26.264603144058572,6.2072174387474135,0.5949237798667695,2.151169910286025,0.5083944846833413,0.787184215844122,0.9924590739033626,0.16223243795225967,828.4075699747094,7485.047917085046,1606.469857126825,0.5913431985212578,1.68118450699547,0.30711993628662226,1.391388999019965,2.5049547716776592,0.5353539264756627,0.11395999900618432,0.20516522948793744,0.04384750272719956,7.648468017578125,15.71044921875,3.6735152800131017,5.445349148383398,11.003474387541488,2.3225123490755393,52.97548859169168,414.38605993623224,101.40871974916372,4.338892021938925,33.93977889128909,8.305756053823231,0.6089533939105095,0.7901962509031997,0.14167908727860715,1931.3895899114868,5335.884660127353,1537.1701206369485,1.6966378605252772,2.983779825194334,0.633575963103843,-0.11984626827531941,0.7189194329600991,-0.009815860714128245,0.7189194329600991,-0.496673583984375,0.7861717851864017,0.06322381900170182,1.010936276816035,1.3650993001345189,1.1879346185913202,0.11180677366016778,1.18793461859132,0.0017648136589698549,1.0022419322230405,-312.218976977044,0.6231094592887704,0.08547662964699732,1.1445465676459023,-0.23624055711308278,0.8302124299678375,-0.019348991312127722,0.8302124299678372,-1.0738372802734375,0.8596009975062344,1.537550904601095,1.2823603891510904,7.819285037236206,1.1476019428061024,0.6404288920640822,1.1476019428061022,0.02006497455561107,1.0329499346850832,-201.05350042971077,0.8959021517564849,0.018436102070334748,1.0108662564353168
Train189.csv,4.61377787764701,311,0.1351419869764091,0.20290865747858633,0.04683926456760389,0.02929096080484274,0.04397885265817524,0.010152041517761914,0.5527496337890625,1.611328125,0.28766333367648633,4.051012690631514,9.921814455963577,1.3667827616122592,4.552496122477985,20.444222142715162,3.7689528279296196,0.9867176624462297,4.431124056007125,0.8168908274040613,0.6802701578540533,0.9476013692027033,0.17902080299978818,225.2997744195677,546.928423629711,156.95606055953857,0.6649068468086401,2.3211752780680706,0.4751547766962289,1.3216308297036525,3.0023051510309218,0.6024815559555503,0.2864530683426992,0.6507259843558124,0.13058312990629084,6.6684722900390625,16.41845703125,3.8321989073019656,4.900901715265939,8.186686438545054,1.8834575543225316,20.00924285460674,167.39316438584845,27.891525179713945,4.336845722796541,36.28114938017294,6.045268307094664,0.3314600786883057,0.7477814572907551,0.11276167065335313,2237.736472523826,5451.84783525554,1483.4939382389884,1.7673952265237771,2.9979604945525473,0.5479762922456546,0.12243333527228412,0.24345316419043525,0.054267601783596596,0.02653646068777029,0.0527665550112253,0.011762075076590519,0.55389404296875,2.05078125,0.398225162061725,4.374800410266191,9.106873627399434,1.6119010936951912,4.908244576567356,18.862693087939142,3.841728336721313,1.0638233366948566,4.088340095288455,0.8326643454887264,0.6688644689590556,0.9661919077864615,0.15017187846946478,220.59792337259248,583.1955950365145,159.96685654212283,0.6425304081256653,2.1059774688404547,0.46287897069561257,1.4072849511752064,2.52535641050358,0.5933230733303142,0.30501792424669355,0.5473511030382529,0.12859810096295843,6.9576263427734375,12.01171875,3.6412055525471088,4.56884505327181,6.651740196543646,1.5578278706863404,18.889908528766227,154.16679794326615,25.500104853535337,4.094238827639428,33.41443867295362,5.52694679496365,0.31947528500513067,0.6875142382312414,0.1154238421188589,2328.429396461981,5608.503452594612,1515.3933461626227,1.6162569600645877,2.995965234760608,0.6580467324199895,0.012708651704124996,1.1038005840146536,0.002754500117072449,1.1038005840146534,-0.0011444091796875,0.9979338842975206,-0.32378771963467745,0.925988001904074,-0.3557484540893716,0.92752022672469,-0.07710567424862691,0.92752022672469,0.011405688894997712,1.0170523169107013,4.701851046975236,1.0213141219785362,0.022376438682974786,1.0348254937042582,-0.08565412147155382,0.9391351968909885,-0.01856485590399437,0.9391351968909886,-0.289154052734375,0.9584407039859641,0.3320566619941294,1.0726784686550792,1.1193343258405122,1.0592556773970583,0.2426068951571132,1.0592556773970585,0.01198479368317501,1.0375139932435855,-90.69292393815522,0.9610497427682532,0.15113826645918937,1.093511285763094
Train190.csv,12.387474366029755,835,0.40034512616028894,0.7682129755846293,0.17610987079138624,0.032318543258354406,0.06201530294918747,0.014216769745601524,2.60772705078125,8.056640625,1.8199040718051167,6.136962838729831,14.403992251759007,2.3589725551814404,11.057727173886109,57.232844755233664,13.464796466305096,0.892653889497425,4.620219026421046,1.0869686643493437,0.8933767196619993,0.9855779903878632,0.09396919502753238,703.8923793634632,1566.3641895464996,381.58757190244154,0.7891588359133641,2.047462203299108,0.49079297882278516,1.2673676270637064,2.322144732204015,0.4620723146301921,0.10231041369814789,0.1874590948556912,0.03730157584804662,6.99005126953125,13.09814453125,2.9959384046117297,6.078842572079399,14.141921601924931,2.8798555359888027,46.041125689621744,932.4462284319532,159.65283673842865,3.716748412887182,75.27331245092269,12.888247597609208,0.6214988385774519,0.7071496268947649,0.12658650542270136,2067.2931611963213,4214.723337010672,1292.5418113509063,1.567431273654051,2.753499332110245,0.4201213458427966,0.4848948251282459,1.2796655837011628,0.26848686803012334,0.03914396194094059,0.10330318722680043,0.021674060433690703,3.63311767578125,12.73193359375,2.9331151461390013,7.153750345198985,17.676216128767642,2.8799614609526087,12.081928214102383,64.15758607609264,12.609400389875436,0.9753342656542423,5.179230582469044,1.0179153568587211,0.9035500808981483,0.9908930401477968,0.08082381907857424,872.6686580672298,2307.0636056047015,471.86472693327966,0.8484443590783913,2.427050858288811,0.542743485537157,1.4143522033560236,2.816928264900621,0.6226590072784308,0.11417599436044931,0.22740133958424166,0.05026521055704078,8.254623413085938,17.68798828125,3.681831322513499,6.201620223523939,13.703950972109356,2.544759694053088,26.93327744720724,181.66429959058328,36.767102338168066,2.1742347674249505,14.665160485721156,2.9680870572773665,0.6060198578196263,0.7543057784381916,0.12582444553843883,2220.9204220824904,4449.040998749858,1384.0073446221968,1.5896745033719946,2.799342971477538,0.4679558404135531,-0.08454969896795694,0.8256329113316582,-0.006825418682586182,0.8256329113316583,-1.025390625,0.7177656446871062,-1.0167875064691536,0.8578665095362827,-1.0242010402162744,0.9152286769076482,-0.08268037615681734,0.9152286769076483,-0.010173361236148981,0.9887406780750476,-168.7762787037666,0.8065975245661176,-0.05928552316502722,0.9301244418320782,-0.1469845762923172,0.8960763974181628,-0.011865580662301423,0.8960763974181628,-1.2645721435546875,0.8468043809787883,-0.12277765144454023,0.9802023266470234,19.107848242414505,1.7094512830779098,1.5425136454622317,1.7094512830779096,0.015478980757825611,1.0255420355588953,-153.6272608861691,0.9308272104850486,-0.02224322971794357,0.9860076829119663
Train191.csv,0.0,0,0.07156878184429968,0.12959153634915732,0.028244206780461537,,,,0.21514892578125,0.37841796875,0.07850494976444433,3.472793188553009,8.399200351236916,1.8924293045512353,14.857145863641687,39.71983397439028,8.36337770873565,,,,0.0,0.0,0.0,0.0,0.0,0.0,1.7882055295493169,2.931426124757401,0.8994229582493398,1.3627240621503436,3.0443270471156354,0.5864194336642778,,,,6.829071044921875,16.9921875,3.363384550808758,5.179567909998916,10.841400881054529,1.9749440835328624,21.287272846090154,117.09371039314547,25.83876236497428,,,,0.0,0.0,0.0,0.0,0.0,0.0,1.754700275491376,2.9692617950810307,0.5478995749965376,0.05479412106104854,0.1356245120870366,0.02458611254848381,,,,0.223541259765625,0.37841796875,0.08116973043441364,4.553572038716053,8.138434574843483,1.9983102862492312,17.491127566628116,64.97612661958078,13.195081470671699,,,,0.0,0.0,0.0,0.0,0.0,0.0,1.863750342526476,2.939559219326048,0.8580626572628356,1.4961260351851688,2.7989520746271603,0.5571257926724632,,,,8.012008666992188,12.2802734375,3.1409802873058354,5.345930005913566,10.871472882611961,1.8243104502402736,27.66920988963107,140.70708081621498,34.50583515253269,,,,0.0,0.0,0.0,0.0,0.0,0.0,1.7984465175435944,2.998034803284933,0.5951649215742264,0.01677466078325114,1.3061397912480748,,,-0.008392333984375,0.962457337883959,-1.0807788501630444,0.7626525196101244,-2.6339817029864285,0.8494104114813108,,,0.0,,0.0,,-0.0755448129771592,0.9594662379110543,-0.13340197303482526,0.9108350701093744,,,-1.1829376220703125,0.8523544255582536,-0.1663620959146499,0.9688806071664569,-6.3819370435409155,0.7693487790581067,,,0.0,,0.0,,-0.04374624205221833,0.9756755390691467
Train192.csv,0.0,0,0.07003637345333635,0.1283598793841788,0.030030922637460277,,,,0.2048492431640625,0.42724609375,0.08885460937481204,3.29126435586185,6.595658255368398,1.773396521480658,16.59973668169398,55.09120518543876,12.102850733949522,,,,0.0,0.0,0.0,0.0,0.0,0.0,1.7345014984621654,2.891713645289754,0.9722616857501637,1.2567218076726947,2.9674533948837984,0.6158439313880603,,,,6.402587890625,16.943359375,3.5639932414160973,5.267619883335875,11.535421991718936,2.5452006057616274,19.956663762797593,72.06427259361197,17.68321322945766,,,,0.0,0.0,0.0,0.0,0.0,0.0,1.7759374058235093,2.943525409312683,0.5543785601947724,0.053475551919817906,0.12733197538082824,0.025663698699982366,,,,0.1934051513671875,0.32958984375,0.09196427356084824,3.9798226194741297,7.565649822656163,1.9335254512607438,12.041439904200981,21.353692304307508,6.8245131301057915,,,,0.0,0.0,0.0,0.0,0.0,0.0,1.5554197269966896,2.944370401826477,0.971065668298153,1.3910702794779257,2.5418305611272527,0.5470883653219787,,,,6.735992431640625,12.060546875,3.77627061521123,4.486702734196121,6.712296042654868,1.7692502255810072,17.02814128771525,68.35699929731219,14.57637516439946,,,,0.0,0.0,0.0,0.0,0.0,0.0,1.6145166420823163,2.9035206427865883,0.607665141970635,0.016560821533518448,1.3096895859691173,,,0.011444091796875,1.0591715976331362,-0.6885582636122796,0.8269877003454839,4.558296777492998,1.3785508056974742,,,0.0,,0.0,,0.17908177146547577,1.115134049258369,-0.13434847180523102,0.9034207877292494,,,-0.333404541015625,0.9505040208404123,0.7809171491397544,1.1740514572511946,2.9285224750823424,1.1719813352262405,,,0.0,,0.0,,0.16142076374119307,1.0999808608556685
Train193.csv,5.340707511102648,360,0.2647353064900839,0.546042448916767,0.11348795858711254,0.049569332516287964,0.10224159398012614,0.02124961128299679,1.8695831298828125,5.35888671875,1.2537047105922179,6.678464296496249,13.016431833646521,2.6390278314809215,16.86853565687176,80.92793708656815,17.480643052503694,3.1584833323682733,15.153036731243812,3.273095000271719,0.83294432701453,0.9754088015258234,0.14376466727495407,437.50795750256043,921.9436029905023,224.59761420750766,1.108634836482262,2.3708364027145534,0.5670128471363671,1.2643054275511665,2.9694605504034715,0.5494350815039044,0.2367299510266827,0.5560050881330503,0.10287683426993503,7.0514678955078125,17.529296875,3.135485654616496,5.988043247303865,15.047990080368209,2.6772310445635252,33.97964869185222,133.86406611115817,33.97825871956049,6.362387122158042,25.064856263495404,6.3621268622039375,0.3774554000187577,0.46757748572404345,0.04203035507454362,1903.6336438216204,4975.798185852943,1322.5312865382207,1.9563334502852592,2.9880227899243326,0.6413391688844375,0.24720858459171086,0.6271471691801872,0.12582023531685102,0.04628760966179027,0.11742773178954818,0.02355872046077918,1.769256591796875,5.74951171875,1.4205463454943048,6.605478785375819,14.111032773243167,2.6919397046416664,13.55015963109377,92.25708757642934,17.37681192488852,2.537146923497443,17.27431943888308,3.2536535447343544,0.8160859449177724,0.9376734616189805,0.09673675727928807,442.2541489880015,1272.361051361044,251.84380225983622,0.9973497016281818,2.3416185478614566,0.518540185822328,1.4416938461043807,2.752100275246459,0.571827724410732,0.2699443553325629,0.5153063090471055,0.10706965757289184,8.033370971679688,13.232421875,3.0455126519223756,6.1166060788012935,15.093175482657996,2.620573801291391,57.1823287121681,472.82277157080836,107.53606187564219,10.706882672996667,88.53186035518145,20.135171538993372,0.38536895063594995,0.6230640474514401,0.06259216552372589,2190.248435391848,5084.706020958978,1484.7778149650396,2.0349478989215144,2.9990565599005725,0.6167592588162002,0.017526721898373065,1.0708985164383356,0.0032817228544976956,1.0708985164383356,0.1003265380859375,1.0567054764984907,0.07298551112042961,1.0110492385929717,3.31837602577799,1.244895714598318,0.6213364088708304,1.244895714598318,0.016858382096757607,1.0206576062260897,-4.746191485441045,0.9892681809852962,0.1112851348540802,1.1115808574188233,-0.1773884185532142,0.8769583299307702,-0.033214404305880185,0.87695832993077,-0.981903076171875,0.8777719739778717,-0.12856283149742875,0.9789813452360456,-23.20268002031588,0.5942333839338992,-4.344495550838625,0.5942333839338992,-0.007913550617192233,0.9794650020347176,-286.6147915702277,0.8691405107571961,-0.07861444863625522,0.9613678322290613
Train194.csv,12.68418033886879,855,0.785571244917999,2.2537241520036786,0.5372679007515135,0.06193315010751875,0.1776799203254368,0.042357321198369886,6.249237060546875,19.59228515625,5.2630091247286,7.190320785649219,12.870005594431772,2.3075247708093016,11.228461316215991,35.08809990977598,7.969554014089989,0.885233496862863,2.766288319179261,0.6283065835691781,0.8920443272803565,0.982271549929869,0.14643155235211208,1466.3012462672818,4198.404011757452,1095.8883608643107,1.0986530421370109,2.1210940532768503,0.49555456630316574,1.5498604525506714,3.20746423537473,0.6267958385244479,0.12218845925750156,0.2528712261797423,0.04941555715695124,10.043716430664062,24.8046875,5.082255970554546,6.698441492238796,16.677155843892578,2.8598263975458145,19.778647298720543,56.468824670044214,13.992223237787115,1.5593161536904208,4.451909635579988,1.1031239594497109,0.5721291199602387,0.7120291387507576,0.10331731298718473,2169.970186548803,3993.6045317273756,1176.831633190555,1.6974055192160011,2.9955496852589167,0.5314711934053882,0.6579862841752283,1.4003543130803513,0.4032286064950419,0.05187456079908663,0.1104016401272042,0.03178988280854125,4.5360565185546875,11.34033203125,3.1166170743429054,6.566102001843115,12.210444507313603,2.0240779224836656,9.073345717086637,24.037196157201468,5.325893791321918,0.7153277133156736,1.8950531697773993,0.41988474217774296,0.9073831605783261,0.9806950106778772,0.06300153004166709,1249.0660458154032,3251.6656387491753,921.8916794891031,0.9830957429936225,2.4199688130591044,0.4844193205601559,1.6441908524331432,3.3296524737881885,0.5972161593162084,0.1296253134619006,0.26250434674008555,0.04708354370255428,10.148239135742188,27.30712890625,4.872969824935774,6.293810116375897,23.431429907902462,3.507391143906002,27.43044784240491,199.91478182103438,44.555767542866,2.1625715741637928,15.760953918987195,3.5127037264151357,0.5959048408962921,0.6925945274379051,0.08812891265397761,2327.854266105437,4695.915887181194,1275.4808115942,1.6421030622991157,2.9995302675516644,0.48039536087976076,0.1275849607427707,1.19390215846626,0.01005858930843212,1.1939021584662597,1.7131805419921875,1.3776805987721807,0.6242187838061044,1.0950668728007706,2.1551155991293545,1.2375216007774188,0.16990578354718944,1.237521600777419,-0.01533883329796959,0.9830955279264899,217.23520045187865,1.1739181055955015,0.11555729914338841,1.117544298169276,-0.09433039988247183,0.9426280715873844,-0.007436854204399032,0.9426280715873843,-0.104522705078125,0.9897004097282261,0.4046313758628992,1.0642903691692394,-7.651800543684367,0.7210471885969212,-0.603255420473372,0.7210471885969211,-0.0237757209360534,0.9601014804640743,-157.88407955663388,0.9321761323913209,0.0553024569168854,1.033677823387928
Train195.csv,9.257226352577923,624,0.2264914186492875,0.8641739885445507,0.14328752993422839,0.024466444918052038,0.09335128640382638,0.015478451587642784,1.21002197265625,4.3701171875,0.7853326812766497,5.48262665317107,9.559519014062722,1.7245039418807524,6.3848406164821645,15.342595470063342,3.244693045175674,0.6897142160409782,1.6573641915745945,0.35050380336353154,0.8574735846136023,0.9835239352981481,0.10325611734509277,469.45720243312513,2070.151735112916,380.9575456781754,0.7490410256909621,1.9818626314396335,0.35465124217434446,1.4382697605659072,2.891387743453896,0.5436538855981083,0.15536724562918164,0.3123384514248927,0.05872751350048963,7.2662353515625,16.30859375,3.251533022943543,4.985960311934001,8.015647738058885,1.5889271905247504,18.116081659089836,103.03178237554215,17.53129294966986,1.956966478846542,11.129876104504042,1.893795428777411,0.5943299818052539,0.6901957048132996,0.1161188592638123,2466.7015240542883,4932.309209643273,1245.5150830119417,1.6752460487738765,2.990630479709442,0.5195961195302284,0.2013466559813082,0.4076702162023264,0.0882705028304271,0.02175021419080217,0.04403805207688367,0.009535307819911501,1.194000244140625,3.2470703125,0.6230478608114641,6.120130675563358,10.953576392469476,2.0962140861735863,7.264369244126093,26.94058804397437,5.2317554588269495,0.7847241676339841,2.9102224595028985,0.565153671258133,0.8401782584661079,0.9692316356567673,0.08769347173696412,417.70538439936985,1183.5466869162785,298.68834165147985,0.6725047117447656,1.4848675137038623,0.2942589457463646,1.5183780038250254,2.663201357918035,0.5826302708928173,0.16402083583083094,0.28768890988350904,0.06293788751644473,7.862091064453125,12.29248046875,3.2082131979064377,5.06788254411601,8.335248279245858,1.3712054027199272,15.554824559673634,46.21206163762588,9.73194572470427,1.6802899666963391,4.991998669748082,1.051280951123567,0.5599199197699766,0.6629136570029243,0.18385728115449435,2624.42138694444,5042.217184241545,1351.393901058799,1.6410952216096724,2.998909193775891,0.509702707840805,0.025144762667979326,1.1248829415389625,0.002716230727249868,1.124882941538963,0.016021728515625,1.0134185303514378,-0.6375040223922879,0.8958349002354258,-0.8795286276439285,0.8789256715777343,-0.09500995159300596,0.8789256715777345,0.017295326147494405,1.020585305526794,51.751818033755285,1.1238955013907006,0.07653631394619653,1.1138078478998734,-0.08010824325911825,0.9472409090112519,-0.008653590201649297,0.947240909011252,-0.595855712890625,0.9242115477923338,-0.08192223218200922,0.9838350175899155,2.5612570994162027,1.164659979904649,0.27667651215020284,1.164659979904649,0.0344100620352773,1.061455327485783,-157.71986289015194,0.9399029958852065,0.034150827164204145,1.0208097779546925
Train196.csv,0.0,0,0.07071486522275958,0.12643202425780797,0.029132773625667137,,,,0.203704833984375,0.40283203125,0.08815500444420063,3.272719498625044,10.91363889567062,2.104719069628309,13.461656635562433,22.563276529249002,6.878190991829852,,,,0.0,0.0,0.0,0.0,0.0,0.0,1.685897454430394,2.9398791962420185,0.9086892369129529,1.2180462028059256,2.193164551830246,0.5039431756373833,,,,6.549072265625,12.63427734375,2.9455692245145038,5.466693047594604,11.832905352573743,2.336301994734305,21.746662928128366,74.01355575355093,16.114943604781153,,,,0.0,0.0,0.0,0.0,0.0,0.0,1.9322959353240319,2.9951606162238873,0.6972759817020675,0.05257672011033382,0.13472338028155517,0.02656770561387684,,,,0.2017974853515625,0.35400390625,0.09119520312036121,4.212957983064314,8.366223793740458,1.9126338926223125,17.071184101855334,77.19553406077237,14.002373598154726,,,,0.0,0.0,0.0,0.0,0.0,0.0,1.804214642881143,2.916056727695684,0.9709156595812148,1.3114761450693035,1.9710721860319163,0.5025890780733635,,,,7.297515869140625,12.1337890625,3.307769642214613,5.520878368790519,11.738887479846891,2.359962345061632,22.35103328696578,80.11540442214192,19.079832694163184,,,,0.0,0.0,0.0,0.0,0.0,0.0,1.8675598890056158,2.99899542651565,0.7298106167833467,0.018138145112425758,1.3449843404906643,,,0.0019073486328125,1.00945179584121,-0.9402384844392699,0.776822249778199,-3.609527466292901,0.7885602167514197,,,0.0,,0.0,,-0.11831718845074901,0.9344217779643952,-0.09342994226337797,0.9287597089625745,,,-0.748443603515625,0.8974385781495035,-0.05418532119591468,0.9901853803731262,-0.6043703588374143,0.9729600707458184,,,0.0,,0.0,,0.06473604631841612,1.0346634379435538
Train197.csv,10.918779800476525,736,0.29561879460190177,0.8317711920708584,0.1935661431210991,0.027074343470961854,0.07617803520816105,0.017727818186483744,2.00347900390625,8.935546875,2.302026404439976,5.407077350776316,12.412777647804493,2.5814014718450884,8.976247061324461,42.37238703563069,10.813509942676696,0.8220925071620835,3.880688850761643,0.990358825828209,0.7693654819440093,0.9840319106950829,0.20617829355488684,511.1365859872767,1406.0665246653762,381.7261092519125,0.8410132698769818,2.567807807811682,0.5906676542120042,1.346869927918083,2.9614315325373743,0.6450069168250181,0.12335352049679597,0.2712236702866862,0.05907316830373924,7.1605682373046875,20.5078125,4.3066886537765035,5.226506416240815,9.414744352386595,2.0585210811321497,16.634535006653582,53.561982851775355,10.435746303420604,1.5234792999422524,4.905491623655398,0.9557612200371656,0.5763259027771739,0.7100618208404438,0.1530496240988408,2062.286232532344,5052.811314169238,1310.001690722958,1.655805818863655,2.9928214602796004,0.5971240578178125,0.3611278523743857,1.7685655733612897,0.3567331037033064,0.03307401183771699,0.16197465336594707,0.0326715173510265,2.42156982421875,12.6953125,2.932303770442914,5.7567864176769685,11.30586554485186,2.375476220156521,8.521870726591562,35.728040004060645,8.501822115665684,0.7804783027330255,3.2721641664118346,0.7786421441793928,0.7931290070334592,0.9890425663582332,0.16991867489849616,679.9131496659556,3221.997599118595,747.7871639293666,0.7805500801951231,1.967242376858902,0.49585149372136633,1.5172863072538014,2.564836515543667,0.5937931777373968,0.1389611600361776,0.23490138663953372,0.054382741349127864,7.9601287841796875,12.158203125,3.460183833556381,5.079348916384506,8.455503837302835,1.6035780570444613,15.412143778703975,37.17573719406786,8.935958669235871,1.4115262016760655,3.4047519845070426,0.8184026816664882,0.5449732729753454,0.6987063930628413,0.1814489097504115,2302.0805721228526,4679.641546983009,1349.2262129532824,1.6391557212923926,2.998905017554799,0.5826761455832633,-0.06550905777248395,0.8185987113932993,-0.00599966836675514,0.8185987113932992,-0.4180908203125,0.8273471959672338,-0.34970906690065284,0.9392527286010082,0.45437633473289907,1.0533188485616272,0.041614204429057944,1.0533188485616272,-0.0237635250894499,0.9700382600072431,-168.77656367867894,0.7517674665336306,0.06046318968185871,1.077462281045111,-0.17041637933571852,0.8876834394926018,-0.015607639539381615,0.8876834394926015,-0.799560546875,0.8995543202185269,0.14715749985630922,1.0289717249747545,1.2223912279496076,1.0793135105343794,0.11195309826618693,1.0793135105343792,0.03135262980182851,1.0575305824277494,-239.79433959050857,0.8958358180446381,0.016650097571262457,1.0101577277588578
Train198.csv,15.755087157752813,1062,0.39968653558863887,0.8668125476082127,0.15699878931593997,0.02536872894365169,0.05501794683386876,0.00996495847620135,2.057647705078125,5.72509765625,0.9861000548014446,5.1581371268097636,8.683813925233707,1.2732363792335006,4.647564796266863,10.895567511748986,1.8200843688573465,0.29498819966729767,0.6915586948300353,0.11552359886258792,0.9423023953162296,0.9879036181608483,0.029943285060901947,748.9161467623171,1680.938267052965,339.29855744695357,0.6301054193817683,1.683062674427609,0.37782406535417273,1.4643107408179437,2.490035706617383,0.4539340652294711,0.09294209077716088,0.15804645710208454,0.028811904414384523,7.708740234375,14.27001953125,3.0545702372724537,5.184722912535394,8.152073923084346,1.4442085472799253,14.940929734754715,37.750530241039876,7.721515159202051,0.9483241562013532,2.396085141456261,0.4900966324012002,0.6632254872286404,0.7461937065207788,0.10988622481302476,2424.505134955848,4522.21718213455,1113.4866187575512,1.6392899924272366,2.9738197562991493,0.5008268246204719,0.5524827389864438,2.0717043426620343,0.43109328474223,0.03506694272488213,0.1314943117685378,0.027362164387018086,2.794647216796875,10.5712890625,2.299808691511293,4.967196163871096,6.730216584637738,1.0023019335088688,4.466561570696809,9.378348025484284,1.676500555205061,0.2834996421139371,0.5952584033068555,0.10641010985331702,0.9507962390039293,0.988735187440479,0.03365296508577186,1220.695911903816,6422.996478182298,1352.4775242537416,0.5626923341644636,2.2429568093819414,0.4201730091560267,1.6420030827443695,3.203655050197576,0.6103387892734243,0.10422050137224201,0.20334099190439014,0.038739156639516714,8.956146240234375,20.654296875,3.550416189963758,5.695633979108785,12.749636183107402,1.799624120187892,17.45941767870038,55.99766147623945,11.613403479685289,1.108176521264682,3.5542590729930645,0.7371208653689059,0.6568702707388915,0.7262015437943939,0.07678206453178396,2625.1718863101933,4288.743495244411,1146.0202819157205,1.7012382606907483,2.9539139807886268,0.5266777275998528,-0.15279620339780497,0.723437145424458,-0.009698213781230439,0.7234371454244579,-0.73699951171875,0.7362817362817363,0.1909409629386678,1.0384403910454507,0.18100322557005377,1.0405240636908575,0.01148855755336059,1.040524063690858,-0.008493843687699676,0.991066599404518,-471.77976514149896,0.6135157326727637,0.06741308521730471,1.1198045203821831,-0.1776923419264258,0.8917831861622093,-0.011278410595081126,0.8917831861622093,-1.247406005859375,0.860720674674163,-0.5109110665733914,0.9102977704593764,-2.518487943945665,0.8557518933166887,-0.15985236506332867,0.8557518933166887,0.006355216489748905,1.0096749948549204,-200.66675135434525,0.9235605285883234,-0.06194826826351174,0.9635863654757217
Train199.csv,13.915510126150789,938,0.8148781643018344,1.751860523647197,0.338942567143909,0.05855898611797714,0.12589265558831397,0.024357178721529555,4.8870086669921875,11.14501953125,2.636384252903346,6.007097743699692,12.747528966453693,2.186036051698214,8.076109971954939,20.53156845583105,5.202006926353013,0.5803675106942627,1.4754449006685713,0.3738279717519745,0.9512844182920052,0.9928948996094816,0.03137976684405106,1385.5717264804273,3098.7551458584667,644.417267366292,0.7734528230850402,1.447530507033992,0.3319322951148053,1.5086618313593378,2.6179512361437562,0.525413365755602,0.10841584804887446,0.18813189113519876,0.03775739164374697,8.804702758789062,21.5576171875,3.319001267606097,5.9694376801467826,10.986051502279624,1.6614659637320333,16.91987395024475,107.0573650657931,18.976086471794346,1.2159003728111981,7.693384151588165,1.3636644506573599,0.6080535529787212,0.7314079773321894,0.1023113828888913,2274.8548881534884,4361.304407315744,1197.5963278399113,1.4131087302130054,2.933335150777033,0.5242296108939933,0.9066570859552281,2.140100338256957,0.4586073466804786,0.06515442680404426,0.1537924459007193,0.032956560163657854,4.6512603759765625,9.033203125,2.095538971878873,5.471449275746551,11.838001080787182,1.7450800440766174,6.365013897611656,25.71323589822014,4.686822782753197,0.4574042805409033,1.8478112311454842,0.336805675125446,0.9516203239711067,0.9956735487450198,0.03417437651290497,1778.5411984978182,6828.784367579169,1401.0977829297365,0.7542413401167013,2.1099677732151463,0.37694478231554474,1.7790783531406564,2.9072973327941423,0.5437665630589121,0.1278485903148685,0.20892495542298445,0.03907629387132824,10.857009887695312,29.39453125,4.700575769933689,6.455394476918216,14.030701250574946,2.480964195346456,19.134019105533728,117.98633418320358,25.685740979688475,1.375013846569378,8.478764566559239,1.8458353841745565,0.6355660290712135,0.7363312012233805,0.06790716760768294,2531.9999312832233,4080.165386986761,1143.5864869282968,1.4080306698652123,2.960588001382636,0.5693632993489159,-0.09177892165339374,0.8987721785059474,-0.006595440686067121,0.8987721785059473,0.235748291015625,1.0506848191585336,0.5356484679531412,1.0978988273413273,1.7110960743432821,1.268828332799923,0.12296323015335942,1.2688283327999232,-0.000335905679101578,0.9996470171236993,-392.9694720173909,0.7790495534490297,0.019211482968338855,1.0254712675459638,-0.2704165217813186,0.8480019042983999,-0.01943274226599405,0.8480019042983998,-2.05230712890625,0.8109693967183162,-0.48595679677143355,0.924720820933715,-2.2141451552889784,0.8842822752984172,-0.15911347375817986,0.8842822752984171,-0.0275124760924923,0.9567118523740205,-257.14504312973486,0.8984419233378836,0.005078060347793123,1.0036064983927369
Train200.csv,2.447824275922047,165,0.08051393715791401,0.13604565187646794,0.02852402762579829,0.032892041291479546,0.05557819375135588,0.011652808539556561,0.2864837646484375,1.33056640625,0.20266025762687245,3.688373776586441,9.780293511020696,1.7680670290923708,9.293238882260098,38.51576293301522,8.272501586270309,3.7965302385766715,15.734692768543235,3.3795324556760593,0.2585681350978203,0.9162157001357295,0.22316393565188555,43.11368303533992,193.8798613003794,35.81202096894011,1.3152135551507842,2.6262713159134288,0.6942142969767554,1.3508858935429657,2.9320674206896085,0.5517572023321091,0.5518720877274221,1.1978259426261946,0.22540719436417592,6.5967559814453125,15.9423828125,3.4637489612910914,4.850859407450423,8.453739127387294,1.8528639512450893,19.520685676210917,78.149145016016,17.763830077648596,7.974708751859999,31.92596208180784,7.256987461225053,0.34024211703100304,0.4753710739832892,0.06420105722862114,2171.6230552353722,5181.637536337722,1409.2771725704797,1.780264204391498,2.979177429843729,0.6432564515973314,0.06434140455056135,0.15022719780197763,0.028803203410779216,0.026285140311522244,0.06137172479237302,0.011766859122242188,0.2635955810546875,0.50048828125,0.10827761330043399,4.378520446871317,11.051229863107363,1.7822981568057776,9.02101488415267,40.04223291446149,7.501074152350721,3.685319641972514,16.358295531397314,3.0643842477316774,0.2632304498335901,0.8874544849971767,0.22599633185144324,50.32352360583444,274.71619508090515,52.559509656638,1.4223504959064273,2.8578734626303466,0.6959851103076263,1.4548837287403533,2.5519818960518537,0.603510822193251,0.5943579132911113,1.0425511018721196,0.24654989662847443,7.335662841796875,12.41455078125,3.74296315092135,4.806732366658851,8.44566712686421,1.9626456402072041,18.6920174769636,73.85638384844533,16.22790086576511,7.636176199748933,30.172257287801056,6.629520356256936,0.32312164838527735,0.4467737689826576,0.08669641257325278,2266.710017149519,5382.3931570620325,1444.9140752054238,1.7200279750645335,2.9990166287480293,0.652185786733944,0.016172532607352658,1.2513549823837589,0.006606900979957302,1.2513549823837589,0.02288818359375,1.0868306801736614,-0.690146670284876,0.842379023083466,0.27222399810742814,1.0301766488142756,0.11121059660415744,1.0301766488142758,-0.004662314735769835,0.9822880873443127,-7.209840570494521,0.8567302117600799,-0.10713694075564306,0.9246761321741815,-0.10399783519738759,0.9285181123804103,-0.042485825563689184,0.92851811238041,-0.7389068603515625,0.8992719708788351,0.04412704079157237,1.0091802574858657,0.8286681992473177,1.0443327318877476,0.33853255211106603,1.0443327318877473,0.017120468645725695,1.0529845918132725,-95.08696191414674,0.9580506720335923,0.060236229326964486,1.035020493968829
Train201.csv,10.7110856194892,722,0.3961929317358369,0.8022147582906124,0.18813852482143206,0.036989054686945064,0.07489574696620427,0.017564841838170666,2.916717529296875,7.6416015625,2.02529588784018,6.742668186481022,11.457471369860137,2.3332111595031604,12.724772677095352,31.326852355035314,9.471445236573507,1.188000276455841,2.924713093324079,0.8842656639155118,0.8839083978601856,0.9756616120752301,0.06928916497270113,759.7162642623953,1623.8648029480867,403.5401107478335,1.0229562933613603,2.2026671965680253,0.4771373546616176,1.38448224521134,3.69571772887898,0.6070525751621901,0.1292569487720484,0.3450367087118126,0.05667516783337409,7.94525146484375,15.9423828125,3.1762916833924617,6.228813018346748,14.681435694868757,2.621038634673077,29.95171310540476,146.7437577243889,35.05600793448997,2.796328417999624,13.700175961378129,3.272871600494381,0.587985874699238,0.6899209992086067,0.09686872394517312,1992.1424774304228,3875.8632511614073,1251.1047523330044,1.6993461116097848,2.964204553403011,0.5357952747765317,0.4380518613575777,0.9734613694254105,0.17870264984624168,0.040897055342413356,0.09088353916751099,0.016683897057183993,3.095245361328125,10.595703125,1.9604401392269213,6.650293634371848,10.884564562900072,1.9302372243582533,10.857960401443911,34.20688093455386,8.152165614712915,1.0137124085431144,3.1935960695070187,0.7610961114790981,0.9056838063474791,0.9796535065603053,0.06412155337896512,889.7894883324916,1509.5117526417737,356.049260611451,0.9809390407499181,2.1277731556951274,0.45816006023379624,1.4766805357521298,2.522473670847584,0.6114627661702455,0.13786469347843297,0.23550121439211108,0.057086908637689095,8.016204833984375,14.31884765625,3.1443376622229935,5.954317599694549,17.704402537353904,2.7310455863959864,29.204139259384647,128.73156723094394,34.72604900267972,2.7265340131579827,12.018535917284826,3.24206623271636,0.5816684666961869,0.7071269828272001,0.08874364318071505,2068.31618752528,3936.4324694299603,1294.6771610298415,1.7164633633507922,2.941217991578183,0.5209772105456955,-0.04185892962174076,0.9044429819519207,-0.0039080006554682925,0.9044429819519206,-0.17852783203125,0.9423219127434065,0.09237455210917389,1.0138902967579866,1.8668122756514407,1.1719302895415964,0.17428786791272666,1.1719302895415964,-0.021775408487293535,0.9759569417773833,-130.07322407009633,0.8538157330742805,0.04201725261144218,1.0428337040998188,-0.09219829054078987,0.9375638208071662,-0.008607744706384562,0.937563820807166,-0.070953369140625,0.9911487579708765,0.27449541865219906,1.046100231312196,0.7475738460201136,1.0255982153550334,0.06979440484164146,1.0255982153550334,0.006317408003051139,1.0108608397476544,-76.17371009485714,0.9631711483213801,-0.017117251741007422,0.9900276043715888
Train202.csv,18.603464497007558,1254,0.7149768642681446,1.4706471091820243,0.30652579998816926,0.03843245780285449,0.07905232433553351,0.016476812694617992,5.5866241455078125,14.0380859375,2.991690357480593,7.665951697306321,12.38354429978466,2.011131361781917,12.872323399101305,50.48000541634175,9.342908425198015,0.6919315163673878,2.713473365375662,0.5022133606727317,0.8657714772373473,0.9614682955639607,0.08365110523044657,1414.7967321215979,5307.705588800527,902.7237912045821,1.0446203019226623,2.2163105615350163,0.41995370347086225,1.5330372332623265,4.108931234643316,0.7830326465251843,0.08240600741377617,0.22086914162167237,0.04209068943320414,10.48583984375,23.96240234375,5.757564728269915,6.932733679334875,11.811738794480277,2.167519138203357,20.69440925117643,57.28968922727752,12.564527541329975,1.112395449487659,3.0795172176931236,0.6753864337124427,0.5520086423792199,0.7556685547494475,0.145911741668096,1870.1091607415615,4332.773127236534,1334.4218165983436,1.7564710366179297,2.9375132096998757,0.652904887884253,0.8005220649940492,1.4242162973337822,0.2658886620495301,0.04303080563960635,0.07655650900738802,0.014292427203131943,6.2892913818359375,15.24658203125,3.4785551275281246,7.535873315284822,12.640579305638227,2.162101707356689,12.461023403051314,32.71731527222021,7.698969792445757,0.6698227314087503,1.7586678694972608,0.4138460228031272,0.8745472636511837,0.9538159908140529,0.046279578718397274,1454.712250265966,2723.924223107464,462.99388418854545,1.050205965185385,1.9860274448834911,0.41452016664111185,1.6041180754447972,3.047302443525549,0.5806787063600035,0.08622684638674835,0.16380295423014998,0.031213471364616416,10.7757568359375,18.603515625,3.719892488616106,7.224800405941298,19.885019584000638,3.2004342447892293,21.358102423755952,112.48070360063056,18.846463630377897,1.1480712330325078,6.046223466533534,1.0130620365582674,0.5258611435285785,0.7160758298749373,0.12296290109373002,1907.212634424558,3977.722371707844,1285.6513690156658,1.7467441336406149,2.8581232536986625,0.602467880326518,-0.08554520072590466,0.8931382350759556,-0.004598347836751865,0.8931382350759555,-0.702667236328125,0.8882756110875235,0.13007838202149902,1.017261221968483,0.41129999604999057,1.0330069194757532,0.02210878495863755,1.033006919475753,-0.008775786413836473,0.989965337748359,-39.91551814436821,0.9725612277362272,-0.005585663262722695,0.9946813639915513,-0.07108084218247068,0.9556885223908713,-0.003820838972972182,0.9556885223908713,-0.2899169921875,0.97309544038516,-0.2920667266064223,0.9595744227942626,-0.6636931725795208,0.9689254616626749,-0.035675783544848905,0.9689254616626748,0.026147498850641382,1.0497232000736718,-37.10347368299654,0.980545706853399,0.009726902977314822,1.0055685906080827
Train203.csv,9.509426429491104,641,0.2867584749312784,0.943465572405779,0.2135298371453671,0.030155180973057305,0.09921372013351477,0.022454544312279216,1.5842437744140625,5.9326171875,1.4005797509015692,5.267693915971911,11.775461477761812,1.8594120778870311,6.51450922763016,28.27882326789139,5.513304331074484,0.6850580606446507,2.973767500865426,0.5797725416936138,0.776818757503726,0.9895385462983872,0.13196911995707805,551.8854568298738,2510.8013733174876,574.6865325981347,0.5905729805836469,2.5559837702292105,0.4521603497603447,1.161780811231666,2.3254945379025735,0.5489682059529475,0.1221714916084417,0.24454624631099042,0.057728845164673664,6.45294189453125,14.55078125,3.0783566028340554,5.895373151564845,10.19107573769119,2.3498424311287933,23.577211165370016,76.79976663357853,16.885111788288384,2.4793515508202684,8.07617233310763,1.7756183207773122,0.6040919348705237,0.6986646802680507,0.1127492332307616,1820.5029473567106,3926.7977439957754,1259.4988263219498,1.8505701576233942,2.981316936365147,0.5948562830921186,0.26936057632832544,0.8443992377472459,0.17404979069796314,0.028325638599292498,0.08879602192710101,0.018302869472567904,1.4888763427734375,4.96826171875,1.1785021171666565,5.269973331234154,9.853154073168726,1.8802204876311508,5.286416743518586,16.078542880030675,3.330673484334294,0.5559133121976831,1.69080049141209,0.3502496716316186,0.7681208759442723,0.9799950050605917,0.13408390721073535,533.8670757672264,2342.718893324979,549.189218739145,0.548803111580975,1.5317439007318137,0.312642628732059,1.3604598634598326,2.0280426525920063,0.4106782523638418,0.14306434499989476,0.213266558990618,0.0431864377319568,7.2139739990234375,11.3037109375,2.8295481160767686,5.331098460465184,10.152177797535437,1.8654234830802348,26.62957152003461,132.54700467512654,25.945396320368626,2.8003341439657885,13.93848573916774,2.728387091770906,0.6065762082531266,0.7033492840623465,0.0961420611517187,2067.0064217121094,4007.2139690983067,1343.6596851918655,1.8781853082762017,2.996895445070195,0.5105770672662349,0.017397898602952933,1.0645896249559048,0.0018295423737648073,1.064589624955905,0.095367431640625,1.0640532923392263,-0.0022794152622429564,0.9995674711959673,1.2280924841115741,1.232310947792241,0.12914474844696755,1.2323109477922407,0.008697881559453724,1.0113235843886694,18.018381062647336,1.0337506879156257,0.04176986900267199,1.0761108458046869,-0.1986790522281665,0.8539618421943747,-0.020892853391453053,0.8539618421943747,-0.7610321044921875,0.8945058431600655,0.5642746910996612,1.1058458580880202,-3.052360354664593,0.8853770383662326,-0.32098259314552013,0.8853770383662324,-0.0024842733826029306,0.9959044331960244,-246.5034743553988,0.8807437307566665,-0.027615150652807507,0.9852968977389389
Train204.csv,14.019357216644451,945,0.34334303687844897,0.6116322501302675,0.11114844172296341,0.024490640446112308,0.04362769566953529,0.007928212399852589,1.8924713134765625,4.2724609375,0.8852753569554763,5.635711581683303,11.646981474741752,2.511789947005941,9.23029525960143,58.948527123138135,12.219790421617475,0.6583964668966978,4.204795284990072,0.8716369968167695,0.9193165931849347,0.9768986511061623,0.0770532414995235,619.3776783524584,1177.7356134245554,255.3397116061051,0.6469950471475563,2.662233979351383,0.516779574986402,1.2542620900924217,2.833839917592591,0.6200849945713401,0.0894664477629047,0.2021376496654298,0.04423062947815792,6.8157196044921875,16.552734375,3.620010771337277,5.749098232292907,18.451547186906303,3.0832455131839507,37.588968525603235,268.10219516572147,58.272998052460004,2.6812191133111165,19.123715233350193,4.156609832530375,0.6382474072492715,0.7707902927769029,0.11716937888381172,2087.2365459462476,4357.4110763691815,1414.1687436669297,1.77651678638183,2.9159515065684185,0.5134785024419185,0.2989520899076431,0.6031126386729622,0.11113764832710075,0.02132423657432117,0.04301999224022325,0.007927442507503327,1.507568359375,3.1005859375,0.6866048165026292,5.172549080985476,10.716258660208208,2.1246606589888426,4.8446093178997565,17.490288660230366,3.489516011388131,0.3455657233805273,1.2475813541197922,0.24890699034654817,0.9015028894886209,0.9693341703314157,0.10449231172055704,505.67412482954524,1667.7600547752277,288.5834139980546,0.4832310781251927,1.1580190494722424,0.24578842982712545,1.4281569770726006,2.5441321042651905,0.5714884377284459,0.1018703607450008,0.18147280684485842,0.04076423967925916,7.230377197265625,12.5732421875,3.69513867604016,4.904203030582254,9.026953655439605,1.8071651046154744,27.437130692821782,173.84965104622066,33.27204298545488,1.9570890639869782,12.400686305347726,2.373293045557946,0.6384131645211397,0.7142200867300165,0.07082912606601019,2258.9191595177736,4184.925273536461,1477.5240779513144,1.66931419374282,2.9644954692858847,0.506183028238363,0.04439094697080587,1.1484884985568082,0.0031664038717911375,1.1484884985568087,0.3849029541015625,1.2553137651821862,0.46316250069782683,1.089542408094383,4.385685941701674,1.9052713343669503,0.3128307435161705,1.9052713343669507,0.017813703696313854,1.0197600073211288,113.70355352291313,1.224855391921113,0.16376396902236356,1.3388937020725653,-0.17389488698017885,0.8782382540772065,-0.012403912982096102,0.8782382540772066,-0.4146575927734375,0.942650627835813,0.8448952017106528,1.172279817218404,10.151837832781453,1.370003625613717,0.7241300493241383,1.3700036256137174,-0.00016575727186818323,0.9997403605046389,-171.68261357152596,0.9239978939272107,0.10720259263901011,1.0642195417979692
Train205.csv,17.520487696145075,1181,0.5159658107819818,1.4470811641377364,0.30525722680255607,0.029449283589035397,0.08259365773568784,0.01742287270175247,3.3107757568359375,15.14892578125,2.9566332071316226,6.04844441267835,10.468608227843736,1.6203475589385845,8.249842974042933,36.055070174146806,6.2520010736121305,0.47086834094567437,2.057880511059049,0.3568394431730185,0.8543574511678819,0.9542972587869234,0.08059550950427764,984.79250453738,3832.814837406994,689.9442711612141,0.8687638040074003,2.3017733776247415,0.418315831820117,1.384294687464871,2.300064749298692,0.4962344399941684,0.07901005448435369,0.13127858020783068,0.028323095144397827,7.9113006591796875,24.1943359375,4.129853046405357,5.859798855294352,13.991801761543599,2.386489766377453,22.27788270803947,84.44837743766475,20.620476081397317,1.2715332526354923,4.819978695926678,1.176935051067917,0.631282951928354,0.738248690031381,0.07730016220108095,1991.928966013655,4499.299409148955,1222.2684998587079,1.5976494553417302,2.9540961725750075,0.46636297266698923,0.46820457687404066,1.0028371944697625,0.23566530903613847,0.026723261646252966,0.0572379725873961,0.01345084184431638,3.3069610595703125,12.3291015625,2.5819266340192306,6.869210369193107,12.941287066093908,2.621951326829417,10.9010000460529,47.53402489651197,10.85345111648416,0.6221858794747694,2.713053752891285,0.619471975022258,0.8621634437659101,0.9444869987572851,0.0796632114212474,848.3417806767288,2063.6931559854165,475.4603649976152,0.8153366188201328,1.8184063223692832,0.4138204619614731,1.437091081893291,2.746826125763647,0.6248093927704916,0.08202346343415343,0.1567779489590358,0.03566164387695467,7.9998016357421875,16.40625,3.4277117820481515,5.845945137800978,11.101417505556245,2.0218710056766227,20.92884055084804,74.08221348372749,17.388355668501433,1.1945352728653142,4.228319140912233,0.9924584275315169,0.643892077831847,0.7104326709508003,0.0519282550628916,2182.4179504979047,4206.055324745459,1278.2769284222888,1.681658507034696,2.9623216825418783,0.5831183731349738,0.047761233907941125,1.102009327262066,0.0027260219427824306,1.102009327262066,0.003814697265625,1.0011535355865728,-0.8207659565147569,0.8805152393940778,-2.6511570720099673,0.7567968937886653,-0.15131753852909507,0.7567968937886652,-0.007805992598028277,0.9909460408528435,136.45072386065112,1.1608440453702555,0.05342718518726752,1.0655277635690907,-0.05279639442841999,0.9632616226670452,-0.003013408949799734,0.9632616226670454,-0.0885009765625,0.9889371036192838,0.013853717493374162,1.0023697994365006,1.3490421571914304,1.0644585233431274,0.07699797977017808,1.0644585233431276,-0.012609125903492946,0.9804173302675953,-190.4889844842496,0.912716542474923,-0.08400905169296591,0.9500439290488882
Train206.csv,0.0,0,0.07070823064360446,0.12709073165037013,0.029234470386576863,,,,0.2048492431640625,0.4150390625,0.08937714397211394,3.2763262274374996,8.795134357925171,1.9869606797499322,14.816522284085124,84.98700242733298,14.240942813873108,,,,0.0,0.0,0.0,0.0,0.0,0.0,1.6694589238364335,2.8831414777708564,0.948112764506206,1.1720202913241415,1.9602225660750083,0.5370269371790648,,,,6.215667724609375,12.5,3.1432489740952017,5.270786717020709,14.378855551869417,2.276484523797185,22.810598317347925,117.15583349444724,24.555697934646208,,,,0.0,0.0,0.0,0.0,0.0,0.0,1.7389113735649833,2.9480473542832977,0.6801926724021929,0.05278470623731085,0.13484593085760982,0.02622230706365086,,,,0.2010345458984375,0.390625,0.09679338604201958,4.184539323451116,13.96514698950305,2.41675019849424,16.454622299882324,55.273606434619126,12.333632550076892,,,,0.0,0.0,0.0,0.0,0.0,0.0,1.798746358932465,2.9384269638182343,0.9890332858406753,1.2844290982420024,2.039196313289295,0.5857383023981257,,,,6.8603515625,11.56005859375,3.694247055900435,5.241803180903389,10.906733167990422,2.145995177574496,24.641971176205367,134.09889287798842,28.17581323102586,,,,0.0,0.0,0.0,0.0,0.0,0.0,1.7449789197652383,2.878589363225681,0.6137891523804344,0.017923524406293606,1.339559044351077,,,0.003814697265625,1.0189753320683113,-0.9082130960136161,0.7829598371979009,-1.6381000157971997,0.9004474252922284,,,0.0,,0.0,,-0.12928743509603158,0.9281235876008876,-0.11240880691786082,0.9124834472593975,,,-0.644683837890625,0.9060275800711743,0.02898353611731963,1.0055293064460928,-1.831372858857442,0.9256807482744789,,,0.0,,0.0,,-0.0060675462002550695,0.9965228541551256
Train207.csv,13.678145347879559,922,0.7819817826346822,1.6098021569997754,0.3111705006061709,0.057170161797988804,0.11769155218469245,0.022749465859010613,3.995513916015625,9.36279296875,1.8672529689432056,5.050931954607613,8.566940862527415,1.162789656309634,5.746954817038334,13.35441273492749,2.918824918907506,0.4201559985564308,0.9763321265625932,0.21339332524054466,0.942721046814078,0.9899465909976046,0.046035392376068206,1313.766643187685,3794.3170199482506,742.7769497894267,0.7237058923175025,1.6971649597372451,0.30664223363199794,1.4308963927624736,2.83108559966934,0.6169345300659013,0.10461187217785319,0.20697876266596524,0.04510366825145201,8.471298217773438,16.93115234375,3.0414674596812055,6.428497997189009,13.895180696374624,2.284295041129205,18.797042196324938,101.38163247284142,18.105241644572153,1.3742391032011463,7.411942912900688,1.3236620304944269,0.6245818386993044,0.729914325597366,0.0815949326568143,2009.5851340038575,5212.878308954437,1264.1454757942247,1.4312696372748528,2.7129650980597035,0.5219508990261176,0.9333541524628767,1.7666785169112533,0.4182605354684173,0.06823689387154883,0.12916067726865696,0.030578746228432038,4.4498443603515625,8.3984375,1.7419015078071545,5.011129278463709,9.83909021959329,1.3724615918472105,5.3976291541528045,17.732694155584042,3.1938979285335836,0.3946170344643667,1.2964253343259755,0.23350372783022919,0.9554064995268592,0.9946347435280409,0.030680769581016114,1679.266476297261,3742.4874383819056,982.5468322821407,0.694179624405089,2.0208913813943905,0.30506497926773224,1.6764844157638032,2.95125875338832,0.5941550831628364,0.12256664724093597,0.21576454104911497,0.04343827822058819,9.452438354492188,22.8759765625,3.460875826773462,5.821288560874106,8.54634861527138,1.1636241275036634,15.827675727425042,117.0601836322565,18.833998706250703,1.1571507192587855,8.55819123536391,1.3769409687674086,0.620281563980768,0.7210123744557196,0.08213288974216165,2179.400941162773,4747.851813331763,1239.4929022472454,1.368803373888382,2.7883543868594556,0.5224840642573524,-0.15137236982819446,0.8378189356861353,-0.011066732073560022,0.8378189356861353,-0.4543304443359375,0.8978996999571367,0.039802676143903426,1.0079428555784746,0.3493256628855299,1.0647183518743164,0.02553896409206413,1.0647183518743164,-0.012685452712781209,0.9867224550816188,-365.499833109576,0.7823455429685623,0.02952626791241353,1.0425340457633245,-0.24558802300132965,0.8535101068091705,-0.01795477506308278,0.8535101068091705,-0.98114013671875,0.8962024294765729,0.6072094363149025,1.1043084241513232,2.9693664688998958,1.1876059707083078,0.21708838394236074,1.1876059707083075,0.004300274718536445,1.0069327785448574,-169.8158071589155,0.9220814289139868,0.062466263386470766,1.0456356731566359
Train208.csv,5.3258722124606965,359,0.25626236528468205,0.6224567404809895,0.12420860708754561,0.04811650656677734,0.11687414110775252,0.023321740014140873,1.7444610595703125,6.640625,1.3352664891362027,6.308838182426051,10.668412064858686,2.1628121004764367,11.78645210277947,43.21814144210336,10.334368305233532,2.2130557460998137,8.11475373761088,1.9404086115800319,0.8193641281018996,0.9599648148232399,0.14678334400935483,445.43700022202756,1076.5563049074167,247.6541260702194,1.034536941605408,2.8735116110376486,0.6528902202537498,1.236773101289308,3.0205758497516237,0.6249954170002759,0.2322198227730074,0.5671513940354262,0.1173508097956243,6.60400390625,17.59033203125,3.4198605887576723,5.787828433001388,15.197022773217647,2.700400520343043,36.653349259767154,261.96007545446633,52.72479263890967,6.882130813054623,49.186323855381,9.899747972839439,0.37291417669174487,0.5453775267492844,0.06283596921983194,1845.7471295142802,5033.464606970136,1319.055826684685,1.9015054934652609,2.940534006283366,0.4806561268830524,0.2269268282071515,0.48816955814838014,0.09593686199845602,0.0426083877259055,0.0916600208706158,0.018013361600001783,1.53961181640625,4.23583984375,1.1224527445995796,6.3377825644321115,13.343448391553475,2.589826525647159,11.065668023045728,60.25002800222292,12.978955254630334,2.077719400994244,11.312706275839425,2.4369633248548612,0.8239308985951966,0.9679431529941622,0.0917295732029482,395.35910190140146,969.3045411111488,175.29906891762005,0.9525936580569246,2.2659524896854695,0.4988525465469567,1.394639429330247,2.576131859411458,0.5392031470741497,0.26186122642358445,0.4837014026330188,0.10124222391453576,7.7411651611328125,12.744140625,3.1976642659787826,6.024498481549972,12.19500175753624,2.6003443797880554,40.28220083525039,243.80865445982266,53.063178293439734,7.563493682969709,45.7781645397715,9.96328416766934,0.375756262457946,0.5587205131085922,0.08815611348486392,2034.5006139669044,5210.016015031151,1352.9565159970969,1.9190100522375404,2.995777418276422,0.511054164623189,0.02933553707753056,1.1292731111138232,0.005508118840871837,1.129273111113823,0.2048492431640625,1.1330525272547076,-0.028944382006060643,0.9954330427540229,0.7207840797337433,1.0651369694294655,0.13533634510556958,1.0651369694294655,-0.004566770493297012,0.994457337986616,50.077898320626105,1.126664336497595,0.08194328354848335,1.0860212356605745,-0.15786632804093914,0.8868049155065465,-0.029641403650577047,0.8868049155065463,-1.1371612548828125,0.8531020548957768,-0.23667004854858398,0.9607153941073459,-3.628851575483239,0.9099142673379533,-0.6813628699150858,0.9099142673379537,-0.0028420857662011523,0.9924363582189951,-188.7534844526242,0.9072236778122227,-0.01750455877227952,0.9908783391979269
Train209.csv,5.622578185299733,379,0.2859549575989371,0.7604689982883918,0.14014377224718516,0.05085833369939935,0.13525272094510715,0.024925179806941943,1.6468048095703125,6.25,1.190949647109879,5.421440212788896,8.218612480018312,1.8641343802930936,8.433322944212717,20.317921439786662,5.8680239139488055,1.4999031878759277,3.6136307526870857,1.043653591032454,0.8567056423263361,0.9811753923591788,0.10202212120043552,609.5348752668251,1503.8221495319694,365.5607638961105,0.8474157268013551,2.4560089381914127,0.4834815656163591,1.377111579435206,2.3003262845571992,0.3850419899540473,0.24492528766174798,0.4091230408447529,0.06848139363552865,7.3146820068359375,12.87841796875,2.4604810078935517,5.450516653793351,14.919372384425152,2.211634926644646,19.64229005465515,81.06512023757965,17.403205992005997,3.49346677045951,14.417784433754061,3.0952359253103485,0.5070039699049351,0.5773325245384467,0.07721334389108556,2358.4769630445053,4641.282968347054,1224.9881973001443,1.6791154233723327,2.7942308511265206,0.4502149269606788,0.3242598084407863,0.7370470013531527,0.15652739686913533,0.05767101812626914,0.13108701685646043,0.02783907874831821,1.9073486328125,5.72509765625,1.32743045934551,5.753537284028017,10.866626769240561,2.3297572227708216,8.238119954020162,30.683752433918297,7.099325406793261,1.465185486536902,5.4572389076138,1.2626459202211704,0.8611512193951489,0.9817155843381916,0.1273312979342125,686.0244722662012,2008.4152873305316,437.27039974143247,0.7467683898996406,1.7303968480434317,0.3459988738532318,1.4917943271120477,2.756425238464387,0.5530928665653048,0.2653221134411885,0.4902422247628461,0.09836997340674954,8.01849365234375,12.8173828125,2.988784707112977,5.419236181182576,9.553847409469784,1.4320505510527934,17.851347645050044,105.70510211975486,17.00299374861627,3.174939868639356,18.800112445945445,3.0240564360795745,0.48663323379489676,0.5724006212174179,0.10389798867563217,2470.8136987156013,4374.929266306193,1274.022188890575,1.7154186606272042,2.6198037778506453,0.5023917937066202,-0.0383048508418492,0.8818698776575509,-0.006812684426869789,0.8818698776575506,-0.2605438232421875,0.8634,-0.33209707123912047,0.9422794961004196,0.1952029901925556,1.0236950895692285,0.03471770133902563,1.0236950895692285,-0.004445577068812878,0.9948376348210535,-76.48959699937609,0.8885031072627749,0.10064733690171457,1.134777178925906,-0.11468274767684172,0.9231242902640238,-0.02039682577944052,0.923124290264024,-0.7038116455078125,0.9122264509990485,0.031280472610775156,1.0057721183511785,1.7909424096051048,1.1003253337067642,0.318526901820154,1.1003253337067644,0.020370736110038368,1.0418605526613582,-112.336735671096,0.9545345180296305,-0.0363032372548715,0.9788370978536528
Train210.csv,13.366604076398572,901,0.3730294180470448,0.7559864716044761,0.21056028066059954,0.027907568438097403,0.05655785622762047,0.01575271321400071,2.2617340087890625,7.58056640625,1.5646598740471511,6.105673314637363,12.695491220512018,2.2344079697911674,8.268975579150265,31.540219039622663,7.303039662821283,0.6186294987034744,2.3596284336208675,0.5463646279249244,0.9101020626094791,0.9749077465534854,0.054291873233273544,711.6366513625303,2618.235315208955,577.7775149703708,0.7781396158188023,2.49631466779554,0.3927674746379599,1.199802028953957,2.313661654061897,0.5408234046986101,0.08976117060820624,0.1730927048364612,0.04046079330303069,7.0613861083984375,18.5302734375,3.5777796329467826,6.249580241406719,12.336586253255028,2.609690302574704,30.690538822444395,180.15215869105666,35.20872200724729,2.2960610374204706,13.477780718376446,2.6340813123518316,0.6077403892295804,0.7315008817152542,0.10256641334877757,1869.0806170942765,4423.576733581669,1361.3711660004,1.756237537514389,2.8961748754362486,0.4805873741980586,0.3736756126624073,0.8143744213397882,0.21195525593365855,0.027955912401281244,0.06092605247264936,0.015857075942565562,2.4692535400390625,7.3974609375,1.8051147057862975,6.223388197297773,12.218827948371061,1.9969367579434825,7.785279695990227,23.800819476242474,5.344451842336245,0.5824426048301008,1.7806182737369778,0.399836174677527,0.9100407782312729,0.9657239704137393,0.04171307333722628,647.0039533855893,1321.3690426109422,407.5166413238998,0.7263070791562112,1.964477876826437,0.359713148263599,1.3527868655368087,2.8043203804294605,0.5770076439484795,0.1012064738212323,0.2098005121122015,0.04316785629697094,7.354736328125,13.037109375,3.484739962311107,5.446349900347947,11.971244038645267,2.0112481198602667,26.146744164204307,187.9689267002404,34.3127817084877,1.9561246831849868,14.0625790683916,2.5670530459620493,0.6006829073767835,0.7368905199591707,0.1060461132028517,1977.8423534442845,4287.831632489591,1428.5146253920195,1.6694061446670732,2.7750530038894143,0.4992301494543994,-0.000646194615362472,0.9982707070157498,-4.8343963183841016e-05,0.99827070701575,-0.20751953125,0.9159585972501159,-0.11771488266040997,0.9810850811602075,0.48369588316003753,1.0621295447367374,0.03618689387337359,1.0621295447367374,6.128437820618338e-05,1.0000673424528572,64.63269797694102,1.099895367932045,0.05183253666259113,1.0713644932702675,-0.15298483658285167,0.8869113527930768,-0.011445303213026059,0.8869113527930766,-0.2933502197265625,0.9601141078838175,0.8032303410587724,1.1474804879883787,4.543794658240088,1.173780514686822,0.33993635423548385,1.173780514686822,0.007057481852796865,1.0117490971794374,-108.76173635000805,0.9450099062948033,0.08683139284731589,1.0520133420646014
Train211.csv,5.652248782583636,381,0.2946755518229024,0.7265064566542583,0.15096951096839595,0.05213421474491548,0.12853405513445448,0.026709636602263633,1.9336700439453125,6.50634765625,1.4988165951120809,6.099838513099856,11.93128245940327,2.29038281964038,11.682079073933815,40.876792997258626,10.181421124417316,2.066801997450995,7.231952196303343,1.8013044924330808,0.8753146843392734,0.9771943539962018,0.0944029680979265,562.3973294917186,1479.9744513095957,323.67769041612667,0.9866953321081418,2.277235438531594,0.590470033408312,1.4392614202522285,2.696181939362084,0.47637767476012555,0.2546351860319821,0.4770104861041984,0.08428108759614325,7.7930450439453125,17.71240234375,2.7714411497861757,5.571233308922873,12.025634320510205,1.8825966405495742,19.590989057421986,79.33663843384315,18.6224155946447,3.4660521521607484,14.036296257571745,3.2946914247699506,0.5098413572845069,0.5961624411280942,0.07799218555908659,2464.150857241111,4074.197216128462,1066.8865945889938,1.6788943677056,2.9903987708693958,0.5545196317088988,0.28996476445516606,0.46913970006999267,0.10564570425164344,0.05130077878890241,0.08300053980560096,0.018690915477247078,1.751708984375,4.77294921875,1.0438974653221833,5.826500399452742,13.90579684914792,2.266227342839208,9.177455664534655,43.389791405795165,8.408453713801658,1.6236821869577458,7.67655371778624,1.4876297978444895,0.879059780294996,0.9636580755369529,0.10299081624572598,592.2204124090035,1378.1091874044307,293.4965553292186,0.8604196814348861,2.01588955797742,0.4709858729298599,1.549789392042543,2.8206186234089143,0.4842309278830452,0.2741898758628484,0.49902591550820113,0.08567049089826224,8.45794677734375,12.9150390625,2.774816140187278,5.568668271584885,9.94041218826446,1.5775042988184889,21.955272230135183,112.55536759276309,22.90012533686442,3.8843428650533416,19.9133781831369,4.0515069696555,0.5060962573232951,0.6410316261777349,0.09187330053452318,2609.752336865499,4098.5623735922045,1184.1669362821895,1.7316007490393812,2.9960153257838757,0.48707652404149937,0.0047107873677363354,1.016246068299325,0.0008334359560130747,1.016246068299325,0.1819610595703125,1.103876306620209,0.2733381136471138,1.0469129142551483,2.5046234093991604,1.2729104341062658,0.4431198104932492,1.2729104341062656,-0.0037450959557225882,0.9957396572569094,-29.823082917284978,0.9496419199804813,0.12627565067325563,1.1467605325608905,-0.11052797179031448,0.9286819406831504,-0.01955468983086628,0.9286819406831502,-0.6649017333984375,0.9213873353779541,0.0025650373379884073,1.000460619525691,-2.364283172713197,0.8923136480417652,-0.41829071289259323,0.8923136480417649,0.003745099961211751,1.0073999756113972,-145.6014796243876,0.9442086984394598,-0.05270638133378114,0.9695620475083414
Train212.csv,13.73748654244737,926,0.5322680538545818,1.144838409088576,0.257098424964014,0.03874566517025732,0.08333681751397151,0.018715099313808773,4.2659759521484375,9.99755859375,2.676990027820763,7.739032254909397,15.835222422897614,3.413854009658353,13.828414120347414,47.85272248187185,12.151180579072122,1.0066189384513016,3.4833681062406896,0.8845272052879737,0.909565915508074,0.9865037593098632,0.055990454066608304,971.7985070815715,2199.325832116954,586.8718243916501,0.8856617541259084,2.2121059172839637,0.4538543288074997,1.4867408997840552,2.960843839648666,0.501497728672191,0.10822510327418225,0.21553024496147632,0.036505784891771614,8.359527587890625,17.0654296875,2.85626506644283,5.999753969089338,14.403553002285884,2.221802282959044,26.665917085951957,115.2565665193579,31.08475571803365,1.9411059660409578,8.389931168502141,2.2627687839391197,0.6282541661384275,0.7725633148708976,0.08870702543155264,2290.653485562185,4406.677949891072,1209.5503651936592,1.813560610467011,2.8807742204733833,0.5854885387151939,0.5521312975253525,0.9849876208059977,0.19280866921840756,0.04019158059367889,0.07170071597613514,0.014035221699591795,4.3216705322265625,9.8876953125,2.1100791982559364,7.8362286119724045,14.183756492348966,2.6465021731290146,13.372172884020056,58.39793178941797,11.917404682154489,0.973407532935626,4.25099100981643,0.8675098348836214,0.9189988341867286,0.9928365908677269,0.050361686781477656,1032.047773817139,2335.96072436952,474.8242103703014,0.851566997956182,2.177610615352199,0.4290728366643354,1.5699095558872336,2.8399781427499367,0.5684249715759093,0.11427924249726326,0.20673200544908318,0.0413776544799179,8.858108520507812,13.525390625,2.767211765599103,6.098277393896531,20.39412227336884,2.780349287493922,27.1202909098293,225.1107539886759,42.47012929231213,1.9741814360312921,16.386604150119286,3.0915502017842895,0.6322129396600803,0.8589532416235588,0.07914443068317395,2448.895080437711,4431.572629421212,1316.8934980034353,1.8029123354978578,2.91276520090336,0.46657342915703204,-0.019863243670770747,0.9640244199888729,-0.0014459154234215676,0.9640244199888727,-0.055694580078125,0.9871127195692471,-0.09719635706300789,0.987596538861244,0.456241236327358,1.0341187060834798,0.033211405515675585,1.0341187060834796,-0.00943291867865459,0.989735657622458,-60.2492667355674,0.9416216300600804,0.03409475616972646,1.040037667325714,-0.08316865610317836,0.9470232818245535,-0.006054139223081012,0.9470232818245536,-0.4985809326171875,0.943714740967228,-0.09852342480719312,0.9838440565354077,-0.4543738238773436,0.9832459826707588,-0.033075469990334394,0.9832459826707589,-0.0039587735216527475,0.993738227623463,-158.24159487552606,0.9353824522170863,0.010648274969153215,1.0059061523733004
Train213.csv,10.191850167020888,687,0.4432671326777426,1.9689019575966038,0.4957236923423284,0.04349231252555895,0.19318395829322915,0.04863922489229746,2.3632049560546875,10.7421875,2.8770176429257264,4.864604484718273,10.54570483796859,1.81848669580993,5.329000407988262,20.603236228034575,4.017533895069977,0.5228687942481739,2.021540337661476,0.3941908318148201,0.6902529908133779,0.9828676141974725,0.1776418828566638,868.5675127156542,4859.2610421406125,1305.419755664072,0.6229425761491427,2.215554363442374,0.49433709026310324,1.1809386172027279,2.327051462449271,0.5624182114991659,0.11587087700955873,0.2283247324395739,0.05518313184381936,6.7378997802734375,22.412109375,4.060114018164594,5.776166242280256,11.956911102729254,2.5549973722114565,33.037438088324926,432.5863440896818,73.56769816914372,3.2415545310142524,42.44433905528344,7.218286862889371,0.5883105613182105,0.7507479515148475,0.16287612247694813,1719.584870342283,3842.5688901570347,1301.1508525916972,1.7152533238702192,2.891748189923351,0.7279447852494981,0.2830957179419646,0.6029603743335958,0.11751453464529668,0.027776675804949986,0.059161032045454726,0.011530245511806477,1.57928466796875,4.4189453125,1.1665092250978957,5.147404337081685,12.65230120754302,2.113005585596427,4.8156020771213335,17.423342954457066,3.309895676242232,0.472495376031313,1.7095368033211547,0.32475905964085866,0.6831042291082543,0.9092679075417234,0.12593076034603445,476.94846078729176,1343.7281610755513,286.50112985143846,0.4754628090532791,1.3545133856942828,0.30405839971780024,1.2859097219352194,2.046320068322543,0.5142765297146289,0.1261703911323389,0.20078003844131168,0.05045958499063705,6.5402984619140625,14.404296875,3.6496659707873427,5.026063993027127,12.137873219176793,2.1129664716946777,33.274020715846234,410.1298479297905,72.02472344275137,3.264767453461528,40.24096127873835,7.066893867397232,0.5762551649408572,0.7902356031192403,0.18667661127046156,1850.849789543076,4019.96378848094,1462.3689905528258,1.7697024922413493,2.9617880775948304,0.5249919428853116,0.160171414735778,1.5657853672255602,0.015715636720608963,1.5657853672255604,0.7839202880859375,1.4963768115942029,-0.28279985236341254,0.9450597167340956,0.5133983308669281,1.1066114522431278,0.05037341821686092,1.1066114522431276,0.007148761705123574,1.010465111179967,391.6190519283624,1.8210930197403774,0.14747976709586363,1.3101814995572818,-0.1049711047324915,0.9183682159471381,-0.010299514122780185,0.9183682159471384,0.197601318359375,1.0302128900554097,0.7501022492531293,1.1492424788649285,-0.2365826275213081,0.9928898695609503,-0.023212922447275464,0.9928898695609504,0.012055396377353311,1.0209202400443398,-131.26491920079297,0.9290785670763705,-0.05444916837113012,0.9692325864884953
Train214.csv,15.547392976765487,1048,0.3612431988217224,0.7027993083680961,0.13955698955304777,0.023234969320038133,0.045203675588465636,0.008976230919332013,2.0038604736328125,4.5654296875,0.9204230541620717,5.584283725154485,9.2897367020662,1.6039619315892282,5.278063638332185,15.31892203189241,2.71328570887682,0.3394822299931499,0.9853048710343585,0.17451708546453026,0.9347391630880633,0.9820621805251258,0.04621999535988199,655.2753236321114,1985.5672275788581,346.6564949371043,0.6574608003270448,1.848408769591725,0.42381436607341993,1.1793829979871986,2.5979734585623513,0.5996030503067545,0.075857283581222,0.16710026320456714,0.03856614746940662,6.732940673828125,15.63720703125,3.085468922875258,6.320521059959417,13.929823455306895,2.754768681519904,40.216992021348474,222.32779838705682,50.18080346385169,2.586735414834501,14.300005069615882,3.227602437195964,0.6187629943036155,0.7499508610861769,0.10303133500043907,1529.4298207311513,3750.788516036143,1265.5652812380176,1.9855938135535307,2.9876659698845693,0.6758425281754731,0.397695875491987,1.094577142759421,0.24059926222273922,0.02557958598501474,0.07040261633543267,0.015475215850162038,2.213287353515625,7.958984375,1.5689847534832457,5.490626859815773,9.21460992760187,1.510039818091177,5.2041602404804586,11.388418019015877,2.417609647603533,0.3347288029740883,0.7324969553439015,0.155499359359893,0.9370224802565266,0.9904412476186004,0.04342013746923548,796.7160936557386,2236.9727015429617,528.3714759596317,0.5632709708841794,1.1828901354023602,0.3019979304047417,1.374461230874442,2.479424714969198,0.5595902980423564,0.0884046111736212,0.159475271428112,0.03599254864649178,7.6976776123046875,12.70751953125,3.194263195279886,5.970332772143504,14.03652429388419,2.4615460578696244,36.980589872692164,176.78847878074055,41.961727427281005,2.378571759777161,11.370940391417314,2.698955862889034,0.5849119828059077,0.7277752816582265,0.13647314375154387,1758.708598967069,4334.985784166029,1403.8472809324103,2.0090326014482227,2.9961201893169727,0.6723054263344354,-0.03645267667026458,0.9083403200368392,-0.002344616664976606,0.9083403200368392,-0.2094268798828125,0.905377456049638,0.09365686533871198,1.0170575906412724,0.07390339785172628,1.014200830573369,0.004753427019061618,1.014200830573369,-0.002283317168463306,0.9975632205026306,-141.44077002362724,0.8224702988305093,0.09418982944286536,1.1672193922846998,-0.19507823288724335,0.8580693085368926,-0.012547327592399196,0.8580693085368927,-0.9647369384765625,0.8746716883889192,0.3501882878159135,1.0586547352016673,3.2364021486563104,1.0875162391892021,0.2081636550573398,1.0875162391892024,0.03385101149770775,1.057873684405164,-229.2787782359178,0.869632309542025,-0.023438787894692004,0.9883332963945951
Train215.csv,5.296201615176793,357,0.18242301725156101,0.38744811433620496,0.07718991277666135,0.03444412250636564,0.07315584686691946,0.014574579743238242,1.0955810546875,3.35693359375,0.7863119170124053,5.642465825641444,12.005998250884847,2.2175206434632515,10.520935274142523,51.281576465627886,11.604637298552124,1.9865058089921908,9.682708512960575,2.1911245344772903,0.6637550005356564,0.9744505460535463,0.23471311991462374,253.3278798626278,686.4674159870505,161.37668698268442,0.7949161494942787,2.150172088473188,0.5441793044564881,1.2136964980128786,2.336015170537992,0.4895036656767486,0.22916357536973486,0.44107368644046857,0.09242542131969204,6.6921234130859375,13.73291015625,2.788306016094214,5.8804082006850384,12.223183560702086,2.105153332872844,54.85787060538171,354.8495691605281,73.0397895766151,10.357964932486903,67.00076676531184,13.790976039755042,0.3879085421548804,0.7004868351744141,0.08226279232272923,1903.8830353107871,4428.353701712114,1422.271540555659,1.9791785084975901,2.9883865187700533,0.6264537107954885,0.16722647306089314,0.38926848431862604,0.08223686797374742,0.0315747936373285,0.0734995592318726,0.015527518389422616,1.016998291015625,2.94189453125,0.7954524698120058,5.67037450879742,12.233785483672712,2.6836766695701164,10.640202434694434,51.20915490499001,12.22498381597395,2.0090251859377624,9.669034267548478,2.308254991830757,0.6647850738558572,0.9604478411131694,0.24483311051809012,246.21285026200752,864.1637407661393,164.03196664668124,0.7256732340998435,1.8116957685214081,0.3978636370811548,1.3632221341699489,2.7876615825999984,0.5794386358606236,0.2573961932007082,0.5263511069162617,0.10940645352325419,7.4695587158203125,12.78076171875,3.442657891740389,5.684429556401405,16.078739318374396,2.6050740100503895,40.793204434131056,184.73663799656188,48.44963281025454,7.7023511184381785,34.88096779910732,9.147996305770782,0.3792566591545311,0.7259341395350088,0.11012194101734239,2066.788562319034,4198.317953445115,1474.4067856265594,1.8850383229645382,2.9986451977613853,0.683988098932871,0.015196544190667877,1.0908740339523533,0.0028693288690371382,1.0908740339523533,0.078582763671875,1.0772693173293324,-0.027908683155976277,0.9950781587507709,-0.11926716055191022,0.9887908936616642,-0.0225193769455716,0.9887908936616641,-0.001030073320200775,0.9984505167749538,7.115029600620289,1.028897880809425,0.06924291539443517,1.0954188636712323,-0.14952563615707026,0.8903145478575178,-0.02823261783097336,0.8903145478575178,-0.777435302734375,0.8959195138144119,0.19597864428363376,1.0344763959759051,14.064666171250657,1.3447796358817785,2.655613814048724,1.3447796358817785,0.008651883000349303,1.022812738528143,-162.90552700824696,0.9211793939746505,0.09414018553305192,1.0499407276691335
Train216.csv,11.69021532985802,788,0.24595123090092236,0.5593236143069528,0.10483380435529106,0.02103906762715802,0.047845450107183427,0.008967653836754802,1.2378692626953125,3.86962890625,0.7516366080366702,4.916722198765617,9.664951692999276,1.6053850342181588,5.554721407676143,23.895810245289603,4.51315436440663,0.47515988807227616,2.0440864065401114,0.38606255206262685,0.8489842773475277,0.9632926187686344,0.09402194795827377,448.12054316548927,1692.961631876774,323.6053077883041,0.5857973401581364,2.341883390472488,0.4365094483125135,1.269903722427785,2.9415285609374577,0.6174034878097652,0.10862962628107621,0.2516231290816765,0.052813696787334,6.8416595458984375,16.1376953125,2.887924041395724,5.935045774929552,13.701400000288666,2.5184535750776216,34.9078757031205,192.80408337662806,49.04543081315839,2.9860763654166558,16.492774336173813,4.1954257838083855,0.6607828950390567,0.7516033829465452,0.06469582769762733,2047.8886848170498,5354.393630915779,1343.3685422640986,1.797420736909101,2.9197277972443483,0.5382853700680759,0.38046621988854346,1.6588634932858166,0.38654124562247316,0.03254569818887709,0.1419018766103399,0.033065365753803255,1.9313812255859375,9.1064453125,2.140511140734193,4.863158729821551,8.119555138184218,1.3445929619696464,5.461971023777686,18.54835509985003,3.6428091726752703,0.46722586964050583,1.5866564110650394,0.3116118112359452,0.8532362894736019,0.9925169887799358,0.12618549144756855,895.4615018306966,5379.137192489276,1251.0564884997964,0.5460205828048326,1.657677622621325,0.30790796229486295,1.4773644106673838,2.5014205085776444,0.484489474436415,0.12637615039425681,0.2139755717064302,0.04144401627906534,8.148193359375,14.09912109375,3.1097846360398766,5.718735684532694,12.218569512336106,2.0572992623298076,36.13026450008426,255.18408673406427,50.72472167896318,3.090641487826475,21.828861105945386,4.339075051030666,0.6477218398420643,0.7419336657866908,0.05649593691210401,2260.2144682441194,5494.094510489038,1453.7996286161176,1.7765010942452097,2.9562152645818647,0.5313684180569844,-0.1345149889876211,0.6464469591360124,-0.011506630561719071,0.6464469591360124,-0.693511962890625,0.6409243531503062,0.05356346894406627,1.0110141313331205,0.09275038389845758,1.0169811197266858,0.007934018431770329,1.0169811197266858,-0.004252012126074178,0.9950166065619438,-447.3409586652074,0.5004352976083775,0.03977675735330388,1.0728484577430693,-0.20746068823959884,0.8595737877928976,-0.017746524113180603,0.8595737877928975,-1.3065338134765625,0.8396535580524345,0.216310090396858,1.0378248099456504,-1.222388796963756,0.9661671782956113,-0.10456512240981919,0.9661671782956115,0.01306105519699241,1.020164605226492,-212.3257834270696,0.9060594530252618,0.020919642663891347,1.0117757555746283
Train217.csv,13.055062804917586,880,0.5268960409668292,1.5001524212008315,0.3476019262059465,0.04035951790046983,0.11490962882505272,0.026625833318474092,3.057098388671875,7.7880859375,1.962303855600045,5.766394483649674,8.137666141199302,1.051695423967072,7.113450587880564,16.366307877812947,3.2583059914666426,0.5448806102411907,1.253636855094108,0.24958179368078587,0.9168757593970971,0.9816604214136414,0.044944201089679746,942.16220785358,3009.2558032479783,704.0032320977947,0.8523067286898521,2.4139928171796936,0.40264949371469283,1.2594331644425316,2.7552232744909095,0.6101008907821722,0.09647086216759737,0.21104634390981794,0.046732895881003274,7.558441162109375,16.5771484375,3.7395185247438736,6.43137746588812,14.342681123125804,2.4411306865254705,29.206367802199875,175.77117555935803,33.16809942516223,2.2371679277711642,13.463832245460242,2.5406311651498497,0.5939125658825803,0.7081108579371087,0.10913210378292229,1852.1551840119105,4200.126258004575,1274.1188596297952,1.8714616644225186,2.9941395400314983,0.5851056641663221,0.5593864404753401,1.4994338079625453,0.37085921548669554,0.04284823817658159,0.11485458403139494,0.028407309947754533,3.28826904296875,8.55712890625,2.145995030495095,6.034970173648741,9.488615548892387,1.647152588798691,7.139360510033504,17.04312342845895,3.328972067198278,0.5468652749295275,1.305480002902716,0.25499471867299783,0.9234449125904122,0.9765700631076456,0.041599989313450804,1142.3830733943387,3563.826591648087,925.3833470503565,0.8419879842756932,2.391868278514374,0.33842661852790007,1.4274418190325293,2.81772708210845,0.6334247859568234,0.10934009589711358,0.21583405030016917,0.04851947443088705,8.049392700195312,12.63427734375,3.204342592328696,5.943929027940895,11.341572301575498,2.1683339213522506,26.43157227452164,155.0911219872705,29.22558034754593,2.0246223759693733,11.879768355373267,2.23863958253324,0.5928367256458418,0.7054161744373425,0.1096780157531726,1935.9809361142657,4286.837459633269,1361.715960497641,1.8419283778705835,2.997135127369925,0.6291644270692315,-0.03249039950851096,0.9419177921422226,-0.0024887202761117652,0.9419177921422226,-0.231170654296875,0.9296983758700696,-0.268575689999067,0.9554967659704793,-0.02590992215294019,0.99637083431821,-0.0019846646883368013,0.9963708343182102,-0.00656915319331508,0.9928862533067755,-200.22086554075872,0.8247340404424527,0.01031874441415892,1.012255215759445,-0.1680086545899977,0.8823008739481458,-0.012869233729516205,0.8823008739481457,-0.4909515380859375,0.9390076299701436,0.4874484379472257,1.0820077823365413,2.7747955276782363,1.1049803431615366,0.2125455518017909,1.1049803431615368,0.0010758402367385678,1.0018147327758187,-83.82575210235518,0.9567011479614035,0.0295332865519351,1.0160338951865642
Train218.csv,1.6763887465405534,113,0.19086779975340268,0.41569438584606233,0.08310886148486306,0.11385652650513386,0.24797016008601935,0.049576127050702905,0.81787109375,1.6845703125,0.3972446312322505,4.314981653644274,7.774066987449977,1.292033753708845,5.637748511267647,15.252115695641663,3.640490814191594,3.3630317090244586,9.09819737642381,2.171626850695712,0.48379575252672985,0.8584998842988639,0.2619414288184388,301.32757255447854,1037.9342974855717,208.1050604538762,0.7138803051902736,2.2832009957834383,0.37523998903256384,1.3345224121452826,3.0742158344453707,0.6002116413021789,0.796069774924965,1.8338323021968597,0.3580384576911494,6.6806793212890625,17.8466796875,3.7321890543977307,4.923821117039019,9.745421586957889,1.6737806147418044,15.0283457830825,59.07134398834187,10.577777282763293,8.964714070107814,35.237258726678576,6.3098593954367175,0.09539141844105087,0.35524414213935845,0.07557401400827535,823.5948232248093,1707.87985811986,449.5792644165101,1.5614509780509895,2.9408547426056115,0.5216614661967093,0.18399114037658304,0.339526850833824,0.07056359971066369,0.10975445925431838,0.20253467552468477,0.04209262311995405,0.84991455078125,1.72119140625,0.3941584752240114,4.621894642275257,9.420416222851248,1.4314503313630278,6.024549759392993,31.498394322220694,5.713469494989366,3.593766524516128,18.789433171286632,3.408200816654165,0.5016605606548601,0.8575012732777573,0.20736450665383874,298.90087776275243,653.966939664219,163.07652065514742,0.867131562107682,2.0542248067346214,0.4428015838361838,1.4693012202975118,2.808705246772114,0.6017432124506049,0.8764680765899951,1.6754498337979442,0.35895207104699345,7.2925567626953125,12.85400390625,3.8169278871048182,4.6346274656599755,7.1010079376079736,1.5766015470590546,14.109405054710638,35.86202973335722,6.36193500551937,8.416547226189174,21.3924304892664,3.795023689253493,0.09966523946835519,0.2350420564830981,0.05416415007648268,1018.4195530136111,2058.530220346775,583.2592446603877,1.579323584768722,2.974872786451365,0.5255701028239562,0.006876659376819638,1.037374948395585,0.00410206725081548,1.037374948395585,-0.03204345703125,0.9622980251346499,-0.30691298863098293,0.9335958492381609,-0.3868012481253462,0.9357958248212197,-0.2307348154916693,0.9357958248212199,-0.01786480812813024,0.96438865334598,2.4266947917261064,1.0081187275523904,-0.15325125691740848,0.8232664296696682,-0.1347788081522292,0.9082701312090802,-0.08039830166503015,0.9082701312090802,-0.61187744140625,0.9160956216979652,0.2891936513790432,1.062398467519085,0.9189407283718616,1.0651296581825085,0.54816684391864,1.0651296581825085,-0.0042738210273043226,0.9571182385142284,-194.82472978880185,0.8086989500424507,-0.017872606717732387,0.9886833788274303
Train219.csv,0.0,0,0.07081706154742923,0.12938980957629287,0.029548579448490292,,,,0.202178955078125,0.341796875,0.08451427140247726,3.23329696576202,8.693124367995123,1.8858501185113925,13.140286937705765,35.385265736004115,7.791640619062805,,,,0.0,0.0,0.0,0.0,0.0,0.0,1.565680722581759,2.849991747017323,0.9310842137520609,1.2901413680000227,3.015991499969472,0.652843533351641,,,,6.484222412109375,16.8701171875,3.7027701264919237,4.7791113924116235,9.100049120877227,1.650955367950925,18.271867151591977,50.56348100435936,11.52711499146105,,,,0.0,0.0,0.0,0.0,0.0,0.0,1.8121553573795075,2.9974860203432927,0.6447624295199725,0.053452596488149706,0.12696216257645218,0.025479496043264677,,,,0.2010345458984375,0.32958984375,0.08865786491114229,4.167830235997714,9.81181946239986,2.0384228826307065,14.152244578233944,37.048905366029324,8.475146078670765,,,,0.0,0.0,0.0,0.0,0.0,0.0,1.6784290777509399,2.9593761801992025,0.9490927251080739,1.3842248127006813,2.5011711030047667,0.5359141661052874,,,,7.1552276611328125,12.36572265625,3.463253183763962,5.039070419488342,8.315224793112074,1.8230334723318673,17.479854983532007,44.83733005235884,9.808331924007822,,,,0.0,0.0,0.0,0.0,0.0,0.0,1.756539874459048,2.9989519985503152,0.6642766738634364,0.01736446505927952,1.324857279161905,,,0.0011444091796875,1.0056925996204933,-0.9345332702356943,0.7757746315663019,-1.0119576405281787,0.9284949016437603,,,0.0,,0.0,,-0.1127483551691808,0.9328250703805363,-0.09408344470065866,0.9320316730075818,,,-0.6710052490234375,0.9062216772404968,-0.25995902707671803,0.9484113129137192,0.7920121680599692,1.0453099964963173,,,0.0,,0.0,,0.05561548292045959,1.0316619529844646
Train220.csv,14.138039605780065,953,0.520076499091023,0.9860416260641447,0.21827821460632915,0.03678561622351092,0.06974387210381137,0.015439072225903957,3.4076690673828125,8.935546875,2.067955198626816,6.277990088440238,12.106132969844415,1.876325318141295,8.910178509488611,37.42451121207919,6.691886889105997,0.6302272986875674,2.647079245469004,0.473324949971858,0.9053656357092436,0.979573677635646,0.11658797550912678,808.064009069463,1530.5787954720563,376.1270928923196,0.8531441709072509,2.065281088307515,0.3580823702476072,1.4366689153746326,2.6152271558392735,0.5507929823004412,0.10161726487081547,0.18497806122781607,0.03895822883925577,8.431625366210938,26.77001953125,4.69163894153176,5.968525269277383,15.678250948344187,2.410886433099103,18.174476636541055,52.510175408394055,11.45506193847591,1.2855018901708815,3.714105835926947,0.810229866225069,0.6107811099439828,0.7257960453116993,0.08828447878783077,1962.2275532435888,4471.146117602544,1129.556053301667,1.6657961794157274,2.832874651096124,0.5362620790521482,0.5372192679690286,0.8878672971400727,0.18291299950658538,0.03799814422286643,0.06279988753016968,0.012937649391773167,3.3306121826171875,6.38427734375,1.3464101938573902,6.168552076372298,9.251270807428698,1.5255602795217742,8.652254578597608,22.612644051306788,5.342665504206099,0.6119840387956121,1.5994186380735589,0.377892950732848,0.9291332701441066,0.9750405851878835,0.03428996153539536,889.6307523348149,1794.5420174115304,354.3183312500854,0.8040927519801508,1.4319141212570614,0.2930698989636365,1.6037049005000634,3.8033435374767204,0.6199839759667032,0.11343191455231313,0.2690149160370011,0.043852188369399865,8.974838256835938,16.11328125,2.641746767983736,5.971668614479479,11.057653151450944,1.7961267994669323,15.878447350746436,38.622965134518,7.38479069990825,1.1231010658829135,2.7318472865734327,0.5223348431482056,0.5926122946477136,0.7237586381800457,0.09032043675108735,2119.5841676282307,4213.796229940533,1076.1068703471992,1.70935217389148,2.8550370253205917,0.4716329881534184,-0.017142768878005588,0.9680898100643072,-0.001212527999355513,0.9680898100643073,0.077056884765625,1.0231359523536823,0.10943801206794035,1.017741280403083,0.2579239308910033,1.0298100256468423,0.0182432598919553,1.0298100256468423,-0.023767634434863072,0.9744195636959844,-81.56674326535187,0.9083139346843824,0.04905141892710008,1.0610021901158873,-0.16703598512543083,0.8958436897752535,-0.01181464968149766,0.8958436897752535,-0.543212890625,0.9394737960640965,-0.003143345202095915,0.9994736236377092,2.296029285794619,1.1446003652042644,0.16240082428796798,1.1446003652042644,0.018168815296269236,1.0306588564907684,-157.35661438464194,0.9257606200367496,-0.043555994475752646,0.9745190048364382
Train221.csv,10.028661881959417,676,0.3839811063881996,0.7476936183507874,0.1567191992530619,0.03828836896764304,0.0745556712502009,0.015627129630821877,2.6153564453125,6.689453125,1.5438908827354403,6.44189630516314,11.243035277254622,2.080454519735378,11.624713321647732,36.87107641218219,8.237017791562744,1.1591489930036885,3.676569899969372,0.8213476422393237,0.9018952072030323,0.9860434134748504,0.05834401870635633,744.3612927892191,1705.2856603810499,336.5918299883582,0.902344039464133,2.4796249335678997,0.42730998955166716,1.4893091504991551,2.9878880210902024,0.6057129638122614,0.1485052709951541,0.29793486471661,0.06039818381970578,7.4710845947265625,17.626953125,3.1081617488371736,5.2590950300053745,10.590403655903298,1.4733969809988838,16.798668839312903,56.9240168670955,12.115541364187724,1.6750658300218564,5.676132821817061,1.208091518768062,0.6032834214050338,0.6973608350457058,0.06888865457762748,2435.555936896487,4850.500970631727,1174.8743418959816,1.7543805034017685,2.963362257225199,0.4903775967596152,0.4106311544191157,0.8902969592777648,0.17111132086955427,0.04094575719596261,0.08877524935598058,0.017062228528949293,3.0231475830078125,8.67919921875,1.9626020565169648,6.945269337947856,12.573863752203707,2.3567417049250943,11.930288401743407,35.254929697591976,9.318310357321526,1.1896191677580468,3.515417122698308,0.9291678657632537,0.8922005541751363,0.9823832369072437,0.07020597917678345,815.9539679543858,1693.235825076388,371.3874247614417,0.9012698926231684,1.7658032750748207,0.35936152290698187,1.6484160860410348,2.982831895544379,0.5021476301620995,0.16437049184062874,0.2974306972010097,0.050071249392245845,9.233856201171875,19.42138671875,2.9863690782948598,5.720802570034212,9.88071831762565,1.5781298708927074,18.163264850611625,58.19218664110693,12.486270631492493,1.8111354300702436,5.802587356722933,1.2450584911985192,0.6005096138357613,0.684199403076343,0.05694050376246507,2645.077917513151,4225.444805470987,1214.8243151666852,1.7693344868933067,2.982211442393488,0.48455519405920444,-0.026650048030916085,0.9350997903005787,-0.0026573882283195682,0.9350997903005785,-0.4077911376953125,0.8651104100946372,-0.5033730327847161,0.9275228924479048,-0.30557508009567513,0.9743866141533494,-0.030470174754358315,0.9743866141533494,0.00969465302789596,1.010866002024465,-71.59267516516672,0.9122589288404944,0.0010741468409646293,1.0011918148489776,-0.1591069355418797,0.9034788989932734,-0.015865220845474648,0.9034788989932735,-1.7627716064453125,0.8090969181194745,-0.4617075400288373,0.9192932225196374,-1.3645960112987225,0.9248705547971585,-0.1360696000483872,0.9248705547971585,0.0027738075692724795,1.0046190893623748,-209.52198061666422,0.9207879740595118,-0.014953983491538203,0.9915482439288259
Train222.csv,11.986921302697056,808,0.6034370423123788,1.3316809285857931,0.38042496662178693,0.050341286730280405,0.11109449165117695,0.03173667007692721,4.5566558837890625,11.80419921875,3.4553435812549864,6.836208049491599,11.948244997528343,2.245102171401273,11.41452050709611,30.314624032109844,7.679299624832018,0.9522478890828995,2.528974977527304,0.6406398633070342,0.888719271366794,0.9760053145609123,0.09177769340606518,1216.0543817411526,3484.5647673537255,901.1138220824911,0.9675842741365773,2.0227653799518976,0.5038025402598588,1.3824157851572094,2.5564096403288907,0.5490434722247794,0.11532700935027965,0.21326657410804048,0.04580354357555053,8.343505859375,24.31640625,4.777286831757659,6.068247928932142,14.054508014564929,2.8452769846695793,24.924642707062237,74.22703650955518,20.161649246484753,2.079319791767899,6.1923353490986965,1.681970602572354,0.5865377056418779,0.7053961630297155,0.10053241850529122,2004.2943772110389,4308.741223327775,1380.9463713964774,1.7476845624945683,2.9769232354154047,0.5352222241987823,0.5234158771518268,1.2768799175890364,0.3435136807275792,0.04366558050515092,0.1065227580414446,0.02865737348674248,3.8181304931640625,13.0859375,3.383071039342208,6.351410972787177,10.415533830455349,2.1640679885075125,9.725116681214992,32.949017047503446,7.999726804935852,0.8113106306142881,2.7487472567363835,0.6673712626390494,0.872510289107953,0.9638484557905999,0.0994019236310707,985.2068044749608,2641.245692261192,761.416440616402,0.8042055505325706,1.9234192213822177,0.4555413299997266,1.4718221916165868,2.8656132531419307,0.5918886169731122,0.12278567235487121,0.2390616556811104,0.0493778679301029,8.017730712890625,13.24462890625,3.563648861461928,5.42089837001296,9.907199977130704,1.9905758610556392,33.90941643305092,398.7564247564505,68.47648778517859,2.8288678616269305,33.265958346346224,5.71260009605397,0.5896399595002159,0.714479821692026,0.14321898666651559,2149.1287674862206,4213.149713736032,1448.9401930289234,1.658283215860493,2.994472867920549,0.6144097061380652,0.08002116516055202,1.1528825713044626,0.006675706225129488,1.1528825713044626,0.738525390625,1.1934259166749925,0.48479707670442274,1.0763290359861062,1.6894038258811186,1.173715532806343,0.14093725846861138,1.1737155328063433,0.01620898225884093,1.0185774110187433,230.84757726619182,1.2343138275310794,0.16337872360400674,1.2031554289768482,-0.08940640645937736,0.9392546144713465,-0.0074586630045915675,0.9392546144713466,0.325775146484375,1.0406318393757732,0.6473495589191822,1.1194173944488899,-8.984773725988685,0.7350360262398564,-0.7495480698590313,0.7350360262398564,-0.0031022538583379555,0.9947387319866051,-144.8343902751817,0.9326078583720273,0.08940134663407528,1.0539119890854618
Train223.csv,3.7681658550557575,254,0.09044583732542275,0.15072174281582157,0.029790701803408183,0.0240026158095115,0.0399987019184938,0.007905889217545432,0.2788543701171875,0.47607421875,0.09500281249568338,3.176397177770734,5.711804494837405,0.9145912421220977,4.738698526930706,18.799883822021098,3.9630789476709616,1.2575610281518745,4.989133850570098,1.0517262509434633,0.25195463663774165,0.8967412752047329,0.2468915260240319,55.85641777434343,295.31635752082724,56.98032909893323,0.8867718044883952,2.5314281315524854,0.6575647417930576,1.1228688226415071,2.3186282007663284,0.5804591526970108,0.2979881634283563,0.6153201026582784,0.15404288850985878,5.1235198974609375,10.302734375,3.2075691131842587,4.550775298143567,9.715516295870358,2.1525414669482013,17.572203975124708,52.771972720628725,12.380593812162614,4.663330822221649,14.004684175412406,3.2855756058485435,0.3122278443751346,0.3831125185128274,0.08623849309928784,1721.0333422784126,4019.085259213356,1406.0269280027635,1.8097108487009987,2.984579777887643,0.7501471282083021,0.07962070195044177,0.15810626797300312,0.029590577080351756,0.021129829474892798,0.04195841532847381,0.007852779898382128,0.3021240234375,0.537109375,0.10362504178680203,3.9396517661493786,6.512417704266041,1.0461484541727606,5.565028331141748,19.00841556816819,4.1685046762032885,1.47685334064453,5.044474234769829,1.1062423567716362,0.2905198383012214,0.9360711239951017,0.257622120137007,74.14510161309659,298.2968762017187,78.5014597999636,1.1735730399222315,2.915765375720876,0.7963565381997765,1.3268204442427627,2.0722053799514364,0.5299459265919207,0.3521130691374862,0.549924143378974,0.14063763299614082,6.5937042236328125,12.451171875,3.7894687107635385,4.544855466640708,7.240989312575934,1.7932353906587517,19.33082543308729,76.95893989330054,16.399225907292443,5.130035719407381,20.423448131945822,4.352044612179042,0.30551288451071634,0.4134325618886811,0.10762013467850946,1980.7228232864973,3917.648810755729,1506.5754642475413,1.8511778928696638,2.9984784589443185,0.7357486816497494,0.010825135374980976,1.1359588035498462,0.002872786334618703,1.1359588035498462,-0.0232696533203125,0.922979797979798,-0.7632545883786448,0.806263438069134,-0.8263298042110421,0.8515138189707099,-0.21929231249265557,0.8515138189707099,-0.038565201663479765,0.8672544983881825,-18.28868383875316,0.7533392841756825,-0.2868012354338363,0.7556170552002102,-0.20395162160125557,0.8462854393853918,-0.05412490570912987,0.8462854393853918,-1.470184326171875,0.777032108764825,0.005919831502859019,1.0013025346012234,-1.7586214579625832,0.9090250199584097,-0.46670489718573194,0.9090250199584097,0.0067149598644182795,1.0219793017082484,-259.6894810080846,0.8688915592050396,-0.04146704416866509,0.9775996438114418
Train224.csv,11.497356447512646,775,0.48006483237360054,1.28834251757803,0.2828249379897917,0.04175436628108181,0.11205554280756008,0.02459912757171049,3.4122467041015625,11.43798828125,2.712997220856654,6.425514825346669,10.031031346348728,1.8329679136804895,9.847984460462156,25.77941484767889,5.950659499825815,0.856543371984669,2.2422036722412,0.5175676275665255,0.8564989304119016,0.9848613851911198,0.12112664939640341,878.0841051515397,2370.2920632553214,577.2323008583065,0.8583199960630474,2.117796670056645,0.4616661116907805,1.3986571499024372,4.507161842209155,0.8565713857702438,0.12165032512365263,0.39201723133357674,0.07450159431697496,7.7861785888671875,22.03369140625,4.64233666195969,6.081655070998301,10.378956366903004,2.5396810106463708,25.754934677429905,78.46405248509619,20.741659338773243,2.240074472336792,6.824529868522187,1.8040372526904238,0.5921864200724053,0.7088598394528179,0.08989103264767567,1810.6191918308282,3922.8960896108847,1289.633013969263,1.7390637754521014,2.958897773064494,0.6288013020222044,0.5745103473701245,1.3491117053925397,0.32552652715740715,0.04996890806968196,0.11734103500673917,0.02831316299911986,4.620361328125,11.5478515625,3.2581827561633956,7.631667944067876,12.562324541097839,2.502482110456182,15.048989693805499,38.98117558269445,10.221679780476181,1.3089086837053938,3.3904468179837717,0.8890460887369944,0.8890830255479601,0.9777695026107105,0.08497581474117391,1116.9560797108181,3521.2523431025443,756.935234758811,0.979205400250152,2.200645870587083,0.5204852063903894,1.5757877444769064,3.575911782774041,0.7411723003291412,0.1370565270086772,0.3110203462072935,0.06446458398612903,9.142303466796875,17.6025390625,3.4814149466015567,6.5869114677975436,22.034026239816487,3.485163945115017,28.397969118738203,196.09742236454707,35.92494595279637,2.4699563980972217,17.05587047420549,3.12462661454394,0.5656530748654064,0.6875387109563705,0.11594677620734016,1914.408486981025,4324.0853391437495,1214.9067136373221,1.82026113354675,2.986488655708349,0.5246057590792889,-0.09444551499652398,0.835606938275599,-0.00821454178860015,0.835606938275599,-1.2081146240234375,0.7385237780713342,-1.2061531187212067,0.8419541930334176,-5.201005233343343,0.6543950564678642,-0.4523653117207248,0.6543950564678642,-0.03258409513605853,0.9633508972730906,-238.87197455927844,0.7861402261930274,-0.12088540418710458,0.8765474494358153,-0.17713059457446922,0.8875923517013588,-0.015406201885024576,0.887592351701359,-1.3561248779296875,0.8516648585496119,-0.5052563967992425,0.9232938837466743,-2.6430344413082985,0.9069287514801786,-0.22988192576042987,0.9069287514801784,0.026533345206998904,1.0469074533243055,-103.78929515019672,0.9457851885550979,-0.08119735809464856,0.9553924672684535
Train225.csv,4.079707126536745,275,0.2115669267434367,0.5095906450594931,0.10860208266458506,0.051858361441507544,0.1249086341872005,0.026620068376520242,1.3347625732421875,3.77197265625,0.9919509069403004,5.824071713535579,11.120586715804924,2.274224852910717,12.631443099464434,46.95572519420945,11.884758577229478,3.0961641872041046,11.509582364082608,2.9131401369290018,0.8244943304035284,0.9705647680626158,0.12747695598170403,414.1354714466821,1354.4837414416797,294.513434965755,1.08757507460315,2.5837070500748616,0.6165810140287895,1.3708175926658013,2.277973611403771,0.40187977298670846,0.33600882370923657,0.5583669466336272,0.09850701546016696,7.170867919921875,12.78076171875,2.6918803655250625,5.215324117848443,9.224441338627477,1.7353105770604362,19.21155519495155,99.96353057394649,16.776300790546873,4.709052537126655,24.50262420155766,4.1121336091564595,0.3490691066516791,0.42492497326684037,0.0305745954295998,2372.3010781995813,4535.410563510478,1222.6546165779696,1.7094126739252236,2.9620001503868045,0.4330871265065622,0.2122564889256908,0.5094503692145268,0.10404052895639085,0.052027383913186655,0.12487425038448734,0.02550196024603135,1.4568328857421875,5.517578125,1.1097225790418253,6.413653018611319,12.361077220749978,2.3901197342823566,12.714169057682792,46.8709889696903,11.591485822819328,3.116441612924265,11.488812190663056,2.841254399714549,0.8448714885971551,0.9738933424231303,0.11747658546553559,444.5306415894841,1211.579152901303,258.0665484692352,1.0542184302771105,2.250591960720821,0.48958946993262564,1.5063347322856664,2.7593544844775204,0.5610203550099685,0.3692261933430479,0.676360924667632,0.1375148601625768,7.909393310546875,13.07373046875,3.4145855337944013,5.129190583561181,9.333692929549388,1.6562306499197543,18.86957752538111,90.0822998266521,18.11022254405404,4.625228463740107,22.080580059461962,4.439098685848014,0.3291826854012665,0.41524437802820713,0.07637080705320061,2539.8056647921994,4375.767505426167,1268.8359551445005,1.7342249965769079,2.910766500145996,0.4974878678557987,-0.0006895621822541054,0.996751278673532,-0.00016902247167911028,0.996751278673532,-0.1220703125,0.9162084315265776,-0.5895813050757397,0.9080740253074377,-0.08272595821835793,0.9934934042607866,-0.020277425720160558,0.9934934042607866,-0.020377158193626732,0.9758813518166396,-30.395170142801987,0.9316241282398,0.033356644326039575,1.0316411128548297,-0.1355171396198651,0.9100351756383951,-0.03321736963381133,0.910035175638395,-0.738525390625,0.9066267965660268,0.08613353428726178,1.0167928122155017,0.34197766957043996,1.018123228732093,0.08382407338654829,1.018123228732093,0.019886421250412623,1.0604115044087798,-167.50458659261812,0.934048266402964,-0.024812322651684315,0.9856925585199959
Train226.csv,16.71938156947968,1127,0.511126447031173,1.2634687068763992,0.27855654373316874,0.030570894318495988,0.07556910532999572,0.016660696603853966,3.354644775390625,10.4736328125,2.46002240329441,6.163449690853124,11.250756349586805,2.07120100126375,8.133903190051774,18.765582249035,4.7655435728303575,0.48649545775662956,1.1223849501282122,0.2850310911935641,0.8985120503227019,0.9776708809728801,0.04400573707890551,980.7946451894126,3394.599412546078,655.3141832946427,0.6873787893233345,1.4889719758596622,0.34445419580648884,1.2711986560569433,2.786361246408173,0.5843614331445209,0.07603143996530631,0.16665456403570114,0.034951139234195176,7.1590423583984375,16.7236328125,2.9324978769782675,6.16191928621154,10.84788966891993,2.0898555404617207,23.143509430935445,109.52774891693429,19.85893407305781,1.384232385316372,6.550944989309367,1.1877792244008123,0.6575635521528009,0.7905988730541483,0.08058269546864863,1930.6668224165655,5280.075040466382,1292.41621837922,1.8308853011602644,2.836728999683623,0.4984724622006344,0.5166758345472386,1.065007469650275,0.23769888917742948,0.030902807762363788,0.06369897506223485,0.014216966589920757,3.04718017578125,6.33544921875,1.4103108622467282,6.089891806969427,8.351566611783507,1.346904514546778,6.449993057582512,13.45817898330312,2.4010828700947324,0.38577940402751637,0.8049447838352043,0.14361074661264855,0.8941884288868982,0.9801534520249084,0.04971841685246649,921.3582415223209,2592.122281819043,553.9865485189374,0.6245018821606739,1.094004725352815,0.21409371732045213,1.4394671297124293,2.5826509629428034,0.5203158276769955,0.08609571614419628,0.15447048398352795,0.031120518753325405,7.8403472900390625,12.8662109375,3.1839169800015306,5.4488022327543195,9.985419170507821,1.5897855775215304,18.16561598996772,61.49081231387027,11.582718519080347,1.0865004733864116,3.6778161954338313,0.6927719467940111,0.6208607070140981,0.8476616654049322,0.10311876965951182,2026.4596654726392,5396.00864623893,1312.0812282529703,1.735921506218761,2.4432858728370985,0.41370970252924205,-0.005549387516065596,0.989259440552453,-0.0003319134438677998,0.9892594405524525,0.307464599609375,1.100901352028042,0.073557883883697,1.0120786848461767,1.6839101324692614,1.2610716193701452,0.10071605372911319,1.2610716193701452,0.004323621435803671,1.0048352464605093,59.43640366709167,1.064509547957033,0.06287690716266059,1.10068329489275,-0.16826847365548603,0.8831036359342905,-0.01006427617888997,0.8831036359342903,-0.681304931640625,0.9131027100666569,0.7131170534572204,1.1308759288730408,4.977893440967726,1.274028331531221,0.2977319119299604,1.2740283315312213,0.03670284513870281,1.0591160701974804,-95.7928430560737,0.9527289663405506,0.09496379494150342,1.0547051203647777
Train227.csv,5.503895796164118,371,0.24663902876043556,0.4298696651987378,0.10373766975684956,0.04481171844356647,0.07810279865733122,0.01884804393083685,1.108551025390625,2.63671875,0.578816675902388,4.4136342183392525,6.954421530819835,0.9814884834458145,5.116322793761499,16.29956425054329,3.3204785371370966,0.9295820602794235,2.961459456028056,0.6032960397708237,0.8557244057921451,0.9759664908475038,0.08503755421608615,473.9657387821575,1085.331205253683,271.3340261894696,0.6730853954521803,1.8593773791329236,0.336236059076335,1.4203305037984255,2.7753123783085343,0.509859026891995,0.25805911964908745,0.5042450804106355,0.09263602469496897,7.51800537109375,17.7734375,3.06934742587079,5.511808557745082,15.952966782068891,2.254761458396372,32.98085222690217,385.3355652461402,72.45169330639155,5.99227409971821,70.01142091292786,13.16371094032812,0.48340622028743463,0.5653962538789968,0.0860930802248091,2457.2818381402853,4429.59682541384,1184.5930677453146,1.6800348695906364,2.9132908073532473,0.5064742370245623,0.27965583666545246,0.6007061721658983,0.12379658464579595,0.05081052531197186,0.10914199585401928,0.02249253787327781,1.389312744140625,5.65185546875,0.9684581042844723,4.813101032670748,9.408685528187174,1.3912759349227595,5.971376464829941,31.955944725901748,5.510568165725658,1.0849363225574926,5.806059182329198,1.0012122993982173,0.865724512951447,0.977935708281184,0.10280816928100588,518.3429269938545,1193.2736025300746,293.11875917522974,0.6340780727420916,1.6228886743417892,0.37818361568907105,1.5278307016270187,2.7817027253926425,0.49813684976904693,0.2775907753725687,0.5054061392897956,0.0905062283548715,8.500289916992188,12.63427734375,2.8566223633744006,5.720344638811342,13.732968342747894,2.2479357371870083,46.39183157076818,625.3541884756452,124.77291431859452,8.4289080478414,113.62028127630599,22.669926710013964,0.46652080267880264,0.5650192237283127,0.1125705973245204,2558.8635899217147,4344.478259690849,1230.7507306903444,1.730322450976207,2.9479090131627195,0.5675835858698072,-0.033016807905016904,0.881937712086752,-0.005998806868405392,0.8819377120867521,-0.28076171875,0.7979132344865458,-0.3994668143314959,0.9170042740387199,-0.8550536710684424,0.8568079443484236,-0.15535426227806914,0.8568079443484236,-0.010000107159301885,0.9884488575641582,-44.37718821169699,0.914386430487122,0.039007322710088665,1.0615181700597218,-0.10750019782859321,0.9296386715399069,-0.019531655723481256,0.9296386715399068,-0.9822845458984375,0.884441053718081,-0.20853608106625998,0.9635448396498025,-13.41097934386601,0.710919381930237,-2.4366339481231902,0.7109193819302372,0.016885417608631992,1.0361943508449665,-101.58175178142938,0.9603020058663865,-0.050287581385570546,0.9709374507871643
Train228.csv,0.0,0,0.07020931103075298,0.1283724744152733,0.02981688543990106,,,,0.209808349609375,0.40283203125,0.08972570189718038,3.242493525471927,6.855644544297162,1.5554775756610482,18.338053595487793,74.61442062084156,16.24660236575457,,,,0.0,0.0,0.0,0.0,0.0,0.0,1.7787919550775562,2.9173694650707693,0.9289593318586282,1.2991165612942608,3.0100616294668057,0.5830683865622157,,,,7.0491790771484375,16.9921875,3.2993002175640633,5.6314086976481885,15.248015586900866,2.6657118652667973,36.52819066270261,222.03496417267598,48.41226130115234,,,,0.0,0.0,0.0,0.0,0.0,0.0,1.9125205216519996,2.9937098733467615,0.6444066748234599,0.05384653443559961,0.12804256438935657,0.025117358246001767,,,,0.202178955078125,0.30517578125,0.0785753561435867,4.127944985034153,7.608343318924594,1.7930622964103795,15.888007737917789,60.27864742128918,10.690450651479264,,,,0.0,0.0,0.0,0.0,0.0,0.0,1.802242296281063,2.9605313945913596,0.9240104996904355,1.4292892302197755,2.525786888736905,0.5113738083321258,,,,7.7625274658203125,12.3046875,2.9355615845408147,5.651748404748675,15.296559980301106,2.4501748427871908,37.796288673035825,258.1088917197681,57.910622128947516,,,,0.0,0.0,0.0,0.0,0.0,0.0,1.8764163901175128,2.999146393799392,0.6663176308967333,0.016362776595153367,1.303877988930248,,,0.00762939453125,1.0377358490566038,-0.8854514595622263,0.7854982411896412,2.4500458575700037,1.1542072422159517,,,0.0,,0.0,,-0.023450341203506753,0.9869882416743316,-0.1301726689255147,0.9089248934552605,,,-0.713348388671875,0.9081035923141186,-0.020339707100486493,0.9964011655077574,-1.2680980103332118,0.9664491394564386,,,0.0,,0.0,,0.03610413153448677,1.0192410020103404
Train229.csv,0.0,0,0.07061026391443528,0.12621415082500403,0.028778520386404754,,,,0.20294189453125,0.341796875,0.08969001470755368,3.302909407862648,8.668864748971238,2.107809119465289,13.722434827937551,28.726169764275856,8.512967439971568,,,,0.0,0.0,0.0,0.0,0.0,0.0,1.63893041887725,2.9190142141320967,1.0331778414267916,1.1913872908384044,2.381438453230815,0.6090665940926688,,,,6.0573577880859375,16.54052734375,3.85813131251927,4.8156990421464485,10.131378637118635,2.168420420961668,20.120729016300153,78.11624249042633,15.858557083910206,,,,0.0,0.0,0.0,0.0,0.0,0.0,1.8044033187137596,2.9966852029334334,0.628507879786974,0.05242057639706552,0.12724376568014922,0.025556722934752606,,,,0.19989013671875,0.3173828125,0.08758863915140482,4.305976159262908,11.942129913659809,2.363798986601707,17.072792947327684,79.2695233872779,15.158435327762689,,,,0.0,0.0,0.0,0.0,0.0,0.0,1.6880624176684007,2.9404497353140617,0.9818104639175583,1.2804727245589742,2.209748568510327,0.5544240623465408,,,,6.655120849609375,12.09716796875,3.6706943814239583,5.092132781653132,10.023073697185511,2.3848338064003696,21.64363864935344,106.62063966036456,21.32523888533547,,,,0.0,0.0,0.0,0.0,0.0,0.0,1.7459531556408863,2.9993599040346046,0.6317245669399886,0.01818968751736976,1.3469951833339249,,,0.0030517578125,1.015267175572519,-1.0030667514002598,0.7670524140635364,-3.3503581193901333,0.8037603964549603,,,0.0,,0.0,,-0.04913199879115071,0.9708944418897654,-0.08908543372056976,0.9304276990739861,,,-0.5977630615234375,0.9101799839504757,-0.2764337395066834,0.9457135641665375,-1.5229096330532883,0.9296370791563376,,,0.0,,0.0,,0.05845016307287332,1.0334775093386843
Train230.csv,14.939145732445462,1007,0.37476821111607106,0.8922199056322003,0.18544246189287036,0.025086321388654357,0.059723622863818764,0.012413190500586565,2.083587646484375,5.5419921875,1.1610221485214953,5.542146256925503,9.019179278234125,1.5529587587677531,6.8732952478743305,17.516356124968784,4.384208801220442,0.4600862305631453,1.1725139066637544,0.2934711850155283,0.9362019908031941,0.9901049076450463,0.04810606811211841,750.5785892996548,2192.6660425097166,448.17625677406267,0.6826517373285579,1.928275673553621,0.3980489388720277,1.3819390115365215,2.358248356373842,0.436118638517791,0.09250455389394646,0.15785697513159,0.02919301051937731,7.3101043701171875,12.255859375,2.639469035800219,5.367279570666462,11.566061797977621,1.6828329264527861,17.82567877296298,53.829108160172076,11.00051285265609,1.1932194177775792,3.6032253198563935,0.7363548792997391,0.6902109334904636,0.7790640431899648,0.05375676499998993,2281.771120554331,4100.0032729380055,1096.5215803858252,1.6955737077898285,2.91547167849513,0.4873695485955092,0.3495356139152138,0.7876493528064488,0.1834823634120532,0.02339729594819319,0.05272385495884138,0.012281984974117933,1.898956298828125,4.638671875,1.082453538158969,5.561697334658255,10.47738083129192,1.4694131641145909,5.229878372167108,10.926075036863946,2.113989541721353,0.35007881078558856,0.731372143531222,0.14150672197608338,0.9318627225124817,0.9885328679191125,0.03668681664470607,658.200820672894,1726.7086947332289,413.98658574587853,0.601368559165227,1.7165772807853086,0.3313859744962372,1.4681954038440947,2.7463430804260307,0.5104658277095392,0.09827840427685275,0.18383534973230817,0.03416967990350934,8.11004638671875,12.79296875,2.8968669377629372,5.693811970739162,11.197223775442533,1.8690998282421214,20.440394705540577,96.08790251966799,16.2014326406956,1.3682438789754405,6.431954292472043,1.084495253668264,0.6798983630642113,0.7450406102467365,0.0320504784812508,2423.0291017800664,4238.410256298152,1180.6081472656094,1.820356660222977,2.9237824345576255,0.5004813902643391,0.025232597200857243,1.072188916368842,0.0016890254404611678,1.072188916368842,0.18463134765625,1.097227802330253,-0.019551077732752553,0.9964846922519645,1.6434168757072225,1.3142361559407048,0.11000741977755674,1.314236155940705,0.004339268290712406,1.0046565531444513,92.37776862676083,1.1403489113433813,0.08128317816333086,1.1351636644858218,-0.0862563923075732,0.94125005971158,-0.005773850382906287,0.9412500597115802,-0.7999420166015625,0.9013640639698965,-0.3265324000726997,0.9426513552342843,-2.614715932577596,0.872080947053882,-0.1750244611978613,0.872080947053882,0.010312570426252332,1.0151678118178944,-141.25798122573542,0.9417019048091659,-0.12478295243314852,0.9314513715032835
Train231.csv,10.903944501834573,735,0.45802897701809264,1.208774647062005,0.2086519720739242,0.042005805966916825,0.11085663971039383,0.0191354580022687,3.4435272216796875,11.38916015625,2.250609542514246,7.011904820643672,11.854951398984715,2.19227212494332,12.674978270002146,37.31163598822482,8.26084232246309,1.1624213850198521,3.4218475691936248,0.7576012809926918,0.9081318073339573,0.9813541027020599,0.055435036046713834,811.2403662543712,2008.5074899123658,395.315545576891,1.1135170570254358,2.110192770135338,0.45020959360389035,1.4730639942658004,2.729261729111172,0.48198054675041,0.1350945975576049,0.2503004053855903,0.04420240277904179,7.7548980712890625,12.7685546875,2.6191038872573045,5.4941218791817175,11.19420148687419,1.5259311471778088,17.96606622490209,80.1307005037214,15.75549920047973,1.6476666973020015,7.34878102967596,1.4449357475938078,0.6004690625719461,0.6916317504155854,0.10356168983218259,2363.8933200327383,4437.639161253502,1180.8876249116574,1.5535420269309714,2.1754004941695415,0.3407500536016903,0.5181590333010287,1.2891035998179121,0.2754706561834487,0.04752032929128071,0.11822360244047668,0.02526339492438733,4.038238525390625,11.80419921875,2.8713707522650993,7.3344929447517755,14.679338837183082,2.4837957133804918,13.813672464336253,55.12780987125208,11.063779918210818,1.2668509512325674,5.055767650135866,1.0146584950381352,0.9035917513712638,0.9731623099562751,0.062420253416342886,976.3952093892409,2603.6196161113326,541.0764495447411,1.0489574147425893,2.2815713166762976,0.4332304473875788,1.6371540532143203,3.138005131831267,0.5889609122733568,0.1501432855732961,0.2877862347248101,0.05401356474019699,9.101104736328125,16.1376953125,2.8075324957969316,5.884707577164333,10.559699201275336,1.6229613705456454,17.287060299912135,72.22613045111298,12.583076508212057,1.5853951106412556,6.62385345403776,1.15399308076953,0.6026417684004985,0.6965672971123882,0.07731340320545459,2528.19986835711,4104.731373307455,1143.4120696315888,1.6044247511014338,2.397365247387955,0.36646050603151664,-0.060130056282936106,0.8839544378877922,-0.005514523324363883,0.8839544378877922,-0.5947113037109375,0.8527300207821651,-0.3225881241081039,0.9560176652240244,-1.1386941943341071,0.9175675985315306,-0.10442956621271526,0.9175675985315307,0.004540055962693468,1.00502445485564,-165.15484313486968,0.8308524647123391,0.0645596422828465,1.0615464854678482,-0.1640900589485199,0.8997711555449823,-0.015048688015691203,0.8997711555449822,-1.3462066650390625,0.8520831586889094,-0.39058569798261544,0.9336269996663408,0.6790059249899549,1.0392782759595862,0.06227158666074595,1.0392782759595862,-0.002172705828552446,0.9963946975757768,-164.30654832437176,0.935010459267549,-0.05088272417046236,0.9682860014871177
Train232.csv,5.073672135547516,342,0.11014167637179856,0.1819086046405612,0.03115455582447336,0.021708473356036602,0.035853441014854,0.006140435367550878,0.3650665283203125,0.5859375,0.10825610804552897,3.389230434567143,6.5909074212193755,0.7732178760469541,4.828325428924579,22.986947372911263,4.854734033834007,0.9516431688788142,4.530633190083078,0.9568481967568284,0.29268960715858694,0.8485662696556562,0.24577117755113817,70.56881437116235,163.8964724483838,41.28580523566467,0.8039739753001882,2.393284076536411,0.5657236226712553,1.4512321303756266,2.888733213855431,0.554323967731942,0.2860319097499231,0.5693574863886428,0.10925498394904132,7.1689605712890625,16.76025390625,3.460845721051261,4.740353917420712,8.39853510915701,1.5879179001822499,14.61421256221775,39.921953571288874,7.998412041929479,2.8804014472726047,7.868453558830674,1.5764542580294945,0.3277761568981672,0.3719759355075535,0.05788332068505175,2458.531240557398,4810.89137262313,1231.6338327401465,1.599756578040106,2.9971629259747212,0.5701810464712331,0.09466525063599876,0.15915675085780268,0.029686447686064776,0.01865813322322278,0.03136914380862483,0.005851077265729001,0.3437042236328125,0.5615234375,0.08189347453428406,3.7862089561948626,5.475147441242113,0.7279595087198552,4.742791459885906,16.343849452350998,3.565705636854591,0.9347847738636144,3.2213057950358244,0.7027859785957188,0.2912161995136977,0.804402086980087,0.21795825584560122,64.69145947896378,204.70405717868414,34.536886882706106,0.9621765312982588,2.1533354977575745,0.5270771734894049,1.64294608802556,2.8008121424930494,0.4666492454025904,0.32381794568762856,0.5520286032812022,0.09197465522715192,8.3221435546875,12.19482421875,3.1906022117727537,4.838743359175174,7.274743490294815,1.5028833975520652,13.828791702961713,31.828155432072506,6.762240744464166,2.7255982124019145,6.2731990916551075,1.3328099577199881,0.3151938738966189,0.36999574345993114,0.07688282082715306,2696.1304718713823,4408.356928845758,1242.9277698598726,1.6264041999217518,2.9997275999788333,0.5192074880615355,0.015476425735799798,1.1634858158809387,0.003050340132813821,1.1634858158809385,0.0213623046875,1.0621531631520533,-0.3969785216277195,0.8951514493202503,0.08553396903867316,1.0180345203372554,0.016858395015199812,1.0180345203372552,0.0014734076448892353,1.0050594975394558,5.877354892198568,1.0908520991725308,-0.15820255599807054,0.8355784506772278,-0.19171395764993338,0.8833108651298905,-0.037786035937705464,0.8833108651298905,-1.1531829833984375,0.8614319765309865,-0.0983894417544624,0.9796663235780221,0.7854208592560372,1.056796058262113,0.15480323487069025,1.056796058262113,0.012582283001548289,1.0399191863915325,-237.5992313139841,0.9118739861468698,-0.026647621881645822,0.9836156215761569
Train233.csv,12.699015637510742,856,0.33228652218895977,1.345192683707208,0.281060162811439,0.026166321207404586,0.10592889418402923,0.022132436941114934,1.868438720703125,6.4208984375,1.785744989159923,5.071431804252571,9.977198103631924,1.941738823042417,6.604381410243329,44.2582415053401,7.817088069593112,0.5200703423606396,3.4851710375573326,0.6155664574900401,0.8747686232840702,0.9774800058755106,0.1396913895344349,606.2540269464555,3011.962961070926,633.6809126552079,0.5943576526672066,1.6083334884491778,0.3144396297264639,1.2646900611015832,2.5702929394566127,0.5590935958013682,0.09958961365209307,0.20240095869040453,0.04402653022568933,7.343292236328125,15.6982421875,3.084326241197446,6.061328460826749,9.223800451410428,1.4668482353562906,28.76444064844128,118.94116746373354,27.3533836844912,2.2650921511960336,9.366172218293949,2.153976691208564,0.6243898396770899,0.7202080522923198,0.07111743473358374,1901.9170237482456,4804.460790508829,1325.2095961630594,1.900377951322964,2.9897492149039278,0.6182568753238539,0.3391766659302449,1.4961488877935247,0.3437984654172246,0.026708894264873134,0.11781613083254691,0.027072843693624733,1.85546875,7.84912109375,2.1521319788826125,4.818866257029086,8.453101100103204,1.5135469241506017,6.249996811993921,31.396984543648408,6.088298501659489,0.49216388028789326,2.472395139896279,0.47943074293693166,0.8902619557054785,0.9783298402618291,0.07402528558500306,568.1720304107764,2456.459733991744,563.4119622032026,0.6999851463636404,2.8470653254576255,0.4862641023103611,1.3756886241242756,2.8005939830704634,0.5616507040920288,0.10833033546794954,0.22053630478239455,0.044227892942584286,7.9288482666015625,12.8662109375,2.8592087906708645,6.191559027475066,15.433595005449416,2.346809402919884,30.579216633536166,137.12148015201626,30.503770597562625,2.4079989745984984,10.797803866544005,2.4020578813573272,0.6259541612030803,0.7941063032136793,0.07253380946877361,2041.5607103952163,4560.408836365417,1441.5538341649794,2.021567116266094,2.9990154069823163,0.7031282535064444,-0.00689014374128516,0.9796856787822126,-0.0005425730574685483,0.9796856787822128,0.012969970703125,1.0069901315789473,0.2525655472234849,1.0524118192438061,0.3543845982494078,1.0567015646422946,0.027906462072746385,1.0567015646422944,-0.015493332421408268,0.9825968836227189,38.08199653567908,1.0670254685154892,-0.10562749369643376,0.8491003784220864,-0.1109985630226924,0.9193141812208043,-0.008740721815856473,0.9193141812208041,-0.5855560302734375,0.926148664902574,-0.13023056664831678,0.9789664338060223,-1.8147759850948866,0.9406532872688235,-0.14290682340246486,0.9406532872688235,-0.0015643215259903975,0.9975009008279715,-139.64368664697076,0.9315995424794702,-0.12118916494313026,0.9400518716554062
Train234.csv,5.474225198880214,369,0.2302931533652493,0.4912486128265752,0.0903889892030591,0.042068629805795565,0.08973847347877889,0.016511741099278984,1.685333251953125,3.33251953125,0.9649633954070168,6.883040680663183,11.851731449829789,2.5348419289310438,13.383873996394577,36.15907189024217,9.855376499472838,2.444889187082097,6.6053314535979855,1.8003235419486974,0.8233557015230122,0.9653564681517273,0.11829487931131014,384.8026566781203,739.3099715768072,173.37513929514736,1.084999099230826,2.4332134745201888,0.5408853340663032,1.3841710711866,2.4828866212942864,0.45855701080428846,0.2528524167163858,0.4535594593006835,0.08376655949376893,7.9235076904296875,17.68798828125,2.6034451984097062,6.255582737047893,19.83778933442714,2.9973735714621443,26.454725361639568,144.97488144103048,30.172032422855256,4.832597198787336,26.48317819856698,5.511653490073285,0.4881861149565925,0.7563379154037898,0.06186903526973705,2349.9490080132655,4285.643323054744,1076.424939991525,1.7614975846530676,2.969378465552433,0.5017033238458432,0.22248925253236773,0.5314128009198316,0.10741460950739219,0.04064305804917914,0.09707543654370215,0.01962188357347164,1.5163421630859375,4.40673828125,1.149470960587036,6.170093344051088,12.284013071226443,2.4522397848642585,10.883327305456227,36.30623595471695,10.604435694678111,1.9881036877478984,6.632214539172341,1.9371573710280154,0.7954757989566438,0.975361981303481,0.10250412084473058,372.42670096604667,911.6264191284753,205.67769471210255,0.9420302158802648,2.2362185391411273,0.4848092266038308,1.4890427529710146,2.7507260377430116,0.4715229384417375,0.2720097728671461,0.5024868246753329,0.0861351006418571,8.707427978515625,12.75634765625,2.344954573512765,6.199711409815743,12.658855306988269,2.1435053072401016,31.061439814585906,230.13989848283663,42.39860115925701,5.674125321139458,42.040634084603084,7.745132803073193,0.4847871328937744,0.6988021005020092,0.06009645938017634,2451.6001646526374,4246.192225483539,1171.7241972685708,1.8534876511037695,2.972736388861272,0.5187159018939492,0.007803900832881572,1.0350754058636888,0.0014255717566164228,1.0350754058636888,0.1689910888671875,1.1114465408805032,0.7129473366120953,1.1155488737134722,2.50054669093835,1.2297593944165155,0.45678549933419843,1.2297593944165155,0.02787990256636841,1.0350480839303169,12.375955712073619,1.0332305811585778,0.14296888335056124,1.1517667702590264,-0.10487168178441464,0.9295710740506481,-0.019157356150760307,0.929571074050648,-0.7839202880859375,0.9099710856041356,0.05587132723215049,1.0090119238685356,-4.606714452946338,0.8516902474436131,-0.8415281223521225,0.8516902474436131,0.003398982062818079,1.0070112877017363,-101.65115663937195,0.9585368127702933,-0.09199006645070185,0.9503692045663639
Train235.csv,3.5308010767845284,238,0.11126045985487654,0.16845504096140831,0.032045668034310935,0.03151139286391079,0.04771014772512162,0.009076033267638704,0.5840301513671875,1.69677734375,0.3477144162536943,5.099777927520096,10.072582773813922,1.9554469466739046,12.231437114103295,80.7298707988363,15.107773468532804,3.464210202757264,22.864463061837608,4.278851495732331,0.6372356431936,0.9443825214320075,0.1905731716186194,133.9344201544352,249.90514443888685,66.5639740951519,0.9891005484066895,2.778378220923871,0.6692211847403664,1.2749285901430596,2.6188202021209177,0.6199209188365029,0.36108762924251925,0.7417070928577647,0.17557514721306808,6.3365936279296875,16.93115234375,4.091076115258487,4.5890759957412754,8.650882423091103,1.9711490232642015,22.299524134906548,201.17273429886123,34.995743416796344,6.315712397826315,56.97651323989841,9.911559064286532,0.3278717814885312,0.7868232064916156,0.10894057316225315,2115.466158624686,4755.048994852744,1467.3283867904775,1.6015744296006091,2.5866755535179036,0.6049216470938306,0.09807337270202157,0.15663052952071266,0.030702999737975793,0.027776521692730472,0.04436118776290699,0.008695760273738435,0.513458251953125,1.50146484375,0.30067075055833975,5.034876937920922,10.499341625728869,1.6728280554165729,8.056396638089126,27.118737320405128,6.2646189577392555,2.281747530627248,7.68061885409357,1.7742769477810378,0.6258878311667282,0.9519590090457867,0.17367095580513517,125.82389004360023,268.59690029452315,53.420377445858186,0.9409468621459223,2.604105390278681,0.626764855242123,1.3870026378735605,2.7772128373423173,0.6147019765214718,0.39282944796671815,0.7865673474506534,0.17409702873470173,6.9385528564453125,12.548828125,4.061309359576514,4.507867546462973,6.954090007142744,1.8460646605221724,28.566734743978188,215.6196576852777,48.79225269460487,8.090723357882762,61.06819755522471,13.819031894892127,0.32348787519319705,0.8022051300534736,0.1375188058950176,2223.030449364008,4525.999393087322,1514.7393649420242,1.5729271771988216,2.4867737258707714,0.586774538632571,0.013187087152854965,1.1344614423827513,0.003734871171180317,1.1344614423827513,0.0705718994140625,1.137444279346211,0.0649009895991739,1.0128902831984556,4.1750404760141695,1.5182267784924297,1.1824626721300158,1.51822677849243,0.01134781202687185,1.0181307439796652,8.110530110834972,1.064459381346615,0.048153686260767214,1.0511757764417726,-0.11207404773050089,0.9191969469486203,-0.0317418187241989,0.9191969469486204,-0.601959228515625,0.913244268513937,0.08120844927830273,1.0180148259551285,-6.26721060907164,0.7806115866850076,-1.7750109600564468,0.7806115866850076,0.004383906295334139,1.0135519957052979,-107.56429073932168,0.9516136673835957,0.02864725240178756,1.0182127010182407
Train236.csv,4.687954370856769,316,0.24511152946227593,0.8149487293387504,0.15573598766554397,0.052285391467553774,0.17383887829731812,0.03322045722835859,1.9195556640625,7.48291015625,1.733070664914276,6.896562646059268,14.436712882526992,3.1210601362179884,13.392257441930292,50.151364258923145,12.496120743601375,2.856738010332368,10.697920732909672,2.6655807107008145,0.8069328503413624,0.9800639419949541,0.11255582496396678,407.9429527800963,1603.4177436609534,298.2091142946766,0.8868657514546566,1.894880473729344,0.40342978326037265,1.1657064341017163,3.0112425456107204,0.7027626015643319,0.24865993605835207,0.642336146514239,0.14990815736883875,6.1611175537109375,17.78564453125,3.8383704343893235,5.695814391352076,16.263601525091506,2.8194625176665418,27.68374012180199,130.0148546568003,26.36188729902969,5.90529214488547,27.73381402025866,5.62332420787018,0.34926623913381327,0.6203665849249131,0.07214239615796915,1804.7905834962626,4990.445716521071,1443.582865832727,1.8098891161232784,2.9334074412791074,0.6153224534441218,0.20676315289714875,0.3600371314807456,0.07108023695367423,0.04410519739324187,0.07680047692421234,0.015162314163199422,1.477813720703125,3.62548828125,0.863884330590625,6.779672002116608,12.233363320011986,2.4902316163509273,11.32002313921328,45.53595879616003,9.824119076548158,2.4147042065054136,9.71339633321514,2.095608937156251,0.7900713860979354,0.9204795797704456,0.09219721117195999,344.61458293825274,719.5548790284549,141.4232849941029,0.940526451065727,2.187525477425823,0.4975694438463951,1.2711164837314728,2.596984787971707,0.6132582545568869,0.2711452337577176,0.5539697237917192,0.13081574734798623,6.7676544189453125,11.6455078125,3.2708478555702096,6.204549899546606,15.379640621868345,3.1098170395980715,44.940019555656896,365.06217641727153,68.1804006757729,9.58627495076145,77.87238260822767,14.543742383591562,0.3704864290138227,0.7730978933321054,0.09299032662298842,1903.4247745217656,5231.649264055991,1522.854793135629,1.9483917830654711,2.9040701788810104,0.5629707036142414,0.038348376565127185,1.1854700705991024,0.008180194074311906,1.1854700705991021,0.441741943359375,1.2989158492514197,0.1168906439426598,1.0172413420451856,2.0722343027170123,1.1830591931865104,0.44203380382695423,1.1830591931865106,0.01686146424342705,1.021341697142968,63.32836984184354,1.1837657864095397,-0.05366069961107034,0.942946102631918,-0.10541004962975653,0.9170728639122702,-0.022485297699365525,0.9170728639122703,-0.606536865234375,0.9103770926103376,-0.5087355081945306,0.9180060574205864,-17.256279433854907,0.6160153109750317,-3.6809828058759795,0.6160153109750316,-0.021220189880009455,0.942723435413021,-98.63419102550301,0.9481806728872252,-0.1385026669421927,0.92891436509536
Train237.csv,14.775957447383993,996,0.3722568479444721,1.1127252227528948,0.2356195389087579,0.025193416350178934,0.07530647179482078,0.015946143574640106,2.5409698486328125,8.6669921875,2.392852746763325,6.066728665856701,11.168255973539392,2.2103828839226094,8.2624380554316,26.44077284974461,7.579808959769987,0.5591812297005784,1.789445654800922,0.5129825926178444,0.9177388398881622,0.9835804341506709,0.051162586198016335,635.6456201003535,1828.1797051399,473.91065670533595,0.8954980310406502,2.105842683824169,0.5578469658354027,1.2548898797991859,3.0311912845548696,0.6677475234593397,0.08492782171766186,0.20514347685073542,0.045191489339160285,6.7626953125,16.93115234375,3.5344823437317325,5.56946297538823,9.917747572369354,1.9590305949810278,22.106083026576286,68.7001283208747,16.84483804407375,1.4960846432655401,4.649453584683793,1.1400166861644585,0.6097216477373486,0.7890253892241823,0.1500385468154784,1820.1089407280062,4930.871191193445,1421.0537640475713,1.745581510725195,2.9460165001136955,0.5482132710478863,0.45410658790082176,1.1748420791827179,0.300452024041261,0.030732802900783864,0.07951038593378716,0.020333844700835574,3.0788421630859375,12.4267578125,2.804511856339489,6.461340058482016,11.178694464369709,2.081334829156791,9.018282059337254,37.499929581392045,8.522229625668592,0.6103348694289787,2.537901839182084,0.5767632761542236,0.9354342743779369,0.992797652790632,0.037718634040362846,847.818506659819,2628.4762424598375,675.9954231865759,0.8756264313747001,2.2247574874932505,0.5411700164927663,1.3950172816045356,2.642245579763038,0.5717813009074062,0.09441129527965149,0.178820600233309,0.038696734404079995,7.6732635498046875,13.68408203125,3.8194061017486263,5.593221766120141,10.297537704694118,2.396678107905307,17.87141824854406,44.73769527636909,9.012826563630576,1.2094930776690958,3.027735795509459,0.6099656550666536,0.5976446416666621,0.839026277041275,0.14269615838261254,1931.8382995962293,4722.343208805319,1404.352312703966,1.731908541275208,2.9314716591562835,0.5273658392348263,-0.08184973995634964,0.8197565458481614,-0.00553938655060493,0.8197565458481614,-0.537872314453125,0.8253004584314212,-0.39461139262531564,0.9389273139853866,-0.7558440039056542,0.9161875844054936,-0.05115363972840037,0.9161875844054936,-0.01769543448977473,0.9810831878043573,-212.1728865594655,0.749742562950919,0.01987159966595009,1.0226941523849988,-0.14012740180534977,0.899551493982801,-0.009483473561989628,0.899551493982801,-0.9105682373046875,0.8813323390504598,-0.023758790731911006,0.9957522172863187,4.234664778032226,1.2369518031047824,0.2865915655964444,1.236951803104782,0.012077006070686513,1.0202076706268246,-111.72935886822302,0.9421642282940682,0.013672969449987082,1.0078947410467296
Train238.csv,8.945685081096936,603,0.1733796274781217,0.2916786015430188,0.046052694093045146,0.019381369443072498,0.03260550744843039,0.005148034351260449,0.815582275390625,1.57470703125,0.30696250489288085,4.656191920968871,7.230196608650671,1.2239296974010363,4.879781822352987,18.28151994560408,3.1939311509342447,0.5454900075416717,2.0436131810893534,0.35703594772001507,0.6762067843379638,0.9787648321179997,0.20181539752442057,245.6590334930165,639.7251637876423,139.62824082886132,0.5980776109248197,2.1510349098287205,0.44863138009398873,1.1104126920695143,2.8565957601981498,0.6395388999819097,0.12412830118689505,0.3193266624413598,0.07149132729178169,5.550384521484375,15.63720703125,3.7133227230589525,4.931702180859416,10.920738811920586,2.348383461400232,28.21965093000265,222.52549294014767,47.124669690119376,3.154554477849147,24.87517623556464,5.267865933454128,0.5276217032293857,0.7237120221763031,0.1684501268313821,1588.2626034826847,4503.653755330267,1402.7208416102028,1.7931607245597772,2.979300058542203,0.7757491916854197,0.16021900274450368,0.23770017595417026,0.036609158625232854,0.017910199307491978,0.026571489360435102,0.0040923817788524,0.6633758544921875,1.46484375,0.2371867592293338,4.162083329389952,8.524107605536713,1.1582873344101683,4.117274329469995,17.59527851467407,2.8657021814701045,0.4602525454612949,1.9669011769545217,0.32034463045492173,0.6804750941764477,0.9760485666248672,0.19935924831395113,229.35386546123368,455.59081335073535,102.70739208116478,0.6026056036364594,1.7284180715427413,0.43462700947259053,1.2721486568492586,2.0698924304245065,0.5203857394834469,0.1422080752135381,0.23138445090118157,0.05817170342638937,6.6875457763671875,12.7197265625,3.815712888939853,5.058043496935973,12.321289730146738,2.7845624795989496,31.76488186523473,269.80871531919854,56.033032511419385,3.550860730874249,30.160766098208555,6.263693837135223,0.4986316133063594,0.7617499457061315,0.19784137971771837,1720.8893742211615,4319.256148168463,1450.584834638582,1.773321348796911,2.9977737304011973,0.7397179708714438,0.01316062473361801,1.082141472036278,0.0014711701355805198,1.082141472036278,0.1522064208984375,1.2294422081656124,0.49410859157891895,1.1187166504067427,0.7625074928829916,1.1851971551725937,0.08523746208037675,1.185197155172594,-0.004268309838483919,0.9937274561919864,16.305168031782813,1.0710917515996206,-0.004527992711639728,0.9924859764258492,-0.16173596477974428,0.8728639425047092,-0.018079774026643042,0.872863942504709,-1.1371612548828125,0.829958359477497,-0.12634131607655696,0.9750217023335028,-3.5452309352320803,0.8883914962985529,-0.3963062530251018,0.8883914962985529,0.02899008992302632,1.0581392939184038,-132.6267707384768,0.9229312629125269,0.019839375762866096,1.0111876935200301
Train239.csv,0.0,0,0.07178728200957409,0.1270798270987348,0.028499839998239906,,,,0.23193359375,0.4638671875,0.08658606542426213,3.706925814399071,9.013347640182294,2.017171929549698,15.634941961201825,39.12213144381719,7.855241697930881,,,,0.0,0.0,0.0,0.0,0.0,0.0,1.9304709895759138,2.9235572009639705,0.7611717666484087,1.3941242678808783,2.5951698622299757,0.41574144334024815,,,,7.453155517578125,17.041015625,3.0368408892468626,5.269426977105676,8.183430862503874,1.5339152676949912,17.98172374623547,38.40094980332649,9.271749127350928,,,,0.0,0.0,0.0,0.0,0.0,0.0,1.8366800061516524,2.991374741239902,0.6587534985921658,0.05498490520898375,0.13630373498860726,0.024279329606798662,,,,0.2197265625,0.3662109375,0.07786469007673995,4.444877909626837,8.139229197600901,1.9224261333451216,16.90692091480087,85.65020642639064,13.572274635590876,,,,0.0,0.0,0.0,0.0,0.0,0.0,1.9472226597636157,2.926053828244251,0.7174182969747851,1.5218266377099345,2.76587999644621,0.4815452123512144,,,,8.28094482421875,12.31689453125,2.8727883087078703,5.460232607989523,9.87289558577621,1.7838081200737737,18.576710063203393,49.46614868023101,10.44296150344815,,,,0.0,0.0,0.0,0.0,0.0,0.0,1.8855350404111002,2.9964731125083337,0.6362275709993369,0.016802376800590338,1.3055816271161829,,,0.01220703125,1.0555555555555556,-0.7379520952277661,0.8339769707443506,-1.2719789535990458,0.9247657831955958,,,0.0,,0.0,,-0.01675167018770196,0.9913971470577815,-0.12770236982905625,0.9160861252755935,,,-0.827789306640625,0.9000368527731711,-0.1908056308838475,0.9650554024741259,-0.5949863169679226,0.9679713837948912,,,0.0,,0.0,,-0.048855034259447816,0.9740895643876255
Train240.csv,13.040227506275635,879,0.27597432020454293,0.6968680458406118,0.16027744046763184,0.021163305630345002,0.05343986870668036,0.012291000321159888,1.66015625,6.21337890625,1.6198280862923158,5.078290346549437,10.212975591195304,2.111530148020073,6.500604285989564,29.288372709833705,6.176030242846648,0.498503901320827,2.2460016664386124,0.47361368809512105,0.8283422469384767,0.9569517577715322,0.11819400653753549,415.78522509761615,1150.9736918630638,241.70417102872167,0.6635817637849578,2.8897702628518136,0.5464469386981097,1.3935617891225922,2.350635998727291,0.4033445350715119,0.10686637088593262,0.18026035186855774,0.030930789733338748,7.8922271728515625,13.22021484375,2.601975643684104,5.733190110452728,13.137049141538569,1.9012055234851806,20.88846461405597,145.16720796398164,24.28149998105976,1.6018481735846524,11.132260376141417,1.862045732666416,0.6512977755346645,0.729085982462245,0.05993236970441463,2473.1448520347985,4807.2330479063985,1247.9874503406174,1.6350740437976248,2.994289481409085,0.5351777713032765,0.38515751692071243,2.446072871540337,0.49483142123198326,0.029536104085251168,0.18757900277147463,0.037946532834173693,1.8390655517578125,11.328125,2.2593266180517455,4.811502585549775,12.46072107370099,2.083053879561056,6.082109122908191,32.95035857547839,7.310117176281292,0.46641127388162235,2.526823903925063,0.5605820276343556,0.8503337168176814,0.9955354359881239,0.11112533386918022,782.419637540873,5943.802620230782,1254.5598908874888,0.6606489269886197,2.1277391396718643,0.420445067794682,1.5772724523080623,2.781196896442547,0.5257336086151464,0.12095436613732366,0.21327824956306096,0.04031629113542199,8.761215209960938,12.890625,2.8989711241575784,5.60962529177527,11.295572922822817,1.9182853021727158,16.05536287846211,41.479732425934806,10.049129745685077,1.2312180037300298,3.1809055789841554,0.7706253392319202,0.6058129650708366,0.7075324672792397,0.1487851536377423,2676.7747698589947,4503.0818562066515,1322.866497057666,1.679913014336207,2.999314921321426,0.5688474518885437,-0.1091831967161695,0.7165232614721481,-0.008372798454906166,0.7165232614721481,-0.1789093017578125,0.9027172785729102,0.2667877609996623,1.0554479097238558,0.41849516308137247,1.0688075722786878,0.03209262743920466,1.068807572278688,-0.02199146987920475,0.9741378361880011,-366.6344124432569,0.5314094958102273,0.0029328367963381563,1.0044393272682763,-0.18371066318547014,0.8835263603845729,-0.014087995251391039,0.883526360384573,-0.868988037109375,0.9008142116950407,0.12356481867745828,1.022027285647515,4.833101735593861,1.3010272500335294,0.3706301698546226,1.3010272500335294,0.04548481046382791,1.0750806157780222,-203.62991782419613,0.9239271379433531,-0.04483897053858232,0.9733087545867368
Train241.csv,14.152874904422017,954,0.5587149347190113,1.1739573352045636,0.2529511526630616,0.0394771336913635,0.08294832980101906,0.01787277527508054,3.80859375,10.05859375,2.11594459255316,6.728264435705158,12.016737734614825,2.0071003437041046,9.516849407248934,32.95548349313663,5.546106067853826,0.6724322423195748,2.328536337365619,0.3918713410037252,0.9054118443913528,0.9846361233960199,0.09854497309215429,892.2427560258835,2504.252405093007,542.8049106070707,0.9029011727435514,2.3326724983011253,0.48824339424911645,1.3911604568362725,2.970390742303368,0.7118374475826563,0.0982952556446047,0.20987896539488807,0.05029631452195237,7.8090667724609375,25.86669921875,5.17690775359896,5.893407346599643,12.827305935385269,2.5512494965118684,17.063510041373313,55.322574926935076,10.854277241928102,1.2056568122453957,3.908928419175791,0.7669309108735725,0.6049801680933466,0.7565754929306343,0.11387940853542121,1917.576328824695,5020.504678163574,1356.8271815710846,1.5732956026360951,2.9262019654575004,0.5119810405474652,0.5661298119225681,0.855366269596806,0.16985878346857106,0.0400010468364758,0.06043763372271097,0.012001715878623307,3.737640380859375,8.28857421875,1.4618666516313743,6.547915283563022,10.886930109355736,1.5724878219559726,10.039540927507343,36.226364125759495,7.572680313464028,0.7093640688062977,2.559647023689914,0.5350630429933335,0.935654352695537,0.9829900435645057,0.02289541296495541,919.0842692509573,1585.7955250177865,324.6701363634197,0.7899241711117613,2.1599438524028325,0.3981734616324729,1.4283896953467508,2.5331661601079154,0.5214996223736481,0.10092576278622058,0.17898597827049517,0.036847610531108944,7.87200927734375,12.7685546875,3.1308577442938352,5.678332789833661,14.241859597921326,2.293853609119123,19.54028221253795,72.94355904447777,15.63083680723107,1.3806581591724982,5.153974689742139,1.1044283873622927,0.5891422036031704,0.8056192878907757,0.135558288065451,1966.4268973489284,4876.477642452042,1374.3800108437554,1.648203582400949,2.52603419676143,0.44679766119530767,-0.007414877203556713,0.9869025141453408,-0.000523913145112298,0.9869025141453409,0.070953369140625,1.0189834660134722,0.18034915214213676,1.02754298800946,-0.5226915202584088,0.9479367110475853,-0.036931826486722885,0.9479367110475853,-0.03024250830418418,0.96767769185591,-26.841513225073754,0.9707953730434868,0.11297700163179014,1.143022590982098,-0.03722923851047821,0.9739362173839817,-0.002630507141615876,0.9739362173839817,-0.0629425048828125,0.9920042643923241,0.2150745567659822,1.0378763564458648,-2.4767721711646367,0.8732478812626654,-0.17500134692710256,0.8732478812626652,0.01583796449017627,1.0268830927292458,-48.85056852423327,0.9751576991801262,-0.07490797976485397,0.954551743143444
Train242.csv,14.18254550170592,956,0.38454669732554714,1.0705943745799706,0.2745160326297275,0.027114081691420815,0.07548675760999295,0.019355907061726536,1.9237518310546875,7.373046875,1.66693274737559,4.731339721156955,7.337553402756908,1.1096320319212631,4.6990892300714915,11.415505307819013,2.055590752134915,0.33132904311897116,0.8048981973261373,0.1449380685496593,0.8821414099667676,0.9914888128720717,0.10206416945695296,665.210523771537,2175.5403238141257,549.1277084794491,0.5981650089992481,1.4978116034782176,0.29284168130986776,1.4064885758455223,2.8394407854849852,0.6108751801010309,0.09917039051109305,0.20020671078710436,0.04307232294989309,7.4558258056640625,15.52734375,3.424468990707115,5.414737982223905,11.746118158395666,1.8013536477659562,26.56976501474677,223.47443221683767,48.581914799113996,1.8734129928616043,15.757004424202798,3.425472161768874,0.65221597751383,0.7387520877781418,0.07522836200912227,2407.669511584025,4815.491777778005,1327.3685754852975,1.5935549926002746,2.9783008734077128,0.517758718565393,0.30677337337405386,0.7115153175831004,0.12651871124473707,0.021630346494369027,0.050168378976645424,0.008920733674326588,1.718902587890625,5.6396484375,1.0922753982039861,5.51603712514322,9.44822650773997,1.6824632347234976,5.4577605893111985,16.446097477503574,3.39479983625528,0.38482235707650103,1.1596012489806846,0.23936463562531446,0.9106288517254836,0.9692590050349934,0.051873896884241294,518.8138919221688,1218.3394072960882,271.75158887708585,0.6409947076556217,1.9344439471281794,0.43393631118355097,1.4969676339650806,2.6884002702434975,0.6230190817202614,0.10554999691592887,0.18955696422198176,0.04392857979164056,8.057785034179688,12.646484375,3.240826504036212,5.9649617057774,16.160442059052418,3.0053722009583894,27.94915679055052,250.41993701450946,53.75355007188554,1.9706728095593777,17.656910530228032,3.7901200504112533,0.6067561804314021,0.7127738276690634,0.16338497990768236,2528.899373045809,5022.611035060025,1378.360054226348,1.6473286732160934,2.9911054925828124,0.5156709093354571,0.07777332395149328,1.2535204509312579,0.005483735197051788,1.2535204509312579,0.2048492431640625,1.1191744340878829,-0.7846974039862653,0.8577425448408506,-0.758671359239707,0.8609921877618572,-0.053493313957529876,0.860992187761857,-0.02848744175871598,0.968716737115525,146.3966318493683,1.2821756204464363,-0.04282969865637365,0.933182445744335,-0.09047905811955825,0.9395584406324787,-0.006379606404835814,0.9395584406324786,-0.601959228515625,0.9252947024570374,-0.5502237235534952,0.9077573753708137,-1.3793917758037502,0.9506463902957489,-0.0972598166977734,0.9506463902957489,0.045459797082427866,1.0749226766015074,-121.22986146178437,0.9520622043115242,-0.053773680615818886,0.9673570420462384
Train243.csv,11.423179954302887,770,0.38631701461015233,0.7929818288541953,0.14878914076310557,0.03381869288197936,0.0694186585544855,0.013025194504360375,2.6889801025390625,6.11572265625,1.6171011947065512,6.624446463273692,12.83280933456601,2.7534027722238186,12.976037013508911,36.87933740013599,10.51457877442633,1.1359391225051212,3.2284650638147627,0.920459873388031,0.8710674961763835,0.9864571755784786,0.08046864753166456,698.1356298635052,1391.1818625682092,299.3827107290801,0.9893879510670316,2.7714047853771016,0.6532864102288007,1.3457333755958185,4.068258556228391,0.8654430909771995,0.11780724640417727,0.35614063443830785,0.07576201149236068,7.260894775390625,18.24951171875,3.898832237038729,6.05781110498174,14.765369250203321,2.6793537674731196,33.691865675779056,163.0130994781412,38.499856016612085,2.9494296518622205,14.270378312366287,3.370327366865121,0.6021499124022132,0.7508726711271073,0.10296076211713047,1718.6470002942388,4555.791817019895,1245.550131740092,1.9256990638109848,2.905149700702542,0.4869178735102406,0.44140294528518453,0.9486470247130436,0.18837561045678536,0.03864098675246001,0.08304579184675341,0.016490645442894206,3.3878326416015625,8.19091796875,1.9944818794453714,7.419269731549761,13.179082279201088,2.388629897305462,14.348904709803467,45.48336646672668,10.675844749423078,1.2561217425624567,3.9816729359668357,0.9345773061556032,0.883011156193477,0.9736355566268277,0.09240027949390783,873.5951868903376,2940.7999062687654,506.9681065621268,0.983906738764019,2.0762455258953207,0.524353953197125,1.4549544063298492,2.8639412544713214,0.6352669689477611,0.1273685971988734,0.25071313469000645,0.05561209501111541,8.056640625,14.5263671875,3.5045130277650856,6.403437344878514,19.351237651446294,3.7193877123550236,36.160809549162245,220.00606349123868,47.5509529271971,3.1655642031220195,19.259616356509095,4.16267213835545,0.5901832038958654,0.6995938727872975,0.10833709762561135,1993.291630529744,5321.105330891487,1429.5282897189738,1.8599192926989834,2.94671813874887,0.5443763828006177,-0.0550859306750322,0.8752026209534195,-0.004822293870480651,0.8752026209534194,-0.6988525390625,0.7937169237698457,-0.794823268276069,0.8928704175700533,-1.3728676962945556,0.9043224744982393,-0.12018262005733549,0.9043224744982393,-0.011943660017093571,0.9864739421089753,-175.45955702683239,0.799152330896647,0.0054812123030125726,1.0055708657000337,-0.10922103073403067,0.924931647164434,-0.009561350794696125,0.9249316471644339,-0.795745849609375,0.9012310606060606,-0.34562623989677377,0.9460248892458976,-2.468943873383189,0.9317232134964637,-0.21613455125979897,0.9317232134964638,0.011966708506347734,1.0202762607057505,-274.64463023550525,0.8622155303172999,0.0657797711120014,1.0353670029501907
Train244.csv,0.0,0,0.07039987990933116,0.12862550623787627,0.029898652030069913,,,,0.2124786376953125,0.341796875,0.08483993063061224,3.4345378165217406,10.470429288862581,2.0481088335364146,15.900018591425713,49.58772874065725,11.087281706941644,,,,0.0,0.0,0.0,0.0,0.0,0.0,1.742935964394487,2.9241795110950535,0.8860935858619505,1.311226979733858,3.0270608339088314,0.5993146312189463,,,,7.109832763671875,17.41943359375,3.085891472044655,5.83264397005251,11.588140110713123,1.8518386970784693,26.13854297524685,70.73618834611005,18.248553488842827,,,,0.0,0.0,0.0,0.0,0.0,0.0,2.0691378788895087,2.9963052130234398,0.6666415667092267,0.053361821988485235,0.12726993644815876,0.025453513221362162,,,,0.20751953125,0.3173828125,0.08108722079825698,4.429266024800369,9.631149066553045,2.1289835289294317,17.2273694438258,64.37133654934382,13.753235991067752,,,,0.0,0.0,0.0,0.0,0.0,0.0,1.8316883673325228,2.9496507162186565,0.903943133432974,1.3991492624121218,2.5179121507609104,0.49675850223842877,,,,7.801055908203125,12.353515625,2.8614439590950513,5.754716098678266,10.893830426378177,1.704277111961964,31.927891730645626,130.54952978375022,29.174883375173042,,,,0.0,0.0,0.0,0.0,0.0,0.0,2.136886163111544,2.999515437825619,0.6607705976113234,0.01703805792084593,1.3192930317207405,,,0.0049591064453125,1.0238970588235294,-0.9947282082786284,0.7754191771934805,-1.3273508524000874,0.9229510427155898,,,0.0,,0.0,,-0.08875240293803577,0.9515461229536084,-0.08792228267826374,0.9371601836628306,,,-0.69122314453125,0.9113936430317848,0.07792787137424462,1.013541566610409,-5.789348755398777,0.8186742549667965,,,0.0,,0.0,,-0.06774828422203516,0.9682957916095136
Train245.csv,0.0,0,0.0711803216142724,0.12672785800323155,0.0286044740885945,,,,0.214385986328125,0.42724609375,0.08528216244407591,3.4255881699225856,8.072577474092197,1.9299614458705285,14.58662311997615,40.21377648379214,8.862988311492565,,,,0.0,0.0,0.0,0.0,0.0,0.0,1.730643516153207,2.8978191404354123,0.9240793829988683,1.2184132336957807,2.218613976352056,0.48874654905034093,,,,6.4838409423828125,12.5,2.8287080626327272,5.733367527521381,13.181987375796433,2.2119177724051933,29.264966826553916,117.37488183891192,26.962793497079083,,,,0.0,0.0,0.0,0.0,0.0,0.0,1.981401511391902,2.9745957828948586,0.6325776362231899,0.053640570728613925,0.13508314239202926,0.025598528057897262,,,,0.2056121826171875,0.35400390625,0.08594420661549404,4.282727034991853,10.172558501334265,2.137086152381476,16.115029852448078,59.681712463660546,11.742644443424943,,,,0.0,0.0,0.0,0.0,0.0,0.0,1.7613902684627112,2.927371237841585,0.9212721743548382,1.350342870330583,2.326387079951467,0.5505173425044967,,,,7.4077606201171875,11.5966796875,3.0073305917078677,5.880768508917312,14.696527102293595,2.6318724781079017,31.953787336826164,143.2296245134704,32.81073632143366,,,,0.0,0.0,0.0,0.0,0.0,0.0,2.0374267742060925,2.9989252477096024,0.6519635995805273,0.017539750885658477,1.326986656693086,,,0.0087738037109375,1.0426716141001855,-0.8571388650692677,0.799861429863251,-1.5284067324719288,0.9051564442345886,,,0.0,,0.0,,-0.03074675230950419,0.9825440432708085,-0.1319296366348024,0.902299157100371,,,-0.923919677734375,0.8752767907719244,-0.14740098139593094,0.9749350818396576,-2.6888205102722473,0.915852838290207,,,0.0,,0.0,,-0.056025262814190624,0.9725019502425939
Train246.csv,14.167710203063969,955,0.49502803661849387,1.0691766001816465,0.22441299536454107,0.034940581754095805,0.07546573051377221,0.015839750541764227,3.354644775390625,7.45849609375,1.719083746834011,6.689056156364428,10.913531659163379,1.6004922343165786,8.72117821258757,28.5551971370578,5.659085431916623,0.6155672361721156,2.0155125089220367,0.39943543104747903,0.9236700325020961,0.9819623467633809,0.03848071917909577,745.1056032487627,1668.0636917138743,399.39159254740025,0.8371576804494354,1.8847846679096978,0.3079035128925872,1.3188000230185977,2.7175128330701517,0.5858427710901161,0.09308490956664178,0.19181030626123696,0.04135056143112097,7.33184814453125,19.90966796875,4.230717962062644,5.7193584659478525,12.480252231640948,2.4831976095252797,17.768420607195267,40.69604068969256,9.099740277739475,1.2541490722581687,2.8724501070675106,0.6422872960636593,0.5863470225711411,0.7438364612868514,0.11554868925263964,1759.8877360451565,4505.527944148411,1267.0714619069652,1.5898811973969296,2.791512076854543,0.4839233523858269,0.5657045029107792,0.8834473681767406,0.17046341847317553,0.0399291413222468,0.06235639743574672,0.012031825611192301,3.6655426025390625,6.1767578125,1.1534523657177926,6.596309546769386,10.489471212476113,1.4036384008555824,8.491265881714625,22.67559699225213,3.786422787567471,0.599339325833914,1.600512479945292,0.2672572161130599,0.940727558470539,0.9812516138320367,0.0324943331075555,890.9478238583047,1340.8836687250778,295.34839223029286,0.8343309010800384,1.2597794226556545,0.2712297670047691,1.4957315989302034,2.59259016175872,0.5547771335117173,0.10557327736748384,0.18299288484867765,0.03915785441402796,8.67919921875,13.1591796875,3.1472634949806544,6.139590235593711,13.712398560589968,2.429170581256352,19.52862645725622,52.19487998582744,10.803638580147272,1.3783897452273464,3.6840730956325998,0.7625536113669823,0.5903760917429028,0.6999561714356503,0.09624602946305744,1931.5734798290005,3583.2479294327677,1206.0703111760806,1.7018290690122777,2.7817992150303414,0.48483651225225294,-0.07067646629228536,0.8750646920280354,-0.004988559568150995,0.8750646920280356,-0.3108978271484375,0.9151836819648247,0.092746609595042,1.014060378600708,0.2299123308729456,1.0270763316183569,0.01622791033820159,1.027076331618357,-0.0170575259684429,0.9818677301256322,-145.84222060954198,0.8363066649874477,0.0028267793693970145,1.0033880794367531,-0.1769315759116057,0.8817090071252403,-0.01248836780084206,0.8817090071252404,-1.34735107421875,0.844760900140647,-0.4202317696458584,0.9315537758188481,-1.7602058500609523,0.9098653531054195,-0.12424067296917762,0.9098653531054195,-0.004029069171761712,0.993175419485794,-171.68574378384392,0.9111161208327198,-0.11194787161534814,0.9342190860094302
Train247.csv,7.625343501963226,514,0.15599681793361048,0.2294230255449358,0.039744321284592425,0.020457677466391832,0.03008691024684572,0.005212135200776178,0.5832672119140625,1.2939453125,0.19242378164125817,3.7264551210964107,5.639997595823538,0.6601493722399879,4.069477265222308,18.788114333574505,3.3585570337628523,0.5336778945334828,2.4639039970772867,0.44044665435703406,0.5546846451595017,0.9752063577865946,0.24503327283651294,163.66729972159584,377.64835012226484,87.18878555941126,0.5742077729283631,2.3754120309058293,0.4573324669941805,1.1536277339367926,2.2884495959443445,0.4808362820138638,0.1512886250487967,0.30011101734042,0.0630576552898984,6.237030029296875,10.14404296875,2.4868698157449747,5.6519871894056095,13.17199873731018,2.3998946004368142,28.173815532103305,102.4504073183829,24.90192423920125,3.694760180292161,13.435513730234705,3.265679012727753,0.6092395949587991,0.6825182891278017,0.08658718434450378,1864.9410602249368,4180.162234305634,1293.0343468212122,1.918483773120256,2.9914590133902004,0.6956208933629415,0.15166809760132136,0.24418868545506145,0.03610885794946471,0.01989000201266642,0.03202330300165396,0.004735374601835065,0.621795654296875,1.50146484375,0.22644654751556517,4.129366344783668,7.882243230401257,1.102202011344769,4.240612435697275,24.51022047896218,4.01062957104887,0.5561208402749966,3.214310341908107,0.5259605118138339,0.6074169770416016,0.9826416485215297,0.22344113224223497,181.04363778208665,527.1287459905451,95.23339425913063,0.6194122135464213,2.4867991574922805,0.5025837173066735,1.366127947083756,2.1152635151413635,0.46241401879734034,0.17915625004067448,0.27739911186909366,0.060641729605792435,7.663726806640625,12.39013671875,3.0085386252807513,5.755501764058977,12.547642730961394,2.3562460556510496,30.900716719585205,105.35490853163058,28.332805721823533,4.052370455393843,13.816414762758667,3.7156104134232057,0.5896698628627309,0.7204211392506393,0.12853050510355715,2139.0209485979467,4111.998617430511,1389.0836228170967,1.959958031549661,2.999225333719806,0.6697804867731878,0.004328720332289121,1.0285407439056018,0.0005676754537254115,1.0285407439056016,-0.0385284423828125,0.938036809815951,-0.4029112236872576,0.9024278327360743,-0.17113517047496707,0.9596437606430714,-0.022442945741513842,0.9596437606430718,-0.052732331882099914,0.913185943305486,-17.37633806049081,0.9040212720349452,-0.04520444061805817,0.9270204241546323,-0.21250021314696332,0.8444507239599461,-0.027867624991877782,0.8444507239599461,-1.42669677734375,0.8138377302140368,-0.10351457465336722,0.9820146741506052,-2.7269011874819,0.9117528175081596,-0.35761027510168253,0.9117528175081597,0.01956973209606816,1.0331876077252125,-274.0798883730099,0.8718666647221667,-0.041474258429405,0.978839210961771
Train248.csv,15.07266342022303,1016,0.4349748299868631,1.616283975201321,0.31321220135958977,0.028858524725182695,0.10723280485602489,0.020780149640928898,2.2396087646484375,7.94677734375,1.4694300519582768,5.273715262453043,9.376845957436396,1.4673322982452957,5.453623272538268,17.392823419465376,3.103699617538807,0.3618221359087159,1.1539316532557464,0.20591580472596271,0.893192275913518,0.9870062345780439,0.09134283951095774,754.1312058967849,2977.9226765606154,667.4978554735313,0.5786950092841485,1.9511736402598288,0.35136985195583187,1.5463327395324802,3.819087501040133,0.6724666380456799,0.10259187088711619,0.2533784106076471,0.0446149840474398,8.319473266601562,23.01025390625,4.500428171507601,5.457488096443288,11.041671381138594,1.7988949941795003,20.48803782489895,140.48885433648502,26.639722191817185,1.3592845042509274,9.32077167914403,1.7674196954517412,0.6554075934884789,0.7511268787465389,0.08575326535313103,2368.8567838357167,4825.837265576916,1270.441962917771,1.4914639314476554,2.507763827836843,0.4584105369726392,0.5250489612182838,2.457281773080889,0.5397612160423866,0.0348345177345249,0.16302903505321747,0.035810606327093306,2.533721923828125,7.43408203125,1.8078875427097008,5.45807376362252,9.03538364187763,1.9332794024127964,5.653834116753448,16.84973294946343,3.760587487691924,0.3751051794315054,1.1179001666590724,0.2494972111329929,0.8779802703345502,0.9947249189648161,0.10890869974721294,1173.8998697119516,8171.700584660754,1825.824344019349,0.5941610234585999,2.4727457859640842,0.4117483829629204,1.6131167650886973,3.8766137539090337,0.808378433167295,0.10702267543003545,0.2571950056754914,0.053632089474159664,8.287811279296875,17.5048828125,3.676419511685238,5.242872753596242,8.31308823127784,1.2139643598310619,15.00578549778088,33.267045761877164,7.190769433421833,0.9955629658423593,2.2071113003984872,0.4770735757141608,0.6483552801445187,0.7470844785360381,0.079334486481444,2448.6404766597234,4522.035861801645,1342.6104788716186,1.505909968875116,2.7637233941543795,0.47722459744735496,-0.09007413123142072,0.8284462252388434,-0.0059759930093422065,0.8284462252388433,-0.2941131591796875,0.8839205058717254,-0.18435850116947705,0.9662227904653456,-0.20021084421517976,0.9645884827745627,-0.013283043522789473,0.9645884827745628,0.015212005578967847,1.0173261360112014,-419.76866381516675,0.6424152735291057,-0.01546601417445137,0.97396999539885,-0.0667840255562171,0.9585993853628165,-0.004430804542919262,0.9585993853628165,0.0316619873046875,1.0038203074657093,0.2146153428470461,1.04093468465353,5.48225232711807,1.3653425758970639,0.36372153840856813,1.3653425758970639,0.00705231334396017,1.0108772359228542,-79.78369282400672,0.9674171469497056,-0.014446037427460645,0.9904071041921241
Train249.csv,0.0,0,0.07030108568004076,0.12760248637228422,0.029599791209845808,,,,0.19378662109375,0.341796875,0.07554256466361428,3.073909761728304,6.621015757347127,1.5027582433689737,13.023279423589686,26.316094208676947,7.266466793525018,,,,0.0,0.0,0.0,0.0,0.0,0.0,1.627382608178948,2.909132374906302,0.9375667215574413,1.2854338850404212,2.9881601022335325,0.6264175768153514,,,,6.280517578125,16.845703125,3.5520428995961577,4.6617683540499515,6.8888128131759485,1.5241961498428562,23.73011423735732,94.04101401319056,24.996812770092614,,,,0.0,0.0,0.0,0.0,0.0,0.0,1.7041441800368096,2.983088958710062,0.6960551206553759,0.05373589665996936,0.1272697022817041,0.025420628898138536,,,,0.20294189453125,0.30517578125,0.08164521619672696,4.213160834971297,8.920351756468245,1.9461368853612344,16.28232575988877,47.813605111091995,11.52052415574287,,,,0.0,0.0,0.0,0.0,0.0,0.0,1.8861826759091596,2.9344875831352355,1.0038965276069332,1.4313883012746471,2.5727456324920857,0.5573553737228945,,,,7.396697998046875,12.39013671875,3.4517484612608857,5.134388819656719,11.196479932077896,2.2503489185043826,24.505664208484806,101.80939490201713,26.73948949633456,,,,0.0,0.0,0.0,0.0,0.0,0.0,1.8016679528950994,2.997595830580705,0.7168605778575071,0.016565189020071397,1.308270449544981,,,-0.0091552734375,0.9548872180451128,-1.1392510732429928,0.7295970607657198,-3.2590463362990842,0.7998414732416367,,,0.0,,0.0,,-0.2588000677302116,0.8627916208564119,-0.1459544162342259,0.8980329683397203,,,-1.116180419921875,0.8490974729241877,-0.4726204656067674,0.9079500049163852,-0.7755499711274858,0.9683522158579583,,,0.0,,0.0,,-0.09752377285828984,0.9458702849758864
Train250.csv,1.9137535248117823,129,0.198738458382057,0.4615661569035942,0.09116834790140839,0.10384746823737553,0.24118370047103596,0.04763850031856887,0.7587432861328125,1.62353515625,0.36560146955787726,3.83527287730014,5.911935044115802,0.7092477363042282,4.4348977793732995,16.451693462804865,2.634569276621831,2.3173818999546825,8.596558151041362,1.3766502543115844,0.5396051575962686,0.8912992083217754,0.17768501957664415,378.4463315425755,1624.059385322348,296.25330119789805,0.6916376881958908,2.529886147857908,0.4293746638594455,1.3984377187806345,2.3476464244363986,0.4256106415160301,0.7307303164435299,1.226723501223748,0.22239574532352013,6.9065093994140625,12.79296875,3.1394130422394855,4.695395849353185,7.312810402900726,1.7149411738307965,14.623023822629712,42.69435813476124,9.066977835693066,7.6410173165156605,22.309225081093047,4.737798111480842,0.3319710388815482,0.4048350118529048,0.07364272604255215,2364.295550616568,4224.027334057238,1242.6413315674756,1.563601113082424,2.9575414723670947,0.5521960895784587,0.1921097744782168,0.3717641296523387,0.0902875563591427,0.10038375997092458,0.1942591482301263,0.04717825738192827,0.8174896240234375,1.79443359375,0.4156947216261913,4.372496770842947,7.388246919967773,1.1585414486617915,4.966931653474451,16.56453047774203,2.923107555576624,2.5953873312724265,8.655519252078792,1.5274211217267968,0.5848477307499312,0.8782358794035904,0.1888737694242946,395.81309350964165,1779.0752728006846,328.73320664750395,0.6068623386128358,1.975341651272684,0.3908515067629509,1.4652493975307044,2.670467440963245,0.57908360646443,0.7656416453497122,1.3954082416260398,0.3025904845930371,7.648468017578125,12.9150390625,3.5665609548415054,4.991501227459411,8.064296856632758,1.622264902208519,15.797208097655743,41.18919120264423,9.31731134306334,8.25456773447845,21.522725193514766,4.86860571242041,0.3295910886023438,0.41035647700215144,0.06903987807569834,2442.384436407477,4048.1682168955454,1294.2523746254742,1.6719077840682068,2.9803614626908326,0.5472876173822705,0.0066286839038401935,1.0345046675623046,0.0034637082664509544,1.0345046675623049,-0.058746337890625,0.9281381241250584,-0.5372238935428069,0.8771356683153734,-0.5320338741011517,0.8928848006738758,-0.278005431317744,0.8928848006738755,-0.045242573153662646,0.9226421326869995,-17.366761967066168,0.956123831546156,0.08477534958305499,1.1396945306852198,-0.06681167875006988,0.954402520920559,-0.034911328906182315,0.954402520920559,-0.7419586181640625,0.9029925187032419,-0.29610537810622617,0.9406780916976878,-1.1741842750260307,0.9256714054934634,-0.6135504179627889,0.9256714054934634,0.0023799502792044014,1.0072209181664977,-78.08888579090899,0.9680276026055216,-0.10830667098578273,0.9352197100714232
Train251.csv,13.93034542479274,939,0.6165007358855198,2.010438029928467,0.4442284802843694,0.04425595468639948,0.1443207593654038,0.03188926525064821,4.68292236328125,22.5830078125,4.3828892144375855,6.897306626911557,11.834982762312805,2.288829157468076,8.941025165032375,35.30343471818515,6.514859331171471,0.6418380084904034,2.534282793544612,0.467673925700116,0.9246579728338615,0.9727533750706464,0.048031871188119635,995.4841158850975,3493.595488964971,764.4921255490174,0.8922725635441857,2.5542737976437966,0.4728628702052152,1.373693470489143,2.955773760197323,0.5713507993035346,0.0986115870496859,0.21218237380795602,0.041014833579551054,9.278106689453125,28.955078125,5.824855159395289,6.911135849719582,16.300176153633437,3.2937502679248154,33.39842024934737,258.40900457681505,46.56898361294682,2.39752994135422,18.550078745133465,3.342988432294362,0.6182597592240067,0.7657519341272467,0.10362528466080209,1885.9138840481223,4637.939133633607,1322.8902248253928,1.697908157390279,2.845651785571597,0.4691234258672378,0.6588239896779969,2.248158913611888,0.5339438002308852,0.04729416030886392,0.16138572627285275,0.038329544885555435,5.558013916015625,23.8037109375,5.488810562507783,7.429325284896668,14.05992707261465,2.9106757899142948,11.571345146329728,38.251769329485256,9.056835127344122,0.8306574455602123,2.7459311426266644,0.6501515110476072,0.8989614277590743,0.9822918809359651,0.1157890346780107,1067.8123604687812,3534.557785335339,876.9698745819398,0.9080345620276054,2.016794118461271,0.5081294553758672,1.5048376728686454,2.769630129061894,0.6487222087880757,0.10802586920711874,0.19881991756877782,0.046568996604599816,9.70001220703125,22.4365234375,5.426649051350032,6.642748097320391,16.291068149936226,3.360451352554344,33.257166865061315,148.41108300185599,35.06264990942682,2.38738996420515,10.65379776855491,2.5169978805423976,0.5940993321954406,0.7409791856791751,0.11349371982662791,1974.4907100367438,4479.964858763523,1419.8662373627542,1.7560191448019964,2.760459207889392,0.5309229402665634,-0.042323253792477145,0.935759391801803,-0.0030382056224644433,0.9357593918018031,-0.875091552734375,0.8425531914893617,-0.5320186579851116,0.9283893708266253,-2.630319981297353,0.7726867578458106,-0.18881943706980886,0.7726867578458106,0.025696545074787247,1.0285847026149313,-72.32824458368373,0.9322650240235739,-0.015761998483419637,0.9826416315605612,-0.13114420237950242,0.9128515953953329,-0.00941428215743284,0.9128515953953328,-0.421905517578125,0.9565046405537203,0.26838775239919066,1.0404031205861104,0.1412533842860526,1.0042473065988808,0.010139977149069779,1.0042473065988806,0.024160427028566023,1.0406673189469569,-88.57682598862152,0.955139406056272,-0.058110987411717385,0.9669075433580937
Train252.csv,0.0,0,0.07040857146567314,0.12647880565499842,0.02864631568743843,,,,0.2002716064453125,0.37841796875,0.08807160367664701,3.269555316692769,9.733663768072793,2.1032999501795917,13.550340300880936,44.67600581854425,9.52375514246231,,,,0.0,0.0,0.0,0.0,0.0,0.0,1.5214690089846974,2.838744944895578,0.9321619938883899,1.1463966338650997,2.306543094598344,0.5865146173917941,,,,5.7464599609375,11.21826171875,3.469115811467437,4.937401753797133,15.675804283682771,3.0382989009035906,21.712506968740264,125.31387323982108,27.662277581627,,,,0.0,0.0,0.0,0.0,0.0,0.0,1.715601644184352,2.990743802530282,0.6532361211119817,0.05239809772780935,0.1277673288002907,0.025816918837671392,,,,0.193023681640625,0.3173828125,0.09233458774476426,3.985191221529952,9.595223535150163,2.000053355129531,13.975757390610328,49.61875451201296,9.948484883661406,,,,0.0,0.0,0.0,0.0,0.0,0.0,1.5835865337294495,2.908121985682098,1.0236369785811126,1.2546407177169454,1.9538743641481164,0.5706271619317362,,,,6.3861846923828125,12.109375,3.8343343557695775,5.029484003189735,15.769471938455883,3.2734158986111344,20.602988392228657,141.99359481234467,30.211438438812458,,,,0.0,0.0,0.0,0.0,0.0,0.0,1.5862369953681688,2.9982311942454682,0.6907152439112497,0.01801047373786379,1.3437238090478436,,,0.0072479248046875,1.0375494071146245,-0.7156359048371832,0.820426206659553,-0.4254170897293914,0.9695603552752562,,,0.0,,0.0,,-0.06211752474475207,0.9607741519508497,-0.1082440838518457,0.9137250351249431,,,-0.6397247314453125,0.8998267725942297,-0.09208224939260212,0.981691511627395,1.1095185765116078,1.0538523128484658,,,0.0,,0.0,,0.12936464881618326,1.0815544267306396
Train253.csv,2.3439771854283844,158,0.1949603879412215,0.37876738136998117,0.06643042317978014,0.08317503649490113,0.16159175256680572,0.02834090007050958,0.882720947265625,1.806640625,0.3937765482910263,4.482378147732103,7.482597931582209,1.1905046787581706,5.725688260775791,16.08344154611538,3.452473272548386,2.4427235454210985,6.861603280996089,1.4729124899385113,0.6287524262334251,0.9458426300486732,0.204829087235185,355.5612600919029,842.3779454758379,197.54566141390666,0.6589596213955687,2.2125676809256727,0.4183682021479535,1.2465869055404255,2.9715848889431644,0.5440962468418702,0.5318255285460893,1.267753332846573,0.23212523151859576,7.0587158203125,17.76123046875,3.161364806403259,6.057508984118978,13.327653744058969,2.540438426925659,34.83243889290692,106.33877362602279,28.967768751210883,14.860400139321731,45.36681256417108,12.358383405475317,0.4129738459388499,0.5518018287985001,0.07067035390144988,1982.5247857875615,5449.110146680951,1301.0313949184683,2.1068135610054766,2.988705399489833,0.6591305609716416,0.1826565752939787,0.3693902922303228,0.06675085750051675,0.07792591857526822,0.15759124897916324,0.028477605462835332,0.89263916015625,1.953125,0.3913604250749238,4.858309019741538,8.564263157450437,1.2684527999508985,5.933988411632164,21.367425211014215,3.717802729370471,2.5315896624427556,9.115884465022688,1.5861087524582738,0.6453719423225329,0.9073443459003808,0.19778346370121844,315.8724349275481,699.2903564357181,147.91465083429333,0.6563326290493309,1.477346355280565,0.28693877693233494,1.401553967410086,2.6267951719310703,0.5622679477843894,0.5979383997945946,1.120657311965687,0.23987773911785298,7.8220367431640625,13.037109375,3.044277536473313,6.025665843485638,13.809210463719488,2.4598135904795395,37.423913672333725,109.10379792403823,32.307694542772076,15.965988877786003,46.54644192029474,13.783280291129424,0.409990221588985,0.5560719394787705,0.07759286469962395,2219.3389798295902,5507.705478202764,1465.0714625480994,2.0992379425920697,2.998509272841196,0.6798205857059175,0.012303812647242812,1.0673603598854315,0.005249117919632909,1.0673603598854315,-0.009918212890625,0.9888888888888889,-0.37593087200943565,0.9226210456185772,-0.2083001508563731,0.964897108587531,-0.08886611702165714,0.964897108587531,-0.016619516089107833,0.9742481583111618,39.688825164354796,1.125648270554087,0.0026269923462378664,1.004002531993637,-0.15496706186966058,0.8894319694617095,-0.06611287124850529,0.8894319694617095,-0.7633209228515625,0.9024140453547915,0.03184314063333993,1.0052845845522227,-2.591474779426804,0.9307535069122769,-1.105588738464272,0.9307535069122769,0.0029836243498648773,1.0072773061228177,-236.8141940420287,0.8932951675276698,0.007575618413406815,1.0036087468979589
Train254.csv,2.299471289502529,155,0.18421404836531324,0.32655665835033576,0.06892165937485421,0.08011148006338725,0.14201380110337603,0.029972828836564783,0.7785797119140625,1.66015625,0.3584579498269061,4.185512027083295,6.9315727662861075,1.0433817029490713,4.856897662672184,17.897977156813493,2.9114083609514445,2.1121801715223554,7.783518428136394,1.266120770562568,0.6407857548895699,0.9560590456252257,0.1832273228005924,332.6114526769894,964.2909424827932,192.97928312364715,0.716102158384639,1.9463714746973673,0.3782495713099388,1.3744320745120446,2.537349017119166,0.4788459872219946,0.5977165624056962,1.1034488791847885,0.2082417768849764,7.4737548828125,17.5048828125,3.034153324598317,5.619835462855247,12.592797543293145,2.114351715569026,17.44233731628011,50.250985823809124,10.228590650170947,7.585368600124427,21.85327820930545,4.448235860506793,0.36180680855922787,0.5328486371400898,0.06407372184668712,2387.2817184844007,4605.525466687918,1131.0061818167592,1.677196008148532,2.7355949537774977,0.48091235033282076,0.1731810427604213,0.34231382241793745,0.06370174896619576,0.07531341815443476,0.14886631721850901,0.027702780746602446,0.8014678955078125,1.62353515625,0.34287975128410675,4.646442659479549,7.681339944185296,1.0568291405674455,5.058908527507912,9.87280793249166,2.1228564202657116,2.200031176993892,4.293512155408367,0.923193270538713,0.6518287470962959,0.9372166709329104,0.1945083403736362,318.21337720102656,811.2119987916248,181.78044465200534,0.7194411103233213,1.8666761492540258,0.3396207878588072,1.4903720918111907,2.762630600776482,0.4815820320581965,0.6481368559003056,1.201419914824922,0.20943163511399293,8.3465576171875,12.85400390625,2.9259371595006645,5.599790353223289,10.3414488845041,1.7860715620034384,22.017528330076434,113.77640715868826,22.230383198826658,9.575039458239871,49.47937714121354,9.667606332078194,0.36365685940365716,0.5631671893177203,0.061360083695825504,2487.208667867776,4374.981657366546,1185.1504226628929,1.7480702691742511,2.799696526074496,0.4890315459453249,0.011033005604891954,1.0637079291649434,0.004798061908952489,1.0637079291649434,-0.02288818359375,0.97144217039505,-0.46093063239625387,0.9007992423072573,-0.20201086483572794,0.9600682906723278,-0.08785100547153668,0.9600682906723278,-0.011042992206725999,0.983058445556568,14.398075475962855,1.045246606546233,-0.0033389519386822775,0.9953589642143444,-0.11594001729914605,0.9222073347077717,-0.050420293494609414,0.922207334707772,-0.872802734375,0.8954296160877514,0.02004510963195738,1.0035796178727332,-4.575191013796324,0.7922023332861341,-1.9896708581154439,0.7922023332861341,-0.0018500508444292962,0.994912646918133,-99.92694938337536,0.9598236566660728,-0.07087426102571914,0.9594557139518204
Train255.csv,18.603464497007558,1254,0.7316336500307443,1.4013722436262093,0.3137508371386227,0.03932781714655518,0.0753285627981619,0.01686518321300265,5.6034088134765625,13.19580078125,3.102446897791477,7.435231532166774,12.523771667253126,2.3926170476692667,13.086967485027895,33.56048049532928,8.397924992921174,0.7034693719082801,1.8039908910906148,0.451417261245722,0.8758519127869917,0.95290645110239,0.05402319645178331,1358.4709139049726,3937.126585304007,742.8816981328603,1.0903453466335864,2.3988697381910753,0.5300406179975053,1.566106518741755,3.5884315838790344,0.6772930068347457,0.08418359488866548,0.19289050082344866,0.03640682126405494,9.864425659179688,23.37646484375,4.2982363271582305,6.704240248739711,10.521552348326397,1.9981246066272467,16.585404418194152,54.836125016083855,11.27053846247367,0.8915223517029305,2.9476297291240816,0.6058300841913925,0.5725634519315901,0.7219406544400699,0.12218556177661732,2270.1680143139147,5253.206745855564,1242.2995112062467,1.540811663842675,2.925235513284662,0.47911630322571247,0.7801255670523363,1.3321151259518922,0.28662966671386886,0.041934423944412214,0.07160575527027067,0.015407327315832725,6.15692138671875,13.8671875,3.535695206145056,7.535237618329429,12.393059224072852,2.3335667337940307,12.237551606293055,34.47503417088112,9.045915885367654,0.6578103561442286,1.8531512867630957,0.48624899339704847,0.8771043559273032,0.9575351506848824,0.05074707111088689,1402.936078840241,2943.1880605366264,539.800147018849,1.0608293140249996,2.3147470287760625,0.4960762850352667,1.7317407428213394,2.750193591781391,0.44462057978249836,0.09308700232152439,0.14783233479031666,0.023899880576223713,10.857772827148438,20.71533203125,3.5115788068763085,6.5685608055602085,22.963996839719922,3.1778159214797204,20.419473060309066,185.27599992374613,31.032446277060465,1.09761668659048,9.959220227691919,1.6681003843156288,0.5580335337106362,0.7185106614621851,0.12609350031790992,2442.2958188456223,4865.237687967133,1263.2262446906723,1.5932104639361089,2.748126535438198,0.46586299995989944,-0.048491917021591946,0.937840882199495,-0.002606606797857035,0.937840882199495,-0.5535125732421875,0.9100991325898389,-0.10000608616265527,0.9867282106778702,0.84941587873484,1.0694106064727877,0.045659015764051514,1.069410606472788,-0.0012524431403114766,0.9985720705502741,-44.465164935268376,0.96830563729459,0.029516032608586817,1.0278235454265465,-0.16563422407958428,0.9043539139642033,-0.008903407432858917,0.9043539139642034,-0.99334716796875,0.9085128060991463,0.13567944317950253,1.020655885999358,-3.8340686421149144,0.8122346923061646,-0.20609433488754947,0.8122346923061647,0.014529918220953841,1.0260377151966789,-172.12780453170762,0.9295221311016019,-0.052398800093433895,0.9671111875803402
Train256.csv,15.72541656046891,1060,0.3213504323661213,0.623944308856235,0.1164113409197185,0.020435098245597066,0.03967744234036557,0.007402750857001608,1.5384674072265625,3.7353515625,0.7511446952799906,4.728454330954644,8.283233615796702,1.217492912041363,4.907666725935224,14.921751395494804,2.920034368693281,0.31208500627400126,0.9488938711490551,0.1856888405763294,0.9298229533143456,0.9928323629428619,0.04804792413482426,563.4094719700824,1190.7685013938067,281.21885813708946,0.5742630629090887,1.9407731230229164,0.40478617634916736,1.3456081898925578,2.983155235954104,0.6130075990414404,0.0855690012864393,0.18970277985851652,0.03898196252444211,6.6219329833984375,17.05322265625,3.625616699892108,4.7368149374476545,7.479288198950564,1.6075353918247859,15.564008949759518,36.94295609606828,7.653674783714932,0.9897358769423545,2.349251350767823,0.48670728398731267,0.6589300641195854,0.7672667596973619,0.11315552705405392,2199.2664796495783,5483.85818605769,1403.543072435151,1.6393339167499925,2.672972799734816,0.5461589656852041,0.3517799844516888,0.9016920766816756,0.14572275993838132,0.022370153636248044,0.057339789582959606,0.009266702689752855,2.0099639892578125,8.99658203125,1.7007783588327683,5.324299102323197,11.644354524409833,2.1396144316185257,6.188710198618324,39.59904556129668,7.131375929918093,0.3935482519538284,2.518155586468985,0.45349361032795715,0.9366803875024339,0.9877311845266303,0.0308724803143469,677.3083059619522,1728.127116607546,335.28970543193253,0.649776915867814,1.8309464507220699,0.4480606242597973,1.507895158649827,2.813503163300338,0.5644169429822836,0.09588904388329053,0.1789143805813716,0.03589201855556147,7.5305938720703125,12.4755859375,3.4416946905312678,4.971488600251698,10.222583658512669,2.0061888510351102,19.643604163790854,98.96889983420456,16.67726409852571,1.2491627225425381,6.293563000613667,1.060529241587761,0.652676748522693,0.7525929076783118,0.07152201217367361,2333.8436374697244,5400.642893463832,1459.4245242225602,1.654177765402871,2.6996066235626106,0.4723120612336981,-0.03042955208556747,0.9134983414903571,-0.0019350553906509783,0.9134983414903569,-0.47149658203125,0.7654203833744544,-0.5958447713685526,0.8880895381875593,-1.2810434726831001,0.7930031571087134,-0.08146324567982716,0.7930031571087133,-0.006857434188088263,0.9926790031268051,-113.89883399186976,0.8318360590158361,-0.07551385295872537,0.8837849558600088,-0.16228696875726922,0.892375164263687,-0.010320042596851237,0.8923751642636871,-0.908660888671875,0.8793374195836077,-0.23467366280404356,0.9527960975728351,-4.079595214031336,0.7923194145017811,-0.2594268456001836,0.792319414501781,0.006253315596892461,1.0095810301363524,-134.5771578201461,0.942336686288868,-0.014843848652878577,0.9910264489323108
Train257.csv,0.0,0,0.07096344528758328,0.1266462872867237,0.029045025041153093,,,,0.2079010009765625,0.32958984375,0.07860775892633892,3.364234831594797,8.788850951377833,1.903977099520533,13.707121419423276,39.94900826784266,8.519908072698128,,,,0.0,0.0,0.0,0.0,0.0,0.0,1.7218097041318001,2.8882242459688485,0.9345103112612806,1.2084707231770198,2.2011140919017067,0.5106056740901179,,,,6.1595916748046875,12.59765625,3.0267205048640515,5.063388989732816,9.293451391661588,1.4984745032045854,18.8700551556842,36.611217343561925,9.522220128387634,,,,0.0,0.0,0.0,0.0,0.0,0.0,1.9366416379716456,2.9846624160038013,0.6768833430940171,0.053839119384964156,0.1351480999732945,0.025998915621595117,,,,0.20294189453125,0.390625,0.09077376536704009,4.197108924088679,10.712942062881892,2.136121652762284,13.622292046395826,44.53468945211733,8.232887740001892,,,,0.0,0.0,0.0,0.0,0.0,0.0,1.7285431773434188,2.9583491041398777,0.9247688372807503,1.362768042576396,2.312573289998576,0.5783469413377221,,,,7.1887969970703125,11.5966796875,3.3777960008553336,5.156411553786691,11.478035665855103,1.9123439774626383,19.636598576849835,68.64884802651775,12.820649574902536,,,,0.0,0.0,0.0,0.0,0.0,0.0,1.8900772237479049,2.9991955188213164,0.7706437908348295,0.01712432590261912,1.3180647473108837,,,0.0049591064453125,1.0244360902255638,-0.8328740924938822,0.8015600482242131,0.08482937302744986,1.0062272466878945,,,0.0,,0.0,,-0.006733473211618657,0.9961045386080738,-0.1542973193993762,0.8867765352732606,,,-1.029205322265625,0.8568320509418944,-0.09302256405387421,0.9819598255330179,-0.7665434211656361,0.9609635335689279,,,0.0,,0.0,,0.04656441422374069,1.0246362495874144
Train258.csv,14.108369008496162,951,0.44979900087706565,1.0128306240518752,0.2148759304319362,0.03188171507324436,0.07178934882139397,0.015230387743794932,2.696990966796875,5.8837890625,1.4571078995570423,5.956780727016229,10.104634393146771,1.651861051160549,7.95247047813592,30.386676366983796,6.114094183255891,0.5636704337224867,2.153805046400808,0.4333664776966025,0.9192781739499364,0.9904657617236473,0.08189133469996132,742.9398073983839,1900.8947855360118,400.2282576929663,0.7240421780413564,1.9908649389703919,0.400500767538657,1.62198721619069,3.0918645218794434,0.5692676849520409,0.11496631646180488,0.21915109535464378,0.04034964527857357,8.767318725585938,16.9189453125,2.8734625146397637,5.720980991784038,11.684830180256684,1.7189770672618156,15.481867596257967,89.38876930268104,14.748974753486497,1.0973534635317996,6.335868394769833,1.045406080930018,0.6388206770436643,0.7700291582336748,0.0872409488460354,2477.2227017167997,4965.338716920259,968.1119711805817,1.5638756459656675,2.753973512309935,0.44304961971517753,0.48856559449405224,0.9107688593941907,0.1932708361092181,0.03462948794434243,0.06455521958957262,0.013699020488677964,2.808380126953125,5.43212890625,1.2025394930861226,5.980901526780606,9.814707409053513,1.673267752395714,6.8095182821758105,18.15731026210963,3.8928606479123165,0.48265807890870094,1.28698861301226,0.27592563290398825,0.9343547853819548,0.9885129697820825,0.03942299916882252,828.1809902960325,2182.5587459808808,477.5193758104655,0.7193502340867659,1.7262536834777762,0.3657068441611246,1.678707041111621,2.6956048889789717,0.43002252412111425,0.11898661284665091,0.19106424614749296,0.0304799600763314,9.333038330078125,16.6015625,2.4461603368747333,5.753900985008079,11.883944311250387,1.6183567299510633,16.2772110403807,46.264973403959964,10.111645538245877,1.1537273394662733,3.2792573951034925,0.7167125790484054,0.63231993052248,0.7453770411682061,0.08714527979745551,2635.876606746444,4832.153027035465,989.7079282619435,1.65976542272775,2.697278097833111,0.4383118471418534,-0.03876659361698659,0.9206522234601222,-0.002747772871098071,0.9206522234601223,-0.11138916015625,0.9603368649823417,-0.02412079976437731,0.9959670294425729,1.1429521959601097,1.1678462629216861,0.08101235481378577,1.1678462629216861,-0.015076611432018439,0.9838641470371928,-85.24118289764863,0.8970742097483072,0.004691943954590494,1.0065224750507618,-0.05671982492093086,0.9662121957364451,-0.004020296384846023,0.9662121957364451,-0.5657196044921875,0.9393852693533884,-0.03291999322404138,0.9942786653246528,-0.7953434441227323,0.9511376093761005,-0.05637387593447363,0.9511376093761003,0.006500746521184264,1.0102807869994115,-158.6539050296442,0.9398098133184328,-0.09588977676208255,0.9422269102313916
Train259.csv,4.465424891227492,301,0.21659017427663227,0.38924168746172216,0.08666548818954635,0.04850382204437756,0.08716789486850472,0.01940811687591123,1.6681671142578125,4.60205078125,1.1125681474484514,7.139193365892373,13.726268855840317,2.876205676926732,17.11328940198715,51.418271513913965,13.26507427753641,3.83239889122464,11.514754534317046,2.9706186086784676,0.8234391122417452,0.9646124297007153,0.13435744449917958,358.8545602093841,686.2108890266778,180.55630406805673,1.1948904973028769,2.556383384074799,0.5986110015105512,1.2361372153383594,3.0315934384840295,0.6171369048658081,0.2768240974709486,0.6789036905401136,0.1382034005494524,6.6799163818359375,17.5048828125,3.4210732317289274,5.864969837195321,15.878876657466595,2.8642167305618385,41.543473718255115,225.4998446637017,55.2525532913987,9.30336412104231,50.49907907010266,12.373414543360601,0.3641986615184387,0.5938652948872171,0.05552228507618794,1836.728759088795,5474.0476765174635,1360.4530157700096,1.9405020995646693,2.952091627968967,0.5509688174599183,0.20965178482017527,0.5942530257966872,0.10082264016678766,0.0469500192987334,0.133078719331753,0.022578509911757288,1.657867431640625,6.4208984375,1.2158964412861677,7.362087329058937,12.72401229569055,2.6673028626584436,14.856540464482878,44.812286835590584,10.890764489704273,3.327016090600729,10.035391463783466,2.4389088955677254,0.8434700030775444,0.9658230836628682,0.09596054884257547,378.4838203059894,1043.5180889571961,224.7093320537307,1.1013329274872192,2.578892000639484,0.510974259873009,1.3920766578763188,2.5572378890345298,0.5398637518554683,0.3117456214773895,0.5726751543975864,0.12089863003094119,7.3726654052734375,12.8173828125,3.2764475230943644,5.479952915662049,10.182003938495011,1.7437251536218965,33.649723576262005,197.4119133696356,39.789864720227555,7.535615175695428,44.20898753833242,8.910655915049956,0.3517156088217829,0.5264045933901199,0.06772202802106152,2060.5971797068305,5507.560647105569,1426.6228981146128,1.9629052841372805,2.970747935133737,0.5770155679342865,0.006938389456457,1.0330948265592315,0.0015538027456441575,1.0330948265592317,0.0102996826171875,1.0062126092959043,-0.2228939631665643,0.9697240805217322,2.2567489375042715,1.1519027220973428,0.5053828006239107,1.1519027220973428,-0.02003089083579923,0.9762518041391951,-19.62926009660532,0.9481371222665851,0.09355756981565766,1.0849493985702552,-0.15593944253795944,0.8879807073441971,-0.034921524006440885,0.887980707344197,-0.6927490234375,0.9060381849226471,0.38501692153327216,1.0702591659926255,7.8937501419931095,1.234585883717681,1.7677489453468826,1.2345858837176813,0.012483052696655839,1.035491892834876,-223.86842061803554,0.8913575041144692,-0.022403184572611146,0.9885867215531708
Train260.csv,8.871508587887178,598,0.20440627108702697,0.5282481174182699,0.09486003487785816,0.023040756717083673,0.059544339295294145,0.01069266111147956,1.023101806640625,5.2490234375,0.9085193078524662,4.632761711960173,10.585518587110165,1.5726527610688985,6.0312900887178635,30.523720814648037,6.145179289229681,0.6798494336073526,3.440646031310162,0.6926870698879869,0.6949926998804046,0.9673266545995124,0.1819352477786049,333.0455140846946,991.5392541752744,228.0095412626724,0.6334840056957687,2.8760459458593797,0.5161688394975305,1.4907377661448042,2.6060837158608265,0.4508207551679705,0.16803655786121893,0.293758799875263,0.05081669602208402,7.7953338623046875,16.83349609375,2.7376595582071026,5.500495132052746,14.942966586394432,2.0673095846272576,20.971562093723037,192.03766793992645,31.487083931803838,2.3639228757955344,21.646562818202916,3.549236707587153,0.6204525343910419,0.7888440759252323,0.05056550840186374,2578.406542932586,4183.907718744726,981.7295129356518,1.7453200479116777,2.9497118382015253,0.5016194330437834,0.20931787307801272,1.0678907897556151,0.16364097314556375,0.023594394460014097,0.12037307738321674,0.0184456760115177,1.065826416015625,6.33544921875,1.083663847934595,4.808892756784896,10.188094510926387,1.6367657183936206,5.832771176803768,28.59626308293655,5.398020426657587,0.657472302373422,3.223382224076388,0.6084670237515003,0.6915426172886299,0.9503640777705424,0.21676149267092554,314.108319485929,1586.0365688975912,275.2139120036791,0.6162359103587597,1.5891411767389514,0.359467158424224,1.6244985331009456,2.794176064822085,0.4309652565546523,0.18311412506763217,0.31496064475856417,0.04857857626864905,8.758926391601562,12.060546875,2.342275283453506,5.463073300678511,8.008644787548178,0.9702529744983637,17.09017960525877,39.00493062486114,8.331048020143776,1.9264118876684684,4.39665139682297,0.9390790684144379,0.6065026050671958,0.7306340033910601,0.04243422244098969,2745.20119203951,4329.034854451353,995.3858003039734,1.781699155142034,2.999424409101023,0.5117483767005194,-0.004911601990985753,0.9765352001777927,-0.0005536377429304247,0.9765352001777928,-0.042724609375,0.9599141016463851,-0.1761310448247233,0.9633738879753101,0.19851891191409532,1.0340350934224167,0.02237713123393059,1.0340350934224163,0.0034500825917747058,1.0049889659805806,18.937194598765643,1.0602887393423974,0.017248095337008995,1.027989435615603,-0.13376076695614136,0.917660272243638,-0.015077567206413234,0.9176602722436381,-0.963592529296875,0.889987369888071,0.03742183137423538,1.0068499595950118,3.8813824884642685,1.227111860619062,0.437510988127066,1.2271118606190623,0.013949929323846089,1.0230006090778465,-166.79464910692377,0.939241375243974,-0.03637910723035631,0.979581790154996
Train261.csv,12.669345040226839,854,0.267540721454423,0.6836101639003186,0.11580904544784403,0.021117170667066528,0.0539578140566672,0.009140886532029482,1.4957427978515625,5.9326171875,1.2190960199371017,5.1625816015586,10.517107781049651,2.070752791689166,5.9337150081928725,23.242755847069756,5.148254473230788,0.46835215154000037,1.8345664888966988,0.4063552185913638,0.8151375186824393,0.9823742973725919,0.11475433085083654,462.62368806189875,1739.1314289437635,320.80697255506095,0.62387362079114,2.3474768632664116,0.4608722429671301,1.2077703638034418,2.9518798191064333,0.6230578151876949,0.09533013427044665,0.2329938769315877,0.04917837608885102,6.259918212890625,17.1630859375,3.556118244262736,5.44248357054698,13.867967710153708,2.6598163946799507,24.298540046692054,66.27306260494416,17.593808280426337,1.9179002521078234,5.230977796762063,1.3886912247289565,0.5908674957778308,0.731964198778957,0.14221225609628863,1758.8281824521555,4954.786757347505,1377.9772361530277,1.76799675787304,2.972596177473418,0.5981691914469035,0.3076811308490196,0.9273277917660253,0.19075040939871366,0.02428548041529309,0.07319461178313776,0.015056059235347679,1.772308349609375,7.97119140625,1.7302644296302485,5.260638051741802,10.741680444225379,1.9030683571529121,5.824101136639364,32.29940559778933,5.910512893238451,0.45970025428679034,2.5494139985322417,0.4665207928643346,0.8264862260834653,0.990493551595631,0.12571960804409565,549.4698902956393,2444.9917966893927,496.0892430260601,0.6217368186116806,1.3466565701376487,0.33105633880283686,1.2961166328970977,2.498130734298458,0.5169600015678726,0.10230336523172719,0.19717915380523335,0.04080400367394341,7.1506500244140625,16.83349609375,3.8563832374079774,5.534171488753676,10.971240407755998,2.5571728599726815,22.482264650950405,69.34703505310287,15.508520202198303,1.7745404028042695,5.473608527742902,1.2240980218753779,0.5729159072905723,0.6972927071080866,0.1553531802926257,1801.725131699698,5079.655631788899,1441.7341402211084,1.7379879443856914,2.9966696686800742,0.5798423215222884,-0.04014040939459662,0.8695389305030419,-0.0031683097482265617,0.8695389305030421,-0.2765655517578125,0.8439517864829962,-0.09805645018320241,0.9813603503569808,0.10961387155350888,1.018820736278759,0.008651897253210028,1.0188207362787587,-0.011348707401026004,0.9862687277260445,-86.84620223374054,0.8419454755072868,0.0021368021794593295,1.0034368274734489,-0.08834626909365584,0.9318377167213856,-0.006973230961280538,0.9318377167213856,-0.8907318115234375,0.875433448919712,-0.09168791820669675,0.9834324038579177,1.8162753957416484,1.0807870303076816,0.14335984930355394,1.0807870303076816,0.01795158848725853,1.0313337232547006,-42.89694924754258,0.9761911800569297,0.03000881348734863,1.017266410612506
Train262.csv,14.108369008496162,951,0.42961112902048215,0.9822024257665494,0.20252193122917742,0.030450800426453775,0.06961842472188387,0.014354737326987778,2.625274658203125,7.373046875,1.5064866899846363,5.951774538292353,11.163705379941552,1.7812863911366585,7.595298199853814,35.47797522109822,6.534449999047379,0.5383540928990354,2.514675877823519,0.4631612623055356,0.9181147022710163,0.9906286409609839,0.07512830315886834,689.3721905195991,1425.8621428311922,353.8546606249044,0.6236360779098602,1.4103294147984515,0.27529350450597,1.39866843781649,3.4984625181229556,0.6487598730047367,0.09913750037117697,0.24797072687963834,0.04598404483282574,6.9576263427734375,13.29345703125,3.1922633719293954,5.136812812044269,12.231640307342293,1.9999733347015944,17.91867742949194,105.43536068625536,17.54280104403637,1.2700743380543265,7.473249432500768,1.2434322516991134,0.6368463421475408,0.7125540668875163,0.07651559124952828,2014.373297499183,4106.738460443645,1164.354542020913,1.6078962391810099,2.6713223552227023,0.48600084119068737,0.48669257493869844,1.0518830347915922,0.19768889626994823,0.0344967284769493,0.07455738038593551,0.014012172218553297,3.015899658203125,7.9833984375,1.6632750261435791,6.2275558372361814,11.334729268738917,1.991113437296975,8.391665831480537,37.28938408736794,8.104638202276822,0.5948005631570181,2.643068384794302,0.5744560691172843,0.9393367490009191,0.9866200762535309,0.03759616090971754,865.4922379807002,1624.7411675773124,395.3603200106482,0.7411666189809427,1.5851604094468643,0.2982996586416757,1.55522691773227,2.7815876712909433,0.6304539611518367,0.11023435216329407,0.1971586984729313,0.044686523351648424,8.864974975585938,15.673828125,3.272983911048143,6.267038227209359,17.85632505364831,2.9639464762170578,17.715967093869775,66.59646066325293,12.783259295600235,1.2557062466399262,4.720351489470403,0.9060763358189784,0.6220856592134029,0.7325975419998634,0.0940775037899506,2219.8563731216536,4218.778220119515,1195.7007940594444,1.5463112164265471,2.6057224854488594,0.4958038030532668,-0.05708144591821629,0.8827156014751077,-0.004045928050495522,0.8827156014751077,-0.390625,0.8704781178851505,-0.2757812989438282,0.9557159652756769,-0.7963676316267234,0.9051001734793555,-0.05644647025798277,0.9051001734793553,-0.0212220467299028,0.9774074135261134,-176.12004746110108,0.7965088076676334,-0.11753054107108252,0.8414249400051508,-0.15655847991577998,0.8993339954891835,-0.011096851792117099,0.8993339954891835,-1.9073486328125,0.7848444425319506,-1.1302254151650901,0.8196555734640274,0.20271033562216445,1.011442239339692,0.014368091414400208,1.0114422393396918,0.014760682934137903,1.023727733818526,-205.48307562247055,0.907434067307016,0.06158502275446276,1.0398270555760327
Train263.csv,19.43424122095686,1310,0.7040188808556396,1.2729596195008217,0.27388935332775194,0.036225694270814277,0.06550086545844297,0.014093133362593244,3.664398193359375,12.58544921875,2.0997522826685793,5.0475021787463845,10.579324256194042,1.2320740050250754,4.441428587094081,9.830239906992125,1.4970500488737288,0.22853624880937873,0.5058206181156027,0.0770315666998817,0.9340692528402241,0.985161881492534,0.05277593409687798,1212.037414608377,3964.764427643926,794.3532777059551,0.5208674050702199,1.9481031673277331,0.3238298245610234,1.2668574110448247,3.3836570923186757,0.7227359026111407,0.06518687283137725,0.1741080114138914,0.03718878933291105,6.841278076171875,17.3095703125,3.371718619367741,6.09036667953565,10.61175591669627,2.0819053994998,19.964098655349282,85.86583028140969,15.955564760202664,1.027264117408456,4.418275419408529,0.8210027126244077,0.6319930565072323,0.7536661690237115,0.10077173280441687,1780.2072622542998,4824.5422061246545,1340.7010939663849,1.6255475880276062,2.9873584882236797,0.6201262776911417,0.705112658125886,1.162093731430291,0.2425884181735981,0.03628197520598487,0.05979619776341721,0.012482525837540987,3.614044189453125,9.11865234375,1.57510896476817,5.05173212615386,10.298149263807204,1.3495429454920065,4.493992392298896,9.984935299363839,1.3889428357645728,0.2312409494769887,0.5137805580285075,0.07146884820318121,0.9266479528876386,0.9801067187490976,0.07467402415201609,1124.7182225338158,2250.447634512706,547.3658772312366,0.4972680914169533,0.8993425834189935,0.16750647733525342,1.4564129636588843,2.584315468357336,0.6013470529918361,0.0749405622324151,0.13297743086416705,0.03094265663139836,7.674407958984375,13.07373046875,3.464584500952764,5.40673536816141,9.846914177572733,2.20236334826415,21.759292678751052,94.9503539696252,17.715536655557948,1.119636852880419,4.885724782876306,0.9115630733478006,0.6415291223937742,0.7528567898194616,0.06469126721888994,1880.4895033614255,5471.702078121843,1415.0435997382933,1.614243844779336,2.9460681573620304,0.695120479716917,-0.0010937772702463988,0.9984487907603963,-5.628093517059257e-05,0.9984487907603964,0.05035400390625,1.0139328689043698,-0.0042299474074756205,0.9991626738509003,-0.05256380520481496,0.9883035393440162,-0.0027047006676099716,0.988303539344016,0.007421299952585558,1.0080087588058217,87.31919207456122,1.0776365051486803,0.023599313653266618,1.0474579287523174,-0.18955555261405954,0.8698476617937764,-0.009753689401037852,0.8698476617937763,-0.8331298828125,0.8914405010438413,0.6836313113742403,1.1264406827454387,-1.7951940234017698,0.9174975928719016,-0.09237273547196301,0.9174975928719017,-0.009536065886541989,0.9851354123239807,-100.28224110712563,0.9466722675516835,0.011303743248270326,1.0070025004492524
Train264.csv,3.7681658550557575,254,0.10000882134621718,0.4262954336994287,0.06549744731845698,0.02654045102925475,0.11313075116570759,0.017381784623566633,0.43487548828125,4.39453125,0.7241336438151886,3.810619073499032,10.308651940894316,2.017527495326829,7.6271321111595,31.33332027225218,8.018980456869052,2.024096710320263,8.315271003852494,2.1280858553797377,0.242192919130274,0.9737748037615485,0.22750843740425675,67.5573055756552,815.5004899632545,136.96969891043008,1.1475733281977898,2.8996523945931574,0.8246923783100958,1.189959772331586,2.9288096066269302,0.6309287626720059,0.31579283346432696,0.7772507154103472,0.16743656912698981,5.9612274169921875,17.19970703125,3.742899293160294,4.8245053773935815,8.732758189768122,1.8538044572140306,30.427521498137544,227.91501394919317,43.96699598056239,8.074889128702461,60.4843371327191,11.668009761717828,0.3316112508230328,0.5731621870266764,0.09067500373793749,1747.2060766037787,5074.77751370488,1364.112964139813,1.971669387007812,2.9979531413012186,0.7322057584324921,0.09153145169444973,0.5848271084699959,0.09301303171027409,0.024290717345055758,0.1552020614181119,0.02468390067955164,0.4764556884765625,4.89501953125,0.8204149248971969,4.673007560543979,12.003821055052402,2.200719663016703,7.9349125498538555,32.79525440978904,7.330850736817624,2.1057758217323594,8.703240693555875,1.9454692332562282,0.2606810674101763,0.9839715284646129,0.21223084962113406,91.50753757243123,1380.4106337248363,233.59507982431035,1.2294204314577888,2.802984797824209,0.7394676541693933,1.286780913018403,2.4818938959651686,0.5225854224396026,0.3414873342934005,0.6586477324598665,0.13868429430685714,6.874847412109375,12.2314453125,3.4313884471743545,5.565932125343998,15.187040306037522,3.033172537979603,36.05572760046253,264.5691041399037,55.42101674647592,9.5685086557659,70.21163991094784,14.70769039322338,0.3406082055054849,0.5792784722792446,0.09693007439521073,1861.6718901575439,5161.483387151977,1463.6798014506471,2.011561669703926,2.9991936322162034,0.7378964005793559,0.008477369651767444,1.0926170130029904,0.002249733684198993,1.0926170130029904,-0.0415802001953125,0.9127301841473179,-0.8623884870449472,0.8154532223901307,-0.3077804386943557,0.9612118675838432,-0.08167911141209627,0.9612118675838431,-0.018488148279902333,0.9290775181198272,-23.950231996776026,0.7382703913563554,-0.081847103259999,0.9334262704883238,-0.09682114068681691,0.9247570897988349,-0.02569450082907354,0.924757089798835,-0.9136199951171875,0.8671068693818667,-0.7414267479504169,0.8667919889690366,-5.628206102324988,0.8439025786778801,-1.493619527063439,0.8439025786778803,-0.008996954682452096,0.9735856196737832,-114.4658135537652,0.9385145072238918,-0.03989228269611411,0.9801685012709624
Train265.csv,13.781992438373225,929,0.40102879322992135,1.556250663358861,0.37304813205001414,0.02909802737326544,0.11291913490140872,0.02706779398683572,2.2182464599609375,7.8857421875,2.06509146474376,5.5350010126076565,12.048015423478931,2.167356375228357,6.698211124785546,24.483733370535035,5.914384428102077,0.4860118124964069,1.7765017271642767,0.42913856284194773,0.8236283882900892,0.9936025681023584,0.15376416623366715,806.3598754828497,3897.6370327306595,1010.471409540828,0.6941206444284393,1.7055058797494222,0.3740491173515108,1.3637570851140164,2.839115532194478,0.5793585633131306,0.09895209935806562,0.20600182048348276,0.04203735895979899,7.0720672607421875,15.8203125,3.47446561832118,5.628361184315757,19.15706348272271,3.24644117412429,39.97425231043598,266.20736001256785,67.04825246867759,2.900469760753576,19.315593242626242,4.864917229383686,0.6153652617120842,0.7243607983071071,0.1248262479372811,2109.204332747931,4692.801311433831,1388.1562625312597,1.699122850877584,2.9545944364781107,0.5550277321478121,0.33596535324836874,0.8106757555610786,0.15377253236379565,0.024377125060157476,0.058821375732576425,0.011157496497795669,1.914215087890625,4.248046875,1.1330714320355948,5.675268958543824,10.895148382193023,2.2180673408837683,6.443427799753701,22.720466646322986,5.199670275542511,0.4675251295170686,1.648561827901048,0.37728001221833934,0.8564264090300406,0.9810503251680731,0.11164776290604767,613.252668189675,1874.865504567058,410.12164748439403,0.6424165383258977,1.620907761985745,0.31485941029069475,1.4421402832645658,2.244415621595716,0.5784396342156654,0.10463946266936064,0.1628513171540122,0.0419706828894431,8.0322265625,24.2919921875,4.416412344131571,5.505386543515163,13.393375498996889,2.5990624429006113,37.04485504281021,240.53674862134392,61.93521987811873,2.687917237544418,17.452973486737452,4.493923513241263,0.5954150504869735,0.7335161784874586,0.1589984474821435,2241.1188273598227,4179.854483089787,1404.9383198329278,1.7037328811755916,2.836582913129291,0.5202967346089082,0.06506343998155262,1.1936611598561273,0.004720902313107966,1.1936611598561273,0.3040313720703125,1.1588282184137106,-0.14026794593616732,0.975284352695743,0.25478332503184475,1.0395415814299314,0.01848668297933831,1.0395415814299311,-0.03279802073995142,0.9617036322162259,193.10720729317472,1.3148901216577307,0.051704106102541614,1.0804837718488376,-0.0783831981505494,0.9456480072984899,-0.005687363311295018,0.94564800729849,-0.9601593017578125,0.8804616261398176,0.12297464080059406,1.0223371492316824,2.9293972676257667,1.079077034158737,0.21255252320915785,1.079077034158737,0.019950211225110648,1.0335063939159648,-131.91449461189177,0.9411390003058002,-0.004610030298007661,0.997294158991152
Train266.csv,5.044001538263612,340,0.11668221332154236,0.17705473014354003,0.0341991493702913,0.023132866323769992,0.035102037301219934,0.006780162359360481,0.455474853515625,1.0986328125,0.21892906208627594,3.877831815132732,7.403593660961648,1.2169360078609965,5.03301375679052,17.28527024031033,3.8774654591659203,0.9978216141708645,3.4268963062728863,0.7687280485050627,0.3433664253827891,0.9734379469738503,0.274594617697888,98.45121992252864,228.86167309486396,62.782886205056485,0.6826341258241229,2.1353146536982033,0.4845904116591306,1.401975059934846,2.9613257483233935,0.5499454139162591,0.27794897549089037,0.5870985022226667,0.10902958885805114,7.3513031005859375,15.869140625,2.7321393109833285,5.599461739805297,15.516579491742359,2.1137960852890747,63.82120014983424,780.9944747064804,165.6566172271206,12.652890699118338,154.83628797134276,32.842301091793,0.3522846833957486,0.48278555188484545,0.05145203819731921,2417.2013777684947,4835.449225864684,1218.5954355688211,1.7577878480804077,2.896108896966186,0.4913252730327797,0.10796316591021488,0.19103005477603754,0.038930781415325265,0.02140426902950172,0.03787271937307919,0.0077182334541331474,0.440216064453125,0.9765625,0.17940436477996238,4.207312143281788,9.152042849558175,1.2269954657206066,5.957226301958208,43.942999251915055,7.531132510916409,1.1810516425831568,8.711932167063207,1.4930868783019817,0.3629410774477375,0.9868265584193764,0.2612202932151088,103.76493878891287,385.7599130584715,84.8721059019492,0.8108786604961677,2.4969341787644646,0.5446297578808779,1.4759891639217089,2.7475097825463677,0.611531130517443,0.2926226633209583,0.5447083554007386,0.12123928311250305,8.143997192382812,11.572265625,2.307621553845095,7.091121337819116,29.872537499394785,5.733903431744083,63.367353570249925,577.9076127764056,135.32222652366582,12.562913212763217,114.57324277013389,26.828347592108436,0.3599699995202311,0.4655464902889899,0.04238378803531775,2540.0626149766326,4647.732361103288,1325.7567588424474,1.8283700481095395,2.979535934592937,0.5276108834137312,0.00871904741132748,1.0807594640062563,0.0017285972942682713,1.0807594640062563,0.0152587890625,1.0346620450606585,-0.32948032814905615,0.9216886418386693,-0.9242125451676877,0.8448585804329964,-0.1832300284122923,0.8448585804329964,-0.019574652064948406,0.9460665841337094,-5.313718866384235,0.9487908061393084,-0.12824453467204489,0.8418449751858392,-0.07401410398686292,0.9498545749548681,-0.01467368783006795,0.9498545749548682,-0.792694091796875,0.9026652302215561,-1.4916595980138192,0.7896440454264486,0.4538465795843152,1.00716215139206,0.08997748635512082,1.00716215139206,-0.007685316124482533,0.9786501204691348,-122.86123720813794,0.9516306265508072,-0.07058220002913185,0.9613961079147457
Train267.csv,17.743017175774355,1196,0.6626187091581905,1.3284407184304299,0.26040504473907367,0.037345323097748274,0.07487118483119277,0.014676480451961736,3.736114501953125,9.08203125,1.600224172719991,5.740685582393779,9.24722996304693,1.7614261930732447,7.134962583528001,33.79385046503013,6.341386490225565,0.40212791955529464,1.9046281773976401,0.35740181207082716,0.9309089056993988,0.9843725339262338,0.08891499725571052,1037.158431777146,3118.8579658708486,658.197426694879,0.681261499492333,2.238434855975221,0.47102587072435,1.3549740290331829,2.3743659038826346,0.509630624054898,0.07636660752846552,0.13381973766696817,0.028722883994652747,7.4432373046875,13.09814453125,2.7677222586542163,6.1351882033008485,18.415537287526142,3.3632786967789183,27.946529249776837,270.2936076873194,56.39140050591864,1.5750719831311426,15.233801839315587,3.178230621504066,0.6566753099807925,0.7485870302842021,0.07097631854540923,2288.5157076653545,4719.072411829256,1296.5963832432576,1.535373764326156,2.5283037383377946,0.4833922688697844,0.8285927565039508,1.791474057996688,0.3601987858204898,0.04669965363248817,0.10096783654375868,0.020300875677012345,3.946685791015625,7.3974609375,1.3016970130904815,4.984658502976826,8.116754808469192,1.1373367678614068,5.355475678820204,13.002031093972105,2.3892765961675857,0.30183568137060524,0.7327970753319558,0.13466010726911845,0.9464895176044205,0.9943451684768162,0.05125274011307842,1749.9512023150087,6651.021378158011,1405.1211014636062,0.5724344280981507,1.492876989182792,0.30002640827269533,1.9313812778945851,5.885398702819101,1.123294877696367,0.10885303546522065,0.3317022490884359,0.06330912417928959,10.48583984375,34.9609375,6.282915671439967,5.4976279831008,7.873479172990818,1.1177170936080445,16.537717819822472,61.55309367876894,12.213368176715594,0.9320690870097588,3.4691446820449006,0.688347875433005,0.6183144312697725,0.7312469677567618,0.10533400157312904,2554.920261665249,3926.958884518713,1204.0750687887512,1.562955637317742,2.3142545637898513,0.41345055137404474,-0.16597404734576027,0.7996916506414464,-0.009354330534739892,0.7996916506414463,-0.2105712890625,0.9466460467813648,0.7560270794169526,1.1516707872696705,1.779486904707797,1.3322742948390744,0.10029223818468941,1.3322742948390744,-0.01558061190502169,0.9835385267187571,-712.7927705378627,0.5926784874944456,0.10882707139418224,1.1901127291657632,-0.5764072488614023,0.7015569864642425,-0.03248642793675513,0.7015569864642426,-3.0426025390625,0.709837019790454,0.6375602202000481,1.1159700551146512,11.408811429954365,1.6898661323317243,0.6430028961213838,1.6898661323317246,0.03836087871102001,1.0620410535012776,-266.4045539998947,0.8957288186261213,-0.027581872991585987,0.9823527473633734
Train268.csv,12.491321456523417,842,0.26497807344117597,1.0688028408952714,0.15842134216297252,0.021212973692450683,0.08556363268812557,0.012682512632019345,1.2142181396484375,7.5439453125,1.1947660458312457,4.280838509025484,7.1962100984668655,0.9304012016773576,4.013488562812798,17.505490099324444,2.755813783322662,0.3213021598060635,1.4014121852722352,0.22061827428862435,0.7891823238015908,0.9848952733613003,0.15719753535677167,405.72420172466195,2168.6884677748803,349.09652168046256,0.4945722854844894,1.3478269581434679,0.29085307521674525,1.423236637011828,2.272550190155227,0.43683552805658443,0.11393803625704968,0.18193032643223023,0.034971122116824016,7.479095458984375,12.56103515625,2.9579097658193803,5.223524781390223,8.978142744297962,1.631384219179694,18.771632066761693,110.99835781576307,20.114119045577336,1.5027739164424812,8.886038054668406,1.610247491875491,0.6239248647264175,0.7174106852954643,0.15139059820061063,2404.9746258584833,4415.1990381194,1200.175852628919,1.6571434021352456,2.9800188372479397,0.5394337301392922,0.23931902633595853,0.4569499440701233,0.07829190349296272,0.01915882376167475,0.03658139338264228,0.006267703842660768,1.026153564453125,2.81982421875,0.5078306332431739,4.244308219556668,8.642699986077117,1.206627083171845,3.8090377914469866,17.68492390274008,2.7116046149485435,0.30493473446380404,1.4157768627036955,0.2170790836170857,0.7853574998580446,0.9755199704320301,0.16512299369762037,348.70280681359554,922.1038750169757,175.4498113236642,0.4937268915742459,1.3222483642628349,0.3236956278603431,1.4892713209958297,2.7151574701408654,0.5727273922026992,0.11922448126719841,0.21736350950466593,0.04585002429055257,7.6961517333984375,12.75634765625,3.1603453199657823,5.244034757696745,10.705030753950112,1.6344425935634765,20.175400217352422,98.34273260516825,20.1073920120049,1.6151533917026928,7.872884622131803,1.609708955292644,0.6105909220147834,0.6929687255214039,0.15171902585658464,2536.8433746884434,4141.326881084394,1333.197349280664,1.7483585771902628,2.993534678681747,0.5578742837549642,0.025659047105217436,1.1072169124956952,0.0020541499307759337,1.1072169124956954,0.1880645751953125,1.183271375464684,0.03653028946881598,1.0086068889390487,0.20445077136581125,1.0536751753487181,0.01636742534225949,1.0536751753487181,0.0038248239435462184,1.004870169246792,57.02139491106641,1.1635243359011678,0.0008453939102435193,1.0017122703354238,-0.06603468398400181,0.9556597357022585,-0.00528644501014873,0.9556597357022583,-0.2170562744140625,0.9717967781908302,-0.020509976306522404,0.9960888939043702,-1.4037681505907287,0.9304217940924226,-0.11237947526021164,0.9304217940924228,0.013333942711634128,1.021837767694999,-131.86874882996017,0.9480185690036322,-0.0912151750550172,0.9478281078921428
Train269.csv,13.44078056960833,906,0.3496465795664918,1.2229634164206744,0.25413336692953603,0.026013859668023775,0.0909890173481429,0.018907634539036412,2.2464752197265625,12.7685546875,2.7756328429669175,5.194604376922015,10.586086476613216,2.095890255750987,7.678568880807411,33.79335172908687,8.450161243714785,0.5712889099737135,2.5142402670793413,0.6286957219450406,0.8189012597603111,0.970609691540894,0.13059250706497533,562.0108258360929,2107.3047061728234,515.1251738081239,0.7140700566729787,2.165384545392311,0.5697680106145362,1.460845032631315,2.920592592705707,0.5963003446739964,0.10868751446880323,0.21729337649553,0.04436500853397778,7.750701904296875,21.76513671875,4.377299472424735,5.083442334626753,12.59430876501297,2.072832965046729,17.571374341070367,85.68830579323418,18.606513039308222,1.3073179976467992,6.375247728319336,1.3843327731560775,0.6334885255606052,0.7435654180781142,0.12210104105816619,2397.7125793951327,4815.193281300337,1322.1508833546714,1.5724632586985874,2.989896536278308,0.5549456958449825,0.35610937741129267,0.9759455753985383,0.2143901411527929,0.02649469467692305,0.07261078107363059,0.015950721019697467,2.16522216796875,6.8603515625,1.9305323197408635,5.344420042065063,10.076904893055016,1.8123367540151494,6.328737370524085,17.878672920312027,5.140475737115129,0.47086085051000176,1.3301811474207423,0.3824536611168651,0.8427485158798418,0.987533060305747,0.12746487155492275,631.5135139243055,1984.780121141225,472.7850121726271,0.7333952160632662,1.7207810024819508,0.48007567720077066,1.6572499048612341,2.8251853940059797,0.5215590340119278,0.12330012355149451,0.21019503885021068,0.038804222069606056,9.041213989257812,19.287109375,3.769338001692383,5.337872159519818,12.434791948486971,2.2088831578432457,23.08702154507526,131.61098085013722,28.331666009050164,1.7176845813016663,9.791914998428727,2.107888441621643,0.6181649147143122,0.6947879328111595,0.10927839866811946,2626.8054973578483,4488.28683024914,1354.1394396723472,1.6101930524214147,2.998567507619195,0.541984869673588,-0.0064627978448008605,0.9818516493674454,-0.00048083500889927605,0.9818516493674454,0.0812530517578125,1.0375264270613107,-0.14981566514304756,0.9719678348700378,1.3498315102833267,1.213286068176905,0.10042805946371175,1.213286068176905,-0.023847256119530647,0.9717029983794944,-69.50268808821261,0.8899426749297666,-0.01932515939028745,0.9736497335038242,-0.1964048722299192,0.8814874741257779,-0.014612609082691283,0.8814874741257779,-1.2905120849609375,0.8572634066073161,-0.254429824893065,0.9523349721968701,-5.5156472040048925,0.7610931668584402,-0.4103665836548671,0.7610931668584403,0.015323610846292968,1.024788871839119,-229.09291796271555,0.9127864936352742,-0.037729793722827365,0.9765681551872993
Train270.csv,7.046766854927105,475,0.20243824476972488,0.4114655441746839,0.06674978474395606,0.028727819287533252,0.05839068506814396,0.009472398635877182,0.963592529296875,3.41796875,0.7521139784095802,4.395595414185915,8.907762638019344,1.6880085191727379,5.462857020379241,29.440073775350648,6.37430477637199,0.775228857835648,4.1778129433594255,0.9045715443125625,0.6692876748192045,0.9887846041328449,0.209933890586324,433.21164548711636,967.7866022111881,200.1517886678504,0.6078945297789058,2.224767671072347,0.42913496855039907,1.2706424407865546,2.9201818088946068,0.6119461830913773,0.1803156634731175,0.4144002304904998,0.08684070236600833,6.87408447265625,16.5771484375,3.440925276050087,5.840991964150497,11.584024911614595,2.426926966736766,33.26397144569112,115.58444139766654,31.85934428549715,4.7204586345059685,16.40247843829966,4.521129326596221,0.5392317269107727,0.598606616882093,0.03702104137077079,2158.958758086031,5293.668527786944,1553.508105300489,1.9681212570589157,2.9856368957837343,0.6169975585530739,0.1862917909098833,0.3004051185157235,0.0434698591889509,0.026436491336396056,0.042630205411958534,0.006168766483108029,0.7518768310546875,1.3916015625,0.25864181963143407,4.030535169421441,8.297050907509961,1.1105120470425787,4.1908579361733915,19.41467647164408,3.5246031432074894,0.5947206743817754,2.755118321825749,0.5001730887042309,0.679208844516862,0.9877805207307727,0.20883245852668353,390.9437844256812,848.9667479250104,161.95660005746078,0.580346305801596,2.2820867949042136,0.43232893318272736,1.3987196480656228,2.4908881043683695,0.6279735861703635,0.19849097846732883,0.3534795680982036,0.08911513593376286,7.5572967529296875,12.41455078125,3.485241514088131,5.7457681425494975,14.08854362774438,2.6359165315953437,30.814827218582202,110.82906273131351,30.969353986503634,4.37290290043248,15.72764716258801,4.394831647488073,0.5159667718997769,0.6284278130832689,0.11556153325642075,2264.2498762395785,5442.110949537649,1586.2259370864458,1.8817559567220843,2.9976077471767995,0.7067354207946719,0.016146453859841592,1.0866729219842663,0.002291327951137196,1.0866729219842666,0.2117156982421875,1.2815829528158296,0.3650602447644742,1.0905736408241977,1.2719990842058495,1.3035175860356871,0.18050818345387254,1.3035175860356873,-0.00992116969765755,0.9853930499024719,42.267861061435156,1.1081174909163194,0.027548223977309827,1.0474685953919516,-0.12807720727906813,0.9084325386747844,-0.018175314994211322,0.9084325386747845,-0.6832122802734375,0.9095956791681389,0.09522382160099951,1.016572861841715,2.449144227108917,1.0794794080698922,0.34755573407348805,1.0794794080698922,0.02326495501099579,1.0450900257110256,-105.29111815354736,0.9534984547163087,0.08636530033683143,1.045896121666741
Train271.csv,4.005530633326986,270,0.18366235212670518,0.5484406810787792,0.10731414056124818,0.045852190118979466,0.13692085550803676,0.026791491661146843,1.099395751953125,4.28466796875,0.9625717156301092,5.479621776930093,11.869411035550272,2.3128223652946898,9.390960009520484,46.291385433369896,9.427059655508938,2.3444983621858784,11.556867159675262,2.353510812543416,0.7299792678702162,0.9795976410911185,0.17803341719892968,288.9076381340171,1028.0329783032378,220.55202764647152,0.905825713663429,1.6278927251297441,0.395780235862687,1.2804979277991273,2.383714239500366,0.5194220009742149,0.3196824703186824,0.5951057319765042,0.12967620236192876,6.9042205810546875,12.890625,2.897465028902964,5.48866827639307,10.147032155990575,1.54821186412405,23.227486994474894,99.77767870124997,18.913273387598668,5.798853914938654,24.909977687119778,4.721789724995647,0.3374045544189232,0.3872607016663813,0.03340139420040179,2042.150731902574,4047.5391820119216,1160.5512404638341,1.9505923400627174,2.9737938692352874,0.54973211006647,0.1964004119138482,0.4789826430210251,0.08975718225902445,0.04903230804921305,0.11958032202669315,0.022408312524743398,1.33819580078125,4.67529296875,1.0618659171506868,6.057983612003393,12.888442003064439,2.2845692228003536,12.547242296491593,98.36675165029484,17.264972113106598,3.1324794253464185,24.55773295848985,4.310283379050418,0.7878095955711679,0.9684467921416589,0.1487045367108838,364.6540473096612,1001.6968156449166,211.2756582853725,1.0274982123362069,2.006309813912757,0.487652994630801,1.3935330281810225,2.017621456245934,0.4497978996230843,0.34790222713227803,0.503708906744798,0.11229421038018204,7.92083740234375,11.81640625,2.689843209067453,5.9733648872892395,13.198022878048622,2.4306560945379676,29.97446725089639,273.1381978622672,45.57016109365053,7.483270007100072,68.1902656266541,11.376810032232868,0.3503999647902152,0.5546139246538592,0.048996148917911174,2110.7309375533246,4013.328412144615,1148.8479042324298,2.061169069587259,2.984264208388555,0.5704645830915712,-0.012738059787143013,0.93514239780347,-0.003180117930233581,0.9351423978034699,-0.238800048828125,0.8215507411630558,-0.5783618350733004,0.9045289865216333,-3.156282286971109,0.7484481280915684,-0.7879810631605402,0.7484481280915682,-0.057830327700951756,0.9265935220565265,-75.74640917564415,0.7922787098224062,-0.12167249867277785,0.8815837368747017,-0.11303510038189524,0.9188859552690761,-0.02821975681359562,0.9188859552690761,-1.0166168212890625,0.8716528607204778,-0.48469661089616967,0.9188570227933742,-6.7469802564214945,0.7749090851241159,-1.6844160921614177,0.774909085124116,-0.012995410371291982,0.962912637907734,-68.58020565075049,0.967508788339339,-0.11057672952454167,0.9463524214698776
Train272.csv,10.933615099118477,737,0.19957535777757301,0.3422892049204429,0.05423610194849048,0.018253373286724148,0.031306132675919786,0.004960491242540929,0.9380340576171875,2.79541015625,0.6066945908557249,4.5941107196102315,11.978222770208928,2.3056444911345637,7.243665512972164,46.08970814470506,10.943006199021575,0.6625133084807592,4.215413449886401,1.0008589199288582,0.6847895072842498,0.9601600332790347,0.21403488350123975,261.20491072559844,528.2355459478642,116.18687093011384,0.7188194452737555,2.1132122956065382,0.5798778212976993,1.3138642857552219,2.336091444754163,0.4914953169364337,0.12016741707517692,0.21366139411131368,0.04495268147641859,6.923675537109375,15.29541015625,3.029718448264193,5.366566862849455,10.953332182388861,1.982121236500216,18.508251407935806,52.86157038953806,12.151026294445604,1.692784247492674,4.8347751324994075,1.1113457154189816,0.6220012913617792,0.7739076689582831,0.13138071473870272,2208.6876390399234,4050.1536364987815,1142.0873507557444,1.7787650262580872,2.986279691550462,0.5457355190322094,0.19848371498178263,0.3195033436646511,0.04976557462598431,0.018153530482135357,0.029222113707881584,0.004551612085740668,0.982666015625,2.783203125,0.5575370263304567,4.868697095391916,10.398426792475636,2.0129656537644673,6.308422749931547,34.828434816639316,8.189130222024811,0.57697501629083,3.1854454817462305,0.7489865106633451,0.7256224969618228,0.9530203237685452,0.2183393829215284,302.92421749714754,590.6430973206275,120.55452915172472,0.6993997399276803,2.367741926943843,0.4764971772972761,1.4734352582971189,2.6883236571040454,0.521416672312768,0.13476194698091343,0.2458769247621303,0.04768932028298739,7.671356201171875,11.82861328125,3.031787283801353,5.334877502081763,9.484833384134923,1.7292171475974694,18.41340005925884,55.3262081241633,12.02275675366497,1.6841090428309866,5.060193506228693,1.0996140475655032,0.6086401376184203,0.6989660755539592,0.14528971474730326,2428.7248122565325,4124.346087053763,1286.4010926697952,1.8000358308861126,2.998304894879717,0.5405493988239317,0.0010916427957903818,1.0054999111432925,9.984280458879072e-05,1.0054999111432923,-0.0446319580078125,0.9545807453416149,-0.2745863757816842,0.9436016719870348,0.935242763040617,1.1482530261705695,0.08553829218992914,1.1482530261705695,-0.040832989677572984,0.9437269518950412,-41.7193067715491,0.8622780736507409,0.019419705346075178,1.027766246164294,-0.159570972541897,0.8917014021190747,-0.014594529905736509,0.8917014021190748,-0.7476806640625,0.9025360517155644,0.031689360767691355,1.0059400353157735,0.09485134867696488,1.005151213158445,0.008675204661687363,1.005151213158445,0.013361153743358889,1.0219524689837913,-220.03717321660906,0.9094021800633015,-0.02127080462802544,0.9881831215451115
